:020000040800F2
:10000000B0B00020DD2401089D2301089F230108D2
:10001000A1230108A3230108A52301080000000073
:10002000000000000000000000000000A7230108FD
:10003000A923010800000000AB230108AD2301083B
:100040000125010805250108092501080D250108DC
:100050001125010815250108192501081D2501088C
:10006000B1230108B723010821250108252501082E
:10007000292501082D25010831250108352501080C
:10008000392501083D2501084125010845250108BC
:10009000492501084D25010851250108552501086C
:1000A000592501085D25010861250108652501081C
:1000B000692501086D2501087125010875250108CC
:1000C000792501087D25010881250108852501087C
:1000D000892501088D25010891250108952501082C
:1000E000992501089D250108A1250108A5250108DC
:1000F000A9250108AD250108B1250108B52501088C
:10010000B9250108BD250108C1250108C52501083B
:10011000C9250108CD250108D1250108D5250108EB
:10012000D9250108DD250108E1250108E52501089B
:10013000E9250108ED250108F1250108F52501084B
:10014000F9250108FD25010801260108BD23010844
:1001500005260108092601080D26010811260108B7
:1001600015260108192601081D2601082126010867
:1001700025260108292601082D2601080000000077
:10018000312601083526010881B002210846411EAA
:100190000028FBD1DFF8500A0188ADF80010BDF847
:1001A000000001B0704738B5DFF8444A2388984210
:1001B0003CBF6588A94201D3002032BD00F028F879
:1001C000A188DFF8280A45F21052914207BF4FF488
:1001D0003853ADF800302E22ADF8002000F075F94C
:1001E000FFF7D2FFA48841F663118C420FD0FFF7CE
:1001F000CBFF47F296718C4209D00406A40EC10AC7
:10020000640144EAC124FFF7BFFF44EAD02032BDB5
:10021000F8B5DFF8DC39DFF8D4599A88B3F80AE08A
:1002200001F0FF04090A070A41F6631C624500F069
:10023000FF064AD19A790ABB1E88ADF800E0721E0B
:10024000BDF800602E80101A0022ADF80020BDF825
:1002500000606E80ADF800200204BDF800606E8082
:10026000120EADF8002000F0FF00BDF800606E80B7
:10027000ADF80000BDF800206A8012E0ADF800E0A3
:1002800000F050F800F0DDFA1A88521E1212ADF894
:10029000002000F0D8FA1A88561E06F0FF0600F07B
:1002A000D0FA00F048F8ADF8004000F0CCFA5988D8
:1002B000491E0912ADF8001000F0C5FA5988481E11
:1002C00000F0FF00ADF8000029E045F21050824236
:1002D000ADF800E000F026F813D15A89521CADF8B1
:1002E0000020BDF800202A8000F0ABFA00F023F8CF
:1002F000998900F02CF8ADF80040BDF800206A8024
:10030000F1BD00F09EFA9A89ADF80020BDF80030EA
:100310002B80ADF8001000F096FAADF8004000F028
:1003200092FAF1BDBDF800202A80ADF80070BDF84A
:100330000000688070479A89ADF80020BDF8006021
:100340002E80ADF80010BDF8000068807047491C91
:10035000ADF80010BDF8001029807047F8B5DFF83F
:10036000902891790023012941F6631403D19188E3
:10037000A14205D10CE0002904BF9188A14207D118
:10038000072805D8DFE800F0171913150D1A110F0B
:10039000401E062812D8DFE800F00406080A0C0EFA
:1003A000100080230AE0402308E0C02306E0202359
:1003B00004E0602302E0A02300E0E02390883621DF
:1003C00045F21055A84208BF4FF458510CD049F2DD
:1003D0004136B0421FBF47F28977B84247F296765E
:1003E000B04201D143F00803DFF8000801804380E8
:1003F0009188A1423CD0548816889B0602D5A6421B
:1004000004D201E0B44201D214805680A9422FD117
:1004100000F04BF800235189491CADF8001000F0A2
:1004200054F800F059F8538900F04CF8138800F0A4
:1004300051F85389DB1C00F046F800F053F893891B
:100440005B1CADF80030002300F03FF800F044F8EA
:10045000938900F037F800F03CF89389DB1C00F03A
:1004600032F85288531E03F0FF03ADF8003019E054
:1004700000F01BF8ADF80010BDF800304380118883
:10048000491E0912ADF8001000F028F800F02AF813
:1004900000F022F800F01DF85288511E01F0FF0113
:1004A000ADF8001000F01AF8F1BD5189ADF8001058
:1004B0000021BDF800300380ADF80010BDF8003019
:1004C000438070479B1CADF80030BDF800100180E0
:1004D000704753885B1E1B12ADF80030BDF800104A
:1004E0004180704713885C1E04F0FF04ADF80040A3
:1004F000BDF8001041809389ADF800300023BDF8AD
:1005000000100180ADF80030BDF800104180704748
:1005100010B51446FFF77CFEDFF8D416DFF8CC06E2
:100520000A890280448010BD38B5BE21ADF80010A4
:100530000522DFF8B84602F0F4FFADF80020BDF860
:100540000050658003F008F94FF06632DFF8DC37C1
:1005500003F01EF903F0F2F9ADF80000012100F0FC
:10056000DEFFFF2101F08DF8ADF8001003F068F810
:1005700031BD2DE9F047DFF8781649F6060288719B
:1005800047F2967345F2103A41F663154FF44876F8
:100590004FF4F0774FF42C5C4FF4285E4FF4305852
:1005A00045F210594FF4A07428BBF02008804C800D
:1005B0008888484506D1A1F80880A1F80AE0A1F88A
:1005C0000CC015E0A84206D12C2008812B222A203D
:1005D0004A8188810CE02C250D812A254D812B250F
:1005E0008D81504512BF98420C804F80904221D19E
:1005F0000F804E801EE00C80F0204880888848459F
:1006000008D1A1F80880A1F80AE0A1F80CC00E807A
:100610004F800FE0A84218BF904204D100F00EF8BE
:100620000E804F8001E000F009F8504512BF98425B
:100630000F804C80BDE8F04700208FE62C220A8115
:100640002A252B224D818A8170472DE9F54F81B0F3
:100650001846BDF80430BDF80450D31844185E1E87
:10066000671EDFF88C45B6B2BFB205F0FF0807F091
:10067000FF0206F0FF03B4F804C0BDF804503F0ABF
:10068000360A41F6631B4FEA1529DC4501F0FF0AE3
:100690004FEA112EDFF8545554D194F806C0BCF13E
:1006A000010F00F09E802388BDF808209B1ABDF83A
:1006B00004209A1A6389ADF80030491E0818BDF865
:1006C0000010298013041B0EADF8003002F0FF0368
:1006D000BDF800106980ADF80030BDF800106980E9
:1006E000BDF8083013FA82F35B1E1B12ADF8003020
:1006F000BDF800306B80BDF808108A18521E02F059
:10070000FF02ADF80020BDF800106980A289ADF8A5
:1007100000200204BDF800302B80ADF800E0120E7E
:10072000BDF800106980ADF800A000F0FF00BDF832
:1007300000106980ADF80020BDF800106980ADF8A8
:1007400000007AE045F210518C454AD16089ADF83D
:100750000000BDF800102980ADF80090BDF8000041
:1007600068806189491CADF80010BDF8001029802F
:10077000ADF80080BDF8000068806189891CADF883
:100780000010BDF800102980ADF80060BDF8000031
:1007900068806189C91CADF80010BDF8001029807F
:1007A000ADF80030BDF800006880A189ADF80010F8
:1007B000BDF800302B80ADF800E000F044F8A189CE
:1007C000FFF7C5FDADF800A000F03DF8A189891C38
:1007D000FFF7BEFD00F03BF8A189C91CFFF7B8FD8B
:1007E00029E06189ADF80010BDF800002880ADF85F
:1007F0000090BDF800006880ADF80080BDF80000F2
:100800006880ADF80060BDF800006880ADF8003089
:10081000BDF800006880A189ADF80010BDF8003077
:100820002B80ADF800E000F00EF8ADF800A000F06D
:100830000AF800F00CF8ADF8002000F004F8BDE86C
:10084000F78FADF80060BDF8000068807047ADF824
:100850000070BDF80000688070472DE9F84F94B033
:10086000002000904FF48056DFF8C404DFF8C44441
:100870000168DFF8C494DFF8785341F0400101606B
:10088000026802F040020092002200990092036880
:1008900000F079F900F077F943F020030360016874
:1008A00001F02001009100990092036843F00203D7
:1008B0000360016801F00201009100990092012299
:1008C000036843F0020303600221006800F00200A5
:1008D00000900098DFF864040392029104910C22C6
:1008E0000592019601A903F047F8202101912046C5
:1008F00001A903F041F81020019001A9204603F05E
:100900003BF8019601A9DFF8380403F035F84FF4FD
:10091000004101910122029201A9484603F02CF8FE
:10092000012101910291484601A903F025F8012215
:100930000121484603F000F94FF0204028610F22C2
:10094000DFF8001469610620A8610D9200211020D3
:100950003C22E9616862A96269630F9200204FF44A
:1009600080410922E862AE63E86329646864A86490
:100970000E9013900692079008920C9006AA0DA96B
:1009800005F1100003F004F9322003F02BF9D32015
:10099000ADF8000049F2413ADFF85072BDF80000AE
:1009A000388045F21056FFF7EFFBA88047F2967BA0
:1009B000FFF7EAFBA88045F21038FFF7E5FB0002DD
:1009C000A88047F28974FFF7DFFBA98808435045E8
:1009D000A88000F08480042000F0EBF800F0E6F836
:1009E00000F0E4F800F0E1F8A988014348F252521F
:1009F000A98091420CBFAC80A1426BD0D42000F002
:100A0000D8F800F0D3F800F0D1F800F0CEF8A988BB
:100A100008434045A88067D0D32000F0CAF800F012
:100A2000C5F800F0C3F800F0C0F8A988084358459D
:100A3000A8805ED04FF470403880552179804FF205
:100A400001023A80AA2078804FF2020139805222B6
:100A50007A804FF203003880082179804FF2040237
:100A60003A80012078804FF4454100F097F8000269
:100A7000A8804CF2015000F09CF8A9880843A88097
:100A8000052003F0AFF8A888B04237D0D32100F09A
:100A900085F800F08BF800F089F800F086F8A98856
:100AA00049F6060208439042A8802ED0A12000F00B
:100AB00080F800F07BF800F078F8A98845F26172C0
:100AC00001439142A98003D141F66311A98023E03B
:100AD000A14202D100F038F923E0514502D100F0E3
:100AE000C3F91EE0414502D100F0E2FA19E0594590
:100AF00002D101F028FA14E0B14202D101F087FBE3
:100B00000FE049F60602914202D102F01FFB08E015
:100B100041F66310814218D102F018FD6420FFF7FE
:100B200003FDA888A04203D103210691089114E097
:100B300049F6060188421CBF5045B04201D102224D
:100B400009E0404518BF584504D0A88841F6631114
:100B5000884208D10122069208922B6CAA69686922
:100B600006A903F09BF80120FFF703FD01224FF4D3
:100B70000041484602F0E0FF4FF6FF7000F020F819
:100B800015B0BDE8F08F43F008030360016801F081
:100B9000080100910099009203687047ADF80010B9
:100BA000BDF800003880FFF7EFBA0002A880FFF719
:100BB000EBBAADF80000BDF800103980FFF7E4BAD9
:100BC000F8B50B4F3E880446788846430021002044
:100BD000FFF71EFB054839890180002501E04480AC
:100BE0006D1CB542FBD3F1BD8000006C7E00006C33
:100BF000000000202DE9FE4F9C0803EB5475ED0822
:100C00000F46B3EBC50118BF012101EBD30459080E
:100C10004C43E4B20294203A0C2BB946D2B2DFF82E
:100C2000D44806D0102B0FD0182B13D0202B17D060
:100C30004CE00C214A43A1180191DDF830B0DDF8F9
:100C40003480002506462CE004EB021101F27442C8
:100C50000192F2E724214A43A11801F66422F7E742
:100C600004EB821101F5BE52F2E7BBF1000F06D191
:100C7000DFF884381A6EB9B2B0B2FFF749FCDFF87A
:100C8000780842887F1CB9B291424FEA4A0A1DD2C5
:100C90009DF80030A1EB0901994211D0641E0AD1E0
:100CA0006D1C0299E8B2884210DA019A12F800A08D
:100CB0008DF8003008245FEA0A60D6D54246DAE7AC
:100CC000761C0088B1B281424F46E9D3BDE8F78F68
:100CD0002DE9FE4F07460C46DDF83090DDF834B0C4
:100CE0000E9E5FFA87F8BD1804EB030A0BE00023A1
:100CF000019600934B461BF8012BA1B2B8B2FFF747
:100D000079FF07EB59079BF8000020385F280AD2CB
:100D1000B8B2A9B2884224BF47464C44A0B21FFAD9
:100D20008AF18842E3D3BDE8F78F0000666604408D
:100D300030380240000C024000040240001802401B
:100D400000140240040100A01CB501F055FA362140
:100D500001F092F93A2102F08CFCB22100F04EF839
:100D600000F00EFC332100F02DFCB72100F0D7FB82
:100D7000352101F084F9BB2101F087F901F07FF9F9
:100D8000C02100F03BF8C22101F02AFAC32100F093
:100D90005AFC202100F0BBFB00F028F9D02100F024
:100DA000D2FB01F06CF9A12100F0B9FBE02100F0C9
:100DB00031F8322101F0C8F9422100F0BDFB01F009
:100DC00003FA122100F0ABFB142100F014FDE12125
:100DD00000F020F8312100F0FDF8472101F0F4F98E
:100DE0001C2100F008FD1B2100F099FB1E2100F0E2
:100DF00037F900F007F901F058F9D4E0BDF8000028
:100E00006080ADF800100C21BDF800002080ADF826
:100E100000107047BDF800006080ADF80010D021D0
:100E2000BDF800002080ADF800100021BDF80000E2
:100E30006080ADF800100221BDF800006080ADF8C0
:100E400000100721BDF800006080ADF800100A21F5
:100E5000BDF800006080ADF800102821BDF800004A
:100E60006080ADF8001070471CB5CF20ADF80000D1
:100E70000021DFF8884600F09FF800F0A4F800F0A9
:100E80004EFBED2100F04BFB642101F0F8F803214B
:100E900001F042F9812100F042FBE82100F03FFB24
:100EA000852100F0E2FB7A2100F039FBCB2100F034
:100EB00036FB392100F024FB00F06EFB01F0ECF86A
:100EC0006080ADF80010F72102F087FA01F0D7F842
:100ED000EA2100F019FCC02100F021FB1B2100F0E9
:100EE0006BF801F07DF9C52100F06DF801F038F9DB
:100EF000ADF80010C72100F05CFBB721ADF8001081
:100F0000362102F09DFB00F096F8B12100F0F0FBD5
:100F10001A2100F004FB01F02CF9F22100F0E8FBAB
:100F2000262101F05DF9E02100F060F82A2102F0AD
:100F30007DFA082101F048F9082100F04BF8A921B9
:100F400000F0EDFA432102F0AFFA002100F045FB7A
:100F500001F0BCF800F0CCFB02F072FB1521ADF8FB
:100F60000010172102F032FA02F029FA02F076FAA4
:100F70002B2100F0D4FA562100F0D7FA00F0F8FA4D
:100F800001F0C3F802F096FA3F2100F0C8FA02F02F
:100F900091FA00F037F800F063F8112100F0BFFA81
:100FA00000F080F8292100F001F813BDADF8001021
:100FB000BDF8000020807047BDF800002080ADF82B
:100FC0000010C1217047BDF800006080ADF800102E
:100FD00030217047BDF800006080ADF8001054214A
:100FE000BDF800006080ADF800107047BDF800004B
:100FF0006080ADF800100F21BDF800002080ADF832
:10100000001070472B21BDF800006080ADF8001083
:101010000021BDF800002080ADF80010BDF80000F0
:101020006080ADF800100121BDF800006080ADF8CF
:1010300000103F217047ADF800104821BDF80000B6
:101040002080ADF800103A21BDF800006080ADF8B6
:1010500000105521BDF800002080ADF80010704749
:10106000BDF800006080ADF800102A21BDF8000036
:101070006080ADF800100021BDF800002080ADF8C0
:101080000010BDF800006080ADF80010BDF8000051
:101090006080ADF80010EF21BDF800006080ADF871
:1010A000001070477820BDF80020228002F09ABD21
:1010B00038B5ED20ADF800000121DFF8404400F024
:1010C000DEFFFE2100F02BFAEE2100F028FADE21EF
:1010D00000F0D5FF212100F022FAF12101F080F883
:1010E000DF2100F0B0FA8F2100F011FA00F000FBD0
:1010F000E22100F072FABF2100F033FA00F0BFFFE6
:10110000B02100F0DCFF00F0D1FA0D2100F038FA38
:10111000112100F035FA192100F032FA212100F0F6
:101120002FFA2D2100F0ADFA3D21ADF8001000F0AE
:10113000F5F95D2100F024FA5D2100F021FAB121DA
:1011400000F0EDF9802100F0B1FA8B2100F018FADF
:10115000962100F015FAB22100F0D6FA00F00FFA4D
:10116000032100F00DFAB32100F0B9FC00F08EFC71
:10117000B42100F0D4F98B2100F098FA962100F008
:10118000FFF9A12100F0FCF9B52100F0C8F9022116
:1011900000F08CFA032100F0DDF901F009F80021DC
:1011A00002F060FA00F0B0FAB72100F0ADFA3F218A
:1011B00000F0E6F95E2100F0E3F9642100F0E0F9C7
:1011C0008C2100F0DDF9AC2100F0F7FA702100F07D
:1011D000D7F9902100F0D4F9EB2100F0EEFAB82114
:1011E00000F086FAFF2502F045F900F0EBF9BA218C
:1011F00000F095F9242100F065FAC12102F051FABE
:10120000542100F03EFAADF8005000F088F9C221F8
:1012100002F0CEF800F04AFA042100F0B1F9C3213F
:1012200000F083F900F042FA3A2100F0A9F93921DF
:1012300000F0A6F9372100F090FD02F001FA00213C
:10124000ADF80010232100F088FD00F0E9F9C42179
:1012500000F065F9622100F029FA052100F090F90B
:10126000842100F077F900F097FF00F057F902F0C1
:10127000E7F91821ADF80010002100F064F900F042
:101280007FF9182100F07CF9502100F079F90C2148
:1012900000F0ABFA00F042F9952100F0B8FA00F046
:1012A0003DF9C52100F0FCF9442100F069F9652100
:1012B00000F066F9762100F0D1FBC62102F0F1F9C9
:1012C00002F0BEF91721ADF8001000F096F9C72121
:1012D00000F063FBC82100F060FBC92100F0FFFBB8
:1012E000E02100F0CAFA212100F037FA462100F08F
:1012F000A6FDD92100F003FBE12100F0BEFA222176
:1013000000F02BFA452100F09AFDD82100F0F7FA01
:10131000E22100F02DF900F0C9F90B2100F030F9BD
:101320001B2100F039F900F031FC4F2100F028F9C1
:10133000612100F025F9792100F040FCD62100F070
:10134000BAFAE32100F014F900F0B0F90A2102F032
:1013500077F900F09BFA332100F018FC502100F0DF
:101360000FF9622100F00CF9782100F027FCD5215B
:1013700000F0A1FAE42100F033FF00F03EF900F0A4
:10138000FEF82A2100F0DFFA002102F059F900F0FE
:1013900075FCDD2100F0F4F8F32100F0F1F8E5210F
:1013A00000F0FBFA00F0EBF8292100F0CCFA02F093
:1013B00047F9002100F062FCDC2100F028FA11213D
:1013C00000F074F9342100F0DBF8562100F0DDF96B
:1013D00002F036F9772100F038FB992100F0F8FA95
:1013E00000F0A3F9432100F0D1FBE72100F058F908
:1013F000552100F0CAF9662100F07BFE672100F05C
:10140000BFF8672100F0BCF8872100F01EFABB216D
:1014100000F01BFA772100F0B9FB562100F07FF8AD
:1014200000F0FEF8332100F080F9E82100F060F9C7
:1014300000F011FA872100F011FB772102F000F98A
:1014400000F003FBAA2100F0C3FA00F09FFB442147
:1014500000F096F8552100F093F8E92100F081F8AA
:1014600000F030F900F07DF800F07AFECF2100F0B6
:1014700003FE00F00BFB00F009FBF02100F038F94F
:10148000502102F020F9F32100F032F9F92100F0A7
:1014900053F800F0EAF8292100F05CF802F0D0F8E7
:1014A000FFF7CFFD112100F03AF86420FFF7FBFDB4
:1014B0002921ADF80010352100F0E1FDFFF778FD9E
:1014C0000021ADF80010512102F013F85321BDF8AE
:1014D00000202280ADF8005000F021F82C2100F00F
:1014E000CEFD552100F01BF8822100F009F800F034
:1014F00060F831BD44E90008000000207E00006C67
:10150000BDF800002080ADF800102C217047BDF818
:1015100000002080ADF80010C62170470021BDF802
:1015200000006080ADF800107047BDF800006080DA
:10153000ADF800103C217047BDF800006080ADF8A8
:10154000001006217047BDF800006080ADF8001063
:10155000A4217047BDF800006080ADF800100021A4
:101560007047BDF800006080ADF80010AA217047F8
:10157000BDF800006080ADF8001005217047022121
:10158000BDF800006080ADF800100021BDF800003B
:101590006080ADF800107047BDF800006080ADF8C5
:1015A00000100021BDF800006080ADF8001034216B
:1015B0007047BDF800006080ADF80010BDF8000075
:1015C00020807047BDF800006080ADF80010BDF8C5
:1015D00000006080ADF800107047BDF8000060802A
:1015E000ADF80010BDF800006080ADF80010BDF847
:1015F00000006080ADF8001070470021BDF80000C9
:101600006080ADF800100121BDF800006080ADF8E9
:1016100000100021BDF800006080ADF80010704798
:101620000021BDF800006080ADF800102321BDF856
:1016300000006080ADF800100021BDF8000060805F
:10164000ADF800107047BDF800006080ADF80010E4
:101650001021BDF800002080ADF80010C421BDF8B5
:1016600000006080ADF800107047BDF800002080D9
:10167000ADF800101021BDF800006080ADF800103A
:101680007047BDF800006080ADF800100021BDF883
:1016900000006080ADF80010BDF800006080704769
:1016A000BDF800006080ADF800103221BDF80000E8
:1016B0002080ADF800100021BDF800006080ADF87A
:1016C00000107047BDF800002080ADF80010002128
:1016D000BDF800006080ADF80010BDF8000060802B
:1016E000ADF80010BDF800006080ADF80010704744
:1016F000BDF800006080ADF800100021BDF80000CA
:101700002080ADF800107047BDF800006080ADF893
:1017100000100021BDF800002080ADF80010BDF8D9
:1017200000006080ADF800107047BDF800006080D8
:10173000ADF800100021BDF800006080ADF8001089
:101740004521BDF800006080ADF800100021BDF813
:1017500000006080ADF800107047BDF800006080A8
:10176000ADF800100021BDF800006080ADF8001059
:101770003621BDF800006080ADF800100021BDF8F2
:1017800000006080ADF800107047BDF80000608078
:10179000ADF800100021BDF800006080ADF8001029
:1017A0007621BDF800006080ADF800100021BDF882
:1017B00000006080ADF800107047BDF80000608048
:1017C000ADF800100021BDF800006080ADF80010F9
:1017D000DC21BDF800006080ADF800100021BDF8EC
:1017E00000006080ADF800107047BDF80000608018
:1017F000ADF800100021BDF800006080ADF80010C9
:101800001721BDF800006080ADF800107047BDF8EA
:1018100000006080ADF800100021BDF8000060807D
:10182000ADF80010F321BDF800006080ADF80010A5
:101830000021BDF800006080ADF80010E621BDF881
:1018400000006080ADF800107047BDF800006080B7
:10185000ADF800100021BDF800006080ADF8001068
:101860009921BDF800006080ADF800100021BDF89E
:1018700000006080ADF800107047BDF80000608087
:10188000ADF800101621BDF800002080ADF8001062
:101890000021BDF800006080ADF800101C21BDF8EB
:1018A00000006080ADF800100021BDF800006080ED
:1018B000ADF800107047BDF800006080ADF8001072
:1018C0000021BDF800006080ADF80010DD21BDF8FA
:1018D00000006080ADF800100021BDF800006080BD
:1018E000ADF80010F321BDF800006080ADF80010E5
:1018F0000021BDF800006080ADF800107047BDF811
:1019000000006080ADF800100021BDF8000060808C
:10191000ADF80010E021BDF800006080ADF80010C7
:101920000021BDF800006080ADF80010F321BDF883
:1019300000006080ADF800100021BDF8000060805C
:10194000ADF800107047BDF800006080ADF80010E1
:101950000021BDF800006080ADF800103C21BDF80A
:1019600000006080ADF800100021BDF8000060802C
:10197000ADF800104B21BDF800006080ADF80010FC
:101980000021BDF800006080ADF800105D21BDF8B9
:1019900000006080ADF800107047BDF80000608066
:1019A000ADF800100021BDF800002080ADF8001057
:1019B000BDF800006080ADF80010BDF80000608048
:1019C000ADF80010BDF800006080ADF80010704761
:1019D000BDF800006080ADF800100021BDF80000E7
:1019E0006080ADF80010BB21BDF800006080ADF84C
:1019F00000100021BDF800006080ADF800109921B2
:101A0000BDF800006080ADF800100021BDF80000B6
:101A10006080ADF800106621BDF800006080ADF870
:101A200000100021BDF800006080ADF800105521C5
:101A3000BDF800006080ADF800100021BDF8000086
:101A40006080ADF8001055217047ADF800100021FE
:101A5000BDF800006080ADF800106621BDF8000000
:101A60006080ADF800100021BDF800006080ADF886
:101A700000108821BDF800006080ADF80010002142
:101A8000BDF800006080ADF800107047BDF80000A0
:101A90006080ADF80010BDF800006080ADF8001067
:101AA000BDF800006080ADF80010BDF80000608057
:101AB000ADF80010BDF800006080ADF80010BDF872
:101AC00000006080ADF80010BDF800006080ADF847
:101AD0000010BDF800006080ADF800107047BDF840
:101AE00000006080ADF800100021BDF800002080EB
:101AF000ADF80010BDF800006080ADF80010BDF832
:101B000000006080ADF80010BDF800006080ADF806
:101B10000010BDF800006080ADF80010BDF80000B6
:101B20006080ADF80010BDF800006080ADF80010D6
:101B3000BDF800006080ADF80010BDF800006080C6
:101B4000ADF80010BDF800006080ADF80010BDF8E1
:101B500000006080ADF80010BDF800006080ADF8B6
:101B60000010BDF800006080ADF80010BDF8000066
:101B70006080ADF80010BDF800006080ADF8001086
:101B8000BDF800006080ADF800107047BDF800009F
:101B90006080ADF800100021BDF800006080ADF855
:101BA00000104421BDF800006080ADF80010002155
:101BB000BDF800006080ADF800107047BDF800006F
:101BC0006080ADF800100021BDF800006080ADF825
:101BD00000108821BDF800006080ADF800100021E1
:101BE000BDF800006080ADF800109721BDF800003E
:101BF0006080ADF800100021BDF800006080ADF8F5
:101C00000010A621BDF800006080ADF80010002192
:101C1000BDF800006080ADF80010B721BDF80000ED
:101C20006080ADF800100021BDF800006080ADF8C4
:101C30000010C221BDF800006080ADF80010002146
:101C4000BDF800006080ADF80010C721BDF80000AD
:101C50006080ADF800100021BDF800006080ADF894
:101C60000010D121BDF800006080ADF80010002107
:101C7000BDF800006080ADF800107047ADF80010AE
:101C80007421BDF800006080ADF800100021BDF89F
:101C900000006080ADF800108421BDF80000608075
:101CA000ADF800100021BDF800006080ADF8001014
:101CB0009321BDF800006080ADF800100021BDF850
:101CC00000006080ADF80010A221BDF80000608027
:101CD000ADF800100021BDF800006080ADF80010E4
:101CE000B321BDF800006080ADF800100021BDF800
:101CF00000006080ADF80010BE21BDF800006080DB
:101D0000ADF800100021BDF800006080ADF80010B3
:101D1000C421BDF800006080ADF800100021BDF8BE
:101D200000006080ADF80010CD21BDF8000060809B
:101D3000ADF800100021BDF800006080ADF8001083
:101D4000D321BDF800006080ADF800100021BDF87F
:101D500000006080ADF800107047BDF800006080A2
:101D6000ADF800100021BDF800006080ADF8001053
:101D70003C21BDF800006080ADF800100021BDF8E6
:101D800000006080ADF800103621BDF800006080D2
:101D9000ADF800100021BDF800006080ADF8001023
:101DA0003221BDF800006080ADF800100021BDF8C0
:101DB00000006080ADF800102F21BDF800006080A9
:101DC000ADF800100021BDF800006080ADF80010F3
:101DD0002C21BDF800006080ADF800100021BDF896
:101DE00000006080ADF800102921BDF8000060807F
:101DF000ADF800100021BDF800006080ADF80010C3
:101E00002621BDF800006080ADF800100021BDF86B
:101E100000006080ADF800102421BDF80000608053
:101E2000ADF800100021BDF800006080ADF8001092
:101E30002421BDF800006080ADF800107047BDF8A7
:101E400000006080ADF800100021BDF80000608047
:101E5000ADF800105221BDF800006080ADF8001010
:101E60000021BDF800006080ADF800106421BDF8CD
:101E700000006080ADF800100021BDF80000608017
:101E8000ADF800107A21BDF800006080ADF80010B8
:101E90000021BDF800006080ADF800108B21BDF876
:101EA00000006080ADF800100021BDF800006080E7
:101EB000ADF800109921BDF800006080ADF8001069
:101EC0000021BDF800006080ADF80010A821BDF829
:101ED00000006080ADF800100021BDF800006080B7
:101EE000ADF80010B921BDF800006080ADF8001019
:101EF0000021BDF800006080ADF80010C421BDF8DD
:101F000000006080ADF800100021BDF80000608086
:101F1000ADF80010CA21BDF800006080ADF80010D7
:101F20000021BDF800006080ADF80010D221BDF89E
:101F300000006080ADF800100021BDF80000608056
:101F4000ADF8001070471CB500F056F93621FFF7C8
:101F500072F8F021FFF7E3FAC32100F0BEF89621F2
:101F600001F00AFA00F03CF900F003F9B721FFF79D
:101F7000D6FAC62100F083F8B92100F08DF8208050
:101F8000ADF80010E02101F00CFA01F043FA16213F
:101F9000FFF7C5FAC121FFF7C2FA192100F06FF867
:101FA000C221FFF7BCFAA72100F069F8C521FFF7AD
:101FB000B6FA162100F063F8E82101F0EBF900F021
:101FC0005EF88A2100F095F800F06FF8ADF8001087
:101FD0001921FFF7A4FAA521FFF7A1FA332101F097
:101FE00031FAF02100F04BF8072100F068F800F01A
:101FF000DFF8052100F09CF83621FEF7EBFF4C21BD
:10200000FFF78DFA382101F0BEF900F091F82E218A
:10201000FFF785FA342100F059F8FFF780FAF02134
:10202000FFF723FB142100F0CFF80C2101F0DCF9BD
:102030006080ADF80010352100F086F84C21FFF7E4
:102040006EFA262100F061F800F066F82C2100F00D
:102050001CF800F0A1F83C2100F03FF8692100F0E5
:102060007FF8782001F0BEFD2120ADF80000292086
:1020700001F057FA01F07DB9ADF800100021BDF86C
:1020800000002080ADF800107047BDF800006080AF
:10209000ADF8001032217047BDF800006080ADF847
:1020A00000100221BDF800007047BDF800006080FC
:1020B000ADF800102921BDF8000060807047BDF820
:1020C00000006080ADF800100D217047BDF80000E1
:1020D0006080ADF80010E1217047BDF8000020805D
:1020E000ADF80010F021BDF800006080ADF80010E0
:1020F0007047BDF800006080ADF80010BDF800002A
:1021000060800021ADF800107047BDF800006080CD
:10211000ADF8001010217047BDF800006080ADF8E8
:1021200000101221BDF800006080ADF8001070476B
:10213000BDF800006080ADF800101421BDF800006B
:102140006080ADF800107047BDF800006080ADF809
:1021500000104421BDF800006080ADF80010704709
:10216000BDF800002080ADF80010BDF800006080D0
:102170007047B621BDF800006080ADF800100A215C
:10218000BDF800002080ADF80010A221BDF80000CD
:102190006080ADF800107047BDF800006080ADF8B9
:1021A0000010F021BDF800006080ADF8001070470D
:1021B000BDF800006080ADF800100421BDF80000FB
:1021C0006080ADF800107047BDF800006080ADF889
:1021D00000100E21BDF800006080ADF800107047BF
:1021E000BDF800006080ADF800100121BDF80000CE
:1021F0002080ADF8001070471120ADF80000DFF826
:10220000484FBDF800102180782001F0EBBC2DE98B
:10221000F84FDFF8344F4FF4704020805521618033
:102220004FF201022280AA2060804FF20201218039
:10223000522262804FF203002080082161804FF219
:10224000040222800120608034214FF43640208037
:1022500061804BF201622280342363804BF2026181
:10226000218063800D214FF43043238061804BF245
:10227000010222800D2363804BF2020121806380E2
:1022800024214FF43743238061804BF20172228076
:10229000242363804BF20271218063800D214FF46F
:1022A0003143238061804BF2011222800D23638031
:1022B0004BF20211218063804FF4384121802423A6
:1022C00063804BF601022280242565804BF60203D1
:1022D000238065804FF439464FF4324525804BF614
:1022E0000127002565802680242565804BF6011690
:1022F00026804BF6021524266680258066800525FB
:102300004FF43346268065804BF2013626804BF22F
:10231000023505266680258066804FF43A45258083
:102320003426668027804BF6022634276780268075
:1023300067804FF4354626800B2767804BF2015BA0
:10234000A4F800B067804BF2025CA4F800C067807C
:102350004FF43C4BA4F800B0002767804BF6014CCB
:10236000A4F800C0A32767804BF6024EA4F800E053
:10237000002767804FF43D48A4F8008067804BF643
:102380000159A4F80090A32767804BF6025AA4F8DD
:1023900000A0002767804FF43E4727800027678012
:1023A0004BF601672780372767804FF45147278016
:1023B000002767804DF201172780372767804DF28D
:1023C00002172780002767804DF2031727805327C5
:1023D00067804DF204172780002767804DF20517AC
:1023E0002780792767804DF20617278000276780AE
:1023F0004DF207172780972767804DF2081727802F
:10240000002767804DF209172780B12767804DF2BA
:102410000A172780002767804DF20B172780D527E2
:1024200067804DF20C172780002767804DF20D174B
:102430002780F42767804DF20E17278001276780D9
:102440004DF20F172780232767804DF21017278042
:10245000012767804DF211172780492767804DF2C9
:1024600012172780012767804DF2131727808727CF
:1024700067804DF214172780012767804DF21517EA
:102480002780B62767804DF21617278002276780BE
:102490004DF217172780002767804DF21817278005
:1024A000022767804DF2191727803B2767804DF27E
:1024B0001A172780022767804DF21B1727803D27B8
:1024C00067804DF21C172780022767804DF21D1789
:1024D0002780752767804DF21E17278002276780A7
:1024E0004DF21F172780B12767804DF220172780F4
:1024F000022767804DF221172780D52767804DF28C
:1025000022172780032767804DF22317278009278A
:1025100067804DF224172780032767804DF2251727
:102520002780282767804DF226172780032767809A
:102530004DF227172780522767804DF228172780F2
:10254000032767804DF2291727806B2767804DF29C
:102550002A172780032767804DF22B1727808D27A6
:1025600067804DF22C172780032767804DF22D17C7
:102570002780A22767804DF22E17278003276780C8
:102580004DF22F172780BB2767804DF23017278029
:10259000032767804DF231172780C12767804DF2EE
:1025A00032172780032767804DF233172780C12712
:1025B00067804FF452472780002767804DF201273C
:1025C0002780372767804DF2022727800027678002
:1025D0004DF203272780532767804DF20427278079
:1025E000002767804DF205272780792767804DF205
:1025F00006272780002767804DF207272780972727
:1026000067804DF208272780002767804DF2092751
:102610002780B12767804DF20A272780002767802F
:102620004DF20B272780D52767804DF20C27278096
:10263000002767804DF20D272780F42767804DF231
:102640000E272780012767804DF20F272780232739
:1026500067804DF210272780012767804DF21127F0
:102660002780492767804DF212272780012767803E
:102670004DF213272780872767804DF21427278084
:10268000012767804DF215272780B62767804DF216
:1026900016272780022767804DF2172727800027FB
:1026A00067804DF218272780022767804DF219278F
:1026B00027803B2767804DF21A27278002276780F3
:1026C0004DF21B2727803D2767804DF21C2727806E
:1026D000022767804DF21D272780752767804DF2FE
:1026E0001E272780022767804DF21F272780B127EA
:1026F00067804DF220272780022767804DF221272F
:102700002780D52767804DF22227278003276780FF
:102710004DF223272780092767804DF22427278041
:10272000032767804DF225272780282767804DF2F1
:1027300026272780032767804DF2272727805227E7
:1027400067804DF228272780032767804DF22927CD
:1027500027806B2767804DF22A2727800327678011
:102760004DF22B2727808D2767804DF22C2727805D
:10277000032767804DF22D272780A22767804DF21F
:102780002E272780032767804DF22F272780BB271E
:1027900067804DF230272780032767804DF231276D
:1027A0002780C12767804DF2322727800327678063
:1027B0004DF233272780C12767804FF45347278086
:1027C000002767804DF201372780372767804DF259
:1027D00002372780002767804DF203372780532771
:1027E00067804DF204372780002767804DF2053758
:1027F0002780792767804DF206372780002767807A
:102800004DF207372780972767804DF208372780DA
:10281000002767804DF209372780B12767804DF286
:102820000A372780002767804DF20B372780D5278E
:1028300067804DF20C372780002767804DF20D37F7
:102840002780F42767804DF20E37278001276780A5
:102850004DF20F372780232767804DF210372780EE
:10286000012767804DF211372780492767804DF295
:1028700012372780012767804DF21337278087277B
:1028800067804DF214372780012767804DF2153796
:102890002780B62767804DF216372780022767808A
:1028A0004DF217372780002767804DF218372780B1
:1028B000022767804DF2193727803B2767804DF24A
:1028C0001A372780022767804DF21B3727803D2764
:1028D00067804DF21C372780022767804DF21D3735
:1028E0002780752767804DF21E3727800227678073
:1028F0004DF21F372780B12767804DF220372780A0
:10290000022767804DF221372780D52767804DF257
:1029100022372780032767804DF223372780092736
:1029200067804DF224372780032767804DF22537D3
:102930002780282767804DF2263727800327678066
:102940004DF227372780522767804DF2283727809E
:10295000032767804DF2293727806B2767804DF268
:102960002A372780032767804DF22B3727808D2752
:1029700067804DF22C372780032767804DF22D3773
:102980002780A22767804DF22E3727800327678094
:102990004DF22F372780BB2767804DF230372780D5
:1029A000032767804DF231372780C12767804DF2BA
:1029B00032372780032767804DF233372780C127BE
:1029C00067804FF454472780002767804DF2014706
:1029D0002780372767804DF20247278000276780CE
:1029E0004DF203472780532767804DF20447278025
:1029F000002767804DF205472780792767804DF2D1
:102A000006472780002767804DF2074727809727D2
:102A100067804DF208472780002767804DF20947FD
:102A20002780B12767804DF20A47278000276780FB
:102A30004DF20B472780D52767804DF20C47278042
:102A4000002767804DF20D472780F42767804DF2FD
:102A50000E472780012767804DF20F4727802327E5
:102A600067804DF210472780012767804DF211479C
:102A70002780492767804DF212472780012767800A
:102A80004DF213472780872767804DF21447278030
:102A9000012767804DF215472780B62767804DF2E2
:102AA00016472780022767804DF2174727800027A7
:102AB00067804DF218472780022767804DF219473B
:102AC00027803B2767804DF21A47278002276780BF
:102AD0004DF21B4727803D2767804DF21C4727801A
:102AE000022767804DF21D472780752767804DF2CA
:102AF0001E472780022767804DF21F472780B12796
:102B000067804DF220472780022767804DF22147DA
:102B10002780D52767804DF22247278003276780CB
:102B20004DF223472780092767804DF224472780ED
:102B3000032767804DF225472780282767804DF2BD
:102B400026472780032767804DF227472780522793
:102B500067804DF228472780032767804DF2294779
:102B600027806B2767804DF22A47278003276780DD
:102B70004DF22B4727808D2767804DF22C47278009
:102B8000032767804DF22D472780A22767804DF2EB
:102B90002E472780032767804DF22F472780BB27CA
:102BA00067804DF230472780032767804DF2314719
:102BB0002780C12767804DF232472780032767802F
:102BC0004DF233472780C12767804FF45547278050
:102BD000002767804DF201572780372767804DF225
:102BE00002572780002767804DF20357278053271D
:102BF00067804DF204572780002767804DF2055704
:102C00002780792767804DF2065727800027678045
:102C10004DF207572780972767804DF20857278086
:102C2000002767804DF209572780B12767804DF252
:102C30000A572780002767804DF20B572780D5273A
:102C400067804DF20C572780002767804DF20D57A3
:102C50002780F42767804DF20E5727800127678071
:102C60004DF20F572780232767804DF2105727809A
:102C7000012767804DF211572780492767804DF261
:102C800012572780012767804DF213572780872727
:102C900067804DF214572780012767804DF2155742
:102CA0002780B62767804DF2165727800227678056
:102CB0004DF217572780002767804DF2185727805D
:102CC000022767804DF2195727803B2767804DF216
:102CD0001A572780022767804DF21B5727803D2710
:102CE00067804DF21C572780022767804DF21D57E1
:102CF0002780752767804DF21E572780022767803F
:102D00004DF21F572780B12767804DF2205727804B
:102D1000022767804DF221572780D52767804DF223
:102D200022572780032767804DF2235727800927E2
:102D300067804DF224572780032767804DF225577F
:102D40002780282767804DF2265727800327678032
:102D50004DF227572780522767804DF2285727804A
:102D6000032767804DF2295727806B2767804DF234
:102D70002A572780032767804DF22B5727808D27FE
:102D800067804DF22C572780032767804DF22D571F
:102D90002780A22767804DF22E5727800327678060
:102DA0004DF22F572780BB2767804DF23057278081
:102DB000032767804DF231572780C12767804DF286
:102DC00032572780032767804DF233572780C1276A
:102DD00067804FF456472780002767804DF20167D0
:102DE0002780372767804DF202672780002767809A
:102DF0004DF203672780532767804DF204672780D1
:102E0000002767804DF205672780792767804DF29C
:102E100006672780002767804DF20767278097277E
:102E200067804DF208672780002767804DF20967A9
:102E30002780B12767804DF20A67278000276780C7
:102E40004DF20B672780D52767804DF20C672780EE
:102E5000002767804DF20D672780F42767804DF2C9
:102E60000E672780012767804DF20F672780232791
:102E700067804DF210672780012767804DF2116748
:102E80002780492767804DF21267278001276780D6
:102E90004DF213672780872767804DF214672780DC
:102EA000012767804DF215672780B62767804DF2AE
:102EB00016672780022767804DF217672780002753
:102EC00067804DF218672780022767804DF21967E7
:102ED00027803B2767804DF21A672780022767808B
:102EE0004DF21B6727803D2767804DF21C672780C6
:102EF000022767804DF21D672780752767804DF296
:102F00001E672780022767804DF21F672780B12741
:102F100067804DF220672780022767804DF2216786
:102F20002780D52767804DF2226727800327678097
:102F30004DF223672780092767804DF22467278099
:102F4000032767804DF225672780282767804DF289
:102F500026672780032767804DF22767278052273F
:102F600067804DF228672780032767804DF2296725
:102F700027806B2767804DF22A67278003276780A9
:102F80004DF22B6727808D2767804DF22C672780B5
:102F9000032767804DF22D672780A22767804DF2B7
:102FA0002E672780032767804DF22F672780BB2776
:102FB00067804DF230672780032767804DF23167C5
:102FC0002780C12767804DF23267278003276780FB
:102FD0004DF233672780C12767804FF47047278001
:102FE000552767804FF201072780AA2767804FF295
:102FF00002072780522767804FF2030727800827A0
:1030000067804FF204072780002767804FF430471E
:103010002780002767804BF20107278005276780FC
:103020004BF202072780022767804BF203072780B5
:10303000052767804BF204072780022767802080DE
:1030400008276780268000275026668020804FF45E
:10305000374605206080268067804BF20170208013
:10306000678021800520012161802280608023808B
:10307000052161804BF6030020806180A4F800B038
:1030800002216180A4F800C06780A4F800E0678096
:103090004FF44C402080032262804CF60141218095
:1030A00067804CF6024222806780A4F800800120ED
:1030B0006080A4F8009084216180A4F800A007201B
:1030C00060804BF603512180312262804BF6045020
:1030D000208067802580012262804FF47F4020801D
:1030E000AA2161804FF601722280552060804FF640
:1030F00002712180252262804FF603702080012119
:1031000061804FF458522280402060804FF4545127
:10311000218067804FF468502080052161804FF442
:103120008852ADF80020782000F0E9FA4FF42451DD
:10313000FDF73CFF0A2000F055FD4FF4305000F041
:10314000EEF9BDE8F18F00007E00006C1CB5FF2099
:10315000ADF80000DFF8E44400F0CBFA982100F06D
:10316000C8F9062100F0C5F9BC2100F0C2F901211F
:10317000BDF800202280ADF800100F2100F0B9F951
:10318000612100F0B6F9BDF800206280ADF80000C2
:10319000012200F0D0F90B2200F0C7F9102200F054
:1031A000C4F9372200F0C1F9632200F0BEF9012210
:1031B00000F0AAFA00F0BFF9002200F0BCF9BDF857
:1031C00000106180ADF80000522100F05EFA40214D
:1031D00000F09AF9BD21FFF703F800F00EF967211E
:1031E00000F053FA00F009F900F02AFA6721ADF86F
:1031F0000010BE2100F02FFAFDF7DAFE00F087F98B
:10320000AB21FEF78CF96021FEF789F9222100F04D
:1032100031F9C721FEF783F93621FEF730FFED21A2
:10322000FEF77DF97F21FEF72AFF0F2100F0B9F8A4
:10323000FDF7DCFE0B2100F0BBF8FEF770F9FC2176
:1032400000F0D2F82080ADF80010DF2100F0C5F8C2
:1032500000F03CF900F056F9F321FEF760F9742113
:1032600000F08AF8FEF75BF900F030F9F721ADF8CD
:1032700000108221FEF703FFB12100F084F8FDF772
:1032800097FE00F044F9FEF74AF9F22100F0C2F887
:10329000042100F07FF800F0C9F8C121FEF73FF9E2
:1032A0001721FEF7ECFE8821FEF78CF9202100F0B3
:1032B000C9F80A21FDF77CFE00F029F91221FEF77A
:1032C00024FFFEF781FF2021FEF729F9CC2100F031
:1032D0007DF800F0C3F80B21FEF721F90E2100F074
:1032E000E9F80D21FEF71BF91521FEF70EFFFEF799
:1032F000EDFE00F009F90B21FDF75AFE00F007F989
:103300001321FEF7DCFEFEF75FFF1B21FEF707F936
:10331000712100F0A3F800F0C7F80E2100F0CAF800
:103320001521FEF7FCF80C21FEF7F9F82A2100F030
:10333000EBF8012100F0E3F8DF21FEF7F0F82B2194
:1033400000F082F900F0DBF81F2100F079F9FDF7B9
:1033500078FE362100F033F8FDF72AFE00F0D7F8AA
:10336000FDF7A0FE2921FDF721FE142000F03AFC14
:103370002C2000F0D4F813BDBDF800002080ADF87B
:103380000010B4217047BDF800006080ADF8001057
:1033900013217047BDF800006080ADF80010402197
:1033A0007047BDF800006080ADF80010C021704784
:1033B000BDF800006080ADF800100A217047BDF82C
:1033C00000006080ADF8001011217047BDF80000CA
:1033D0006080ADF8001007217047BDF800006080E4
:1033E000ADF8001020217047BDF800006080ADF8F6
:1033F00000100821BDF8000070472321BDF800002F
:103400006080ADF800104521BDF800006080ADF887
:1034100000107047BDF800006080ADF800108021FA
:10342000BDF800002080ADF800107047BDF8000026
:103430006080ADF800102821BDF800006080ADF874
:1034400000107047BDF800006080ADF80010E0216A
:10345000BDF800006080ADF800107047BDF80000B6
:103460006080ADF800100621BDF800006080ADF866
:1034700000107047BDF800006080ADF80010BDF886
:1034800000006080ADF80010BDF800006080ADF86D
:103490000010BDF800006080ADF80010BDF800001D
:1034A0006080ADF800107047BDF800006080ADF896
:1034B00000100A21BDF800006080ADF800100F2157
:1034C000BDF800006080ADF800107047BDF8000046
:1034D0002080ADF80020BDF800006080ADF800202D
:1034E000BDF800006080ADF80020BDF800006080ED
:1034F0007047BDF800206280ADF800107047BDF83D
:1035000000002080ADF80020BDF800006080ADF81C
:103510000020BDF800006080ADF800107047ADF8E5
:103520000000BDF8001021807047BDF800106180D8
:10353000ADF800207047BDF800106180ADF80020A4
:10354000BDF800106180ADF8002070471CB5E22086
:10355000ADF800001D21394CFEF791FD0221FEF768
:1035600027FEE021FEF73CFE0A20BDF80020628025
:1035700000F038FBE021ADF800100321FEF7F0FD6C
:103580000C2000F02FFB0120ADF800000A2000F015
:10359000B6F8E620ADF800002F2000F0AAF8FF20D2
:1035A00000F0B2F8B02100F07CF80321FDF7B7FF7E
:1035B00040F21F3100F069F840F2DF11FDF7E0FF43
:1035C000B421FDF7ACFF0421FEF759FD40F21F4185
:1035D000FDF7D6FF2E2100F076F800F043F8FDF756
:1035E000E8FF0221ADF800104FF40371FEF7FDF87B
:1035F0001521FDF7C5FFFEF7CFFD0321FEF73FFDC7
:103600002921FDF78CFFD021FEF739FDFEF736FDAD
:10361000BE2100F02EF8FE2100F01DF800F053F856
:10362000B82100F011F8FEF72AFD0121FDF777FF20
:10363000BA21FEF7D5FD00F003F813BD7E00006C43
:10364000BDF8000060807047BDF800006080ADF8F4
:10365000001003217047BDF800006080ADF8001035
:1036600001217047BDF800006080ADF80010B62160
:103670007047BDF800006080ADF800100521BDF86E
:1036800000002080ADF800107047BDF80000608099
:10369000ADF800100121BDF800006080ADF8001009
:1036A0007047BDF800006080ADF800102021BDF823
:1036B00000002080ADF800100021BDF800006080FF
:1036C000ADF800107047BDF800006080ADF8001044
:1036D0000021BDF800006080ADF80010BDF80000CA
:1036E0006080ADF80010BDF800006080ADF80010FB
:1036F0007047BDF800102180ADF800007047BDF89C
:103700000010218000F06EBABDF800106180ADF8A5
:103710000000BDF800106180ADF80000704730B4C3
:10372000002513E050F8042BD30744BFA9F101038F
:103730009A18091F042942F8045BFAD213468C0731
:1037400044BF15809B1CC90748BF1D7050F8041B5F
:103750000029E7D130BC7047014648B1B0FA80F18A
:103760008840C91CC1F58461090501EBD0214005E1
:103770007047B1F5807F02D34FF0FF307047017082
:10378000012070470078401E8041C043C00F704741
:10379000B0B581EA030C0CF0004C40F2FF7515EA5D
:1037A00011541DBF15EA1357AC42AF4239E0E4197A
:1037B00023EA455343F48013C90241F0004141EA32
:1037C000505EC7021100A7FB020200284FF0000064
:1037D000EEFB01204FF00001E3FB072118BF42F090
:1037E0000102401800214941E3FB0E01A4F5806469
:1037F0000F0302D252004041494154F101046CDDF3
:10380000470872F1004250F1000051EB0451A1F55C
:1038100080115CBF41EA0C01B0BD4CEA05510020AB
:10382000B0BD05EA1357AC4214BFAF4241E050EAC5
:10383000410E1CBF52EA430E02E061460020B0BDBB
:1038400024423C441BD15FEA070EF6D0090302BFB5
:1038500001460020AEF1140EB1FA81F7AEEB070479
:1038600001FA07FE0C37C7F1200100FA07F7C8403C
:103870004EEA000E23EA455343F48013A2E733F0E7
:103880000043B3FA83F704BFB2FA82FE77440B3FDA
:10389000E41BB7F1200E2FBF02FA0EF3BB40C7F1B5
:1038A000200E22FA0EFE38BF43EA0E03BA40641C13
:1038B00082E750EA410E14BF52EA430E6FF0000156
:1038C0004FF4001717EB430F8ABF194617EB410F50
:1038D000B5E74CEA05510020B0BDD4F10104B4F1C4
:1038E00020070FDAC4F12007520828BF42F0010276
:1038F00010FA07F501FA07F7E1BF2A43E040384321
:10390000E1400FE0352C98DCC7F1200452EA400278
:1039100020FA07F218BF42F0010231FA07F0A14085
:103920000A43002172F1004250F1000051EB0C01FA
:10393000B0BD0268531C036011707047C1F30A5395
:1039400040F2FE329B1A14DDD3F120034FEAE172FC
:1039500008DDC90241EA505141F00040D8408018CA
:103960005040704703F2E13010B1D24382F0004082
:103970007047002070472E002DE9F84F0D460026B5
:103980007749784A0F23044601202F68B04000EAA7
:103990000708804540F0CA804FEA460C032707FA23
:1039A0000CF76FEA070E6F6807F00309B9F1010F12
:1039B0001CBF07F00307022F12D1A768D5F80C909F
:1039C0000EEA070709FA0CF949EA0707A7606768D2
:1039D00027EA00006F68C7F30017B74038436060FC
:1039E000B0002F7907F00307032F21D0E768D5F83F
:1039F00008900EEA070709FA0CF949EA0707E76099
:103A00002F7907F00307022F12D1F70804EB87077D
:103A100000F01C09D7F820A003FA09FB2AEA0B0AD8
:103A2000D5F810B00BFA09F949EA0A09C7F820904D
:103A300027680EEA070E2F7907F0030707FA0CF73D
:103A400047EA0E0727606F6817F4403F6ED00027E3
:103A500000974FEA960C176847F48047176000F00C
:103A60000C00176807F48047009703FA00FE009FD8
:103A70003D4F57F82C7027EA0E0E3C4FBC4208BF52
:103A8000002722D03A4FBC4208BF01271DD0394F32
:103A9000BC4208BF022718D0374FBC4208BF0327DB
:103AA00013D0364FBC4208BF04270ED0344FBC425F
:103AB00008BF052709D0334FBC4208BF062704D0F2
:103AC000314FBC420CBF0727082707FA00F0264FEA
:103AD00040EA0E0047F82C006FEA08000F6800EA81
:103AE000070C6F68FF0348BF48EA0C0CC1F800C020
:103AF0004F6800EA070C6F68BF0348BF48EA0C0C28
:103B0000C1F804C08F6800EA070C6F68FF0248BF65
:103B100048EA0C0CC1F808C0CF6800EA070C6868D6
:103B2000800248BF48EA0C0CC1F80CC0761C0F2E6E
:103B30007FF62AAFBDE8F18F02B9090481617047B1
:103B4000426901EA0203914341EA034181617047FE
:103B50000E4A136803421CBF106000F097BA70470A
:103B6000003C014044380240083801400000024057
:103B70000004024000080240000C02400010024015
:103B80000014024000180240001C0240143C014096
:103B900070B504000D46164601D1012070BD04F138
:103BA0004801487820B900220A70204600F05EFCE7
:103BB000206804F1080100F029F8A268206829466D
:103BC00000F04CF8236BA2686068314600F066F89C
:103BD0002168A06851F8202042F0010241F820201D
:103BE000002070BD38B5044600F0A2FC14F1010FAE
:103BF000054602D004480178641800F099FC401B87
:103C0000A042FAD331BD00BF8832002070B58C6865
:103C10000D6850F82560304B4A681E401643CB684B
:103C20000A6926431E434B6916438A691E43CB69C2
:103C300016430A6A1E434B6A16438A6A1E43CB6ABE
:103C40001643CA6B096B1E4316430E43082C08BF6C
:103C500046F0400640F82560002070BD70B5031D99
:103C6000001D53F822408D690B684E681D438B6818
:103C700045EA0615CE6845EA03250B69496945EA18
:103C800006455B1E45EA0355891E04F0404445EA9B
:103C900001652C4340F82240002070BD70B5B3F59B
:103CA000804F13D150F822500C4C0B684E682540C1
:103CB0001D438B68CC68896945EA061545EA0325EA
:103CC00045EA04450D4340F8225003E06FF070438D
:103CD00040F82230002070BD8000F0FF0000F0CFDF
:103CE0002DE9F841ADF5805DB7B000F027FC00F09C
:103CF0007DF900F03DFC00F0FBFC00F081FB00F0E2
:103D00005DFD00F085FD00F0F8FD00F0F1FE00F033
:103D10004BFF00F09FFF00F0ABFFFCF79EFD00F0B3
:103D2000C1FCDFF80415DFF804454FF47840086063
:103D30000421332001F085F8332001F09AF8606007
:103D4000332001F0A5F83220FFF74CFF41F2982014
:103D500025182946332000F0DDFFA06104F11C0185
:103D6000284601F02EF8A06142F2206141F69C72D3
:103D700000206518A61860803146332000F0D1FF7E
:103D800004F11C01304601F037FBFAEE000A84ED25
:103D9000020A70EE200A00F017F9304601F08CF8A4
:103DA0006088401C81B20229E5DD60804FF6FF701B
:103DB000FCF706FF4FF478400FF2AC41DFF8706477
:103DC00002902022019100922023F02228210A2033
:103DD000FCF77EFFEF2340F23F1200210020FCF7AA
:103DE00034FC0FF28C4002F02FFBAEA700F0F9F884
:103DF000010008BF0FF290401BD00FF298484046D8
:103E000002F022FB0FF29C4002F01EFB4FF48050A8
:103E1000009001AB00220121384603F04BFC70B941
:103E20000FF2904002F010FB00F0DBF820B90FF227
:103E3000904002F009FB07E00146404602E00146DF
:103E40000FF2884002F000FB0FF270510AA8202206
:103E500003F0DCFE02A80FF28451DFF8D8632022C1
:103E600003F0D4FE0A220AA92BA803F045F9C8B929
:103E7000304602F0E9FA02A803F0D4FE024601AB94
:103E800002A92BA803F0E1FA002807BF019906F167
:103E9000240001460FF2444002F0D6FA2BA803F0AA
:103EA000E2FB04E0014606F1540002F0CDFA0122E3
:103EB0000AA92BA803F020F900287AD106F17C008A
:103EC00002F0C2FA642112A803F0B6FE6B46632228
:103ED00012A92BA803F016FA50B9009906F1A40014
:103EE00002F0B2FA12A90FF2084002F0ADFA04E0B3
:103EF00001460FF2104002F0A7FA2BA803F0B3FB23
:103F00002078CD4FA0B16178002904BF387800280F
:103F10000ED101216170207006F1F80002F094FAD0
:103F200000F0C2F80020607006F5927002F08CFA82
:103F30006178002904BF3878002832D141F6181181
:103F400067183946332000F0ECFE0028A06136D413
:103F5000012804BF06F5A67002F076FA04F11C01F0
:103F6000384601F0FFF984ED030A04F11C013846DC
:103F700001F042FAFAEE000A70EE200A84ED020A1D
:103F8000C4ED040A00F020F8384600F095FF41F235
:103F9000842000F01FF841F28E2000F01BF803F09F
:103FA0006DFF0221A548FFF7CBFD0A20FFF71AFE9F
:103FB000A6E7014606F1CC0002F046FAA0E701466A
:103FC000D4A002F041FAECE72A4694ED050A04F188
:103FD0001C01704704F11C0301222946204401F012
:103FE00073BA01223946304603F055B880B592B015
:103FF000302106A803F020FE142101A803F01CFEC6
:10400000002000904FF480338D48016841F08051CA
:1040100001600021006800F08050009000988948FD
:104020000091026842F4804202600122006800F4BC
:104030008040009006A80099069202214FF4800269
:104040000C910D9219214FF4A8720E910F9202213A
:10405000072207931091119204F0AEF808B172B6DE
:10406000FEE702210291002203920F204FF4A0519B
:10407000019004914FF480520592052101A804F0AB
:1040800029FA08B172B6FEE713B000BD042800D0CB
:10409000704780B56C4802F0D7F96448012101707F
:1040A00001BD0000303A00002DE9F8436748684C34
:1040B0000588ADF5B05D05EB45098CB0C9F1040686
:1040C000478806F0030644F6425006EB0901ADF8B6
:1040D000040079430DF1060201F13600106000235F
:1040E000ADF80A30ADF80C300DF10E003622282361
:1040F00002600593069507970122ADF820200A91EA
:10410000002240F61331182309920B910C910D9265
:104110000E92ADF822300E2201A9201D03F076FD8B
:10412000282205A904F1120003F070FDD4F8002044
:104130007FA1501C20600FA804F0A6FA0A220FA944
:104140000DF5C06002F0D8FF010003D07CA002F0A2
:104150007BF955E06B463622211D00F07FF8040004
:1041600002D021467EA045E07F1E0FF2902808E095
:1041700036B16B463246414600F070F8040044D137
:104180007F1E002F45D42C46002522E0B9B2A8B2EC
:10419000FCF709F880B217A905EB450200F01F03F0
:1041A0001144C0F34512C2EB0222C00AC3EB032341
:1041B0004FF01F0CC0EB002093FBFCFC3F2392FB55
:1041C000F3F24A7081F800C01F2290FBF2F0887071
:1041D0006D1CA542DADB6B464A4617A900F03EF893
:1041E00025460400C4D0224639461A4802F02CF96C
:1041F0006AA0214602F028F90DF5C06003F033FAF9
:104200000DF5B05D0DB0BDE8F08322463946124889
:10421000ECE7002CECD10DF5C06003F0DEF90FA93E
:1042200057A002F011F9E7E76400002068000020C1
:1042300048450020101F0108AB700020000002401C
:104240004038024000700040C418010800000020FF
:104250002870002054230108782301080DF5C06060
:1042600003F0F3B872B6FEE753544D33320000004A
:104270004D6F756E74696E67207468652046415491
:1042800046532E2E2E0A00004D6F756E745F4F4BF5
:104290000A0000004D6F756E745F4572726F723A5E
:1042A00025640A004D4B46532D696E672E2E2E0A4B
:1042B000000000004D4B46535F4F4B0A00000000CA
:1042C0004D4F554E545F4F4B0A0000004D4B465327
:1042D0005F4552524F523A25640A00005772697482
:1042E00065206572726F723A2025640A0000000032
:1042F00046696C6520636F6E74656E743A20257331
:104300000A00000052656164206572726F723A2083
:1043100025640A004765744672616D654461746185
:10432000206661696C65643A2025640D0A0000000E
:10433000303A494D47253033642E424D500000003D
:104340004661696C656420746F206F70656E2042F1
:104350004D502066696C653A2025640D0A00000006
:10436000424D50206865616465722077726974659A
:10437000206661696C65643A2025640D0A000000BE
:1043800053617665642073637265656E20696D6143
:1043900067653A2025730D0A000000004661696CCC
:1043A000656420746F207361766520424D502066ED
:1043B000696C653A2025640D0A0000007465737409
:1043C0002E7478740000000000000000000000005F
:1043D00000000000000000000000000048656C6C58
:1043E0006F2C20464154465321000000000000007D
:1043F00000000000000000000000000000000000BD
:1044000000B587B01C220021684604F05DF9404ADF
:104410004048426000220261826102624FF0204106
:1044200001604FF48052826200210623C1600122A4
:104430008360009202920392102141610F231022A7
:10444000019304920021C1614162C1620163416331
:104450008163416411230022059306926946FFF7A8
:1044600097FB08B1FFF7FEFE07B000BD10B586B0A0
:1044700014220021684604F027F92749086800281B
:1044800034D101220A60059000222448016841F0DD
:10449000010101600221006800F0010005904FF465
:1044A000805405981E48019100F029F8FFF764FA3E
:1044B00002210191002202924FF6807000F018F85C
:1044C0001848FFF759FA02210191002202924CF29A
:1044D000337000F00DF81448FFF74EFA02210191F5
:1044E000002200F00CF81148FFF746FA06B010BDA4
:1044F0000321009003910C220492694670470292B6
:10450000032103910C220492009469467047000035
:10451000040100A0FC6E0020A0700020383802408A
:104520000014024000100240000C0240001802403B
:1045300001484068704700BF8832002080B50B48B2
:10454000016841F400710160026842F48062026017
:10455000016841F480710160032004F0CCF80F2061
:1045600004F01EF904F03CF9002002BD003C0240BA
:1045700038B586B01422002101A804F0A5F8002166
:104580005848594C594D0091026842F0800202602F
:104590000022016801F0800100F07FF843F0010380
:1045A0000360016801F0010100F077F843F0200397
:1045B0000360016801F0200100F06FF843F0100380
:1045C0000360016801F0100100F067F843F0020396
:1045D0000360016801F0020100F05FF843F0080396
:1045E0000360016801F0080100F057F843F004038C
:1045F0000360016801F0040100910099009202211A
:10460000036843F040030360006800F0400000903E
:1046100000982046FFF790FA00224FF40041284608
:10462000FFF78AFA01224FF400412046FFF784FA8F
:1046300001220292039248F20201019100220492A7
:1046400001A92046FFF798F90C204FF404110190BE
:1046500002910122039201A92046FFF78DF9012260
:10466000029203924FF4004101910022049201A9A9
:104670002846FFF781F900220021082004F048F8BD
:10468000082004F062F800220021092004F040F81C
:10469000092004F05AF807B030BD0091009900924B
:1046A0000368704710B586B00020009002220D48C4
:1046B0000D4C016841F0200101600123006800F009
:1046C00020000090204600990192029303930492E7
:1046D00001A9FFF751F9012202212046FFF72CFA28
:1046E00006B010BD30380240000002400004024015
:1046F0001FB510220021684603F0E6FF2A4C2B4824
:1047000020604FF480312A48A06200220120E0613D
:1047100060616160A2602261227684F82020E262FA
:10472000E26084F83020204604F076F808B1FFF704
:1047300099FD0020012100900191029069462046D8
:1047400004F01EF908B1FFF78DFD1FBD10B586B04E
:1047500004461422002101A803F0B6FF2168134883
:1047600081421FD1002213480092416941F48071B7
:104770004161416901F48071009100990092012129
:10478000036843F0010303600322006800F00100A6
:10479000009000980848019102920021039101A91C
:1047A000FFF7EAF806B010BD9C6F00200020014022
:1047B0000100000F303802400000024010B5104CDC
:1047C00010490022204604F081F908B1FFF74AFDA4
:1047D0000D49204604F08DF908B1FFF743FD0B4960
:1047E000204604F0B9FB08B1FFF73CFD204604F079
:1047F00091F918B1BDE81040FFF734BD10BD00BFFE
:104800008069002098320020E8320020D033002058
:1048100080B52848284901604FF482721021426017
:10482000C16100234FF400720A218360C3600361F9
:1048300043618261036243628362C16204F094FB5C
:1048400018B1BDE80140FFF70DBD01BD10B586B040
:1048500004461422002101A803F036FF21681648FF
:10486000814224D1002215480092016941F400419F
:104870000161016901F400410091009900924FF437
:10488000E051036843F0040303600222006800F073
:104890000400009000980A480191029200210391BF
:1048A000032206210591049201A9FFF765F806B0DD
:1048B00010BD0000506E0020003C00403038024027
:1048C00000080240002203E00000000000BF0122B7
:1048D0004FF400416648FFF72FB901B582B00020C0
:1048E00032218DF804000091012301AA02A9614838
:1048F00004F098FB9DF804000EBDE8E738B5FFF71B
:10490000E1FF9F20FFF7E9FF00F026F8044600F0E2
:1049100023F840EA042500F01FF80446FFF7D6FF0D
:1049200044EA052032BD80B5FFF7CCFF0620FFF733
:10493000D4FFBDE80140C9E710B5FFF7C3FF05206C
:10494000FFF7CBFF4C4C00F007F8C00701D5641E01
:10495000F9D1BDE81040B9E7FF20BEE770B50446C5
:104960000D461646FFF7DFFFFFF7ACFF0220FFF70B
:10497000B4FF200200F09CF8200400F099F8E0B2A7
:10498000FFF7ABFF002403E0285CFFF7A6FF641CE1
:10499000A0B2B042F8D3FFF799FFBDE87040CBE773
:1049A000F8B50D4605F0FF07C7F580771646BFB28C
:1049B000B7420446A8BF37463A4621462846FFF785
:1049C000CDFFB0B2B84209D03C447D19F61BB7B256
:1049D000B7F5807FC8BF4FF48077EDE7F1BD2DE9D3
:1049E000F0470D46C5F30B04C4F5805A90462F0BD3
:1049F0001FFA8AFAC2458146A8BFC2461F4E4FF42D
:104A000080523903304600F055F8002004E00119C7
:104A1000715CFF2906D1401C5045F8DB52462946FF
:104A200048460FE0384600F02BF8002004E019F863
:104A300000102218401CB1545045F8DB4FF480524E
:104A400039033046FFF7ACFF1FFA88F0504501D11B
:104A5000BDE8F087D1445544A8EB0A087F1C002428
:104A60001FFA88FABAF5805FC8BF4FF4805AC5E7CD
:104A700000000240506E0020A08601007855002002
:104A800010B50446FFF74FFFFFF71CFF2020FFF78C
:104A900024FF200500F00CF82407200EFFF71DFF6F
:104AA0000020FFF71AFFFFF711FFBDE8104043E7B2
:104AB000000E12E7F8B504460D461646FFF702FF52
:104AC0000320FFF70AFF2802FFF7F2FF2804FFF791
:104AD000EFFFE8B2FFF701FF002703E0FFF73CFF1D
:104AE000E0557F1CB742F9D3BDE8F140EEE6430044
:104AF00080B52948294901604FF4E13200230C2197
:104B000042608360C360036141618361C36104F0FB
:104B100023FC18B1BDE80140FFF7A4BB01BD10B5EF
:104B200086B004461422002101A803F0CDFD2168BF
:104B30001A48814223D1002219480092416941F06C
:104B400020014161416901F020010091009900922A
:104B5000C021036843F0040303600222006800F0F0
:104B60000400009000980F480191029200210391E7
:104B7000032208210591049201A9FEF7FDFE06B06B
:104B800010BD01B54FF0FF3301226946024804F021
:104B90001EFC009802BD0000E46F002000140140DC
:104BA0003038024000080240254A2648264980B590
:104BB000426000234FF4804201608360C360026161
:104BC00043618361C361036204F006FD18B1BDE86F
:104BD0000140FFF747BB01BD10B586B00446142263
:104BE000002101A803F070FD21681748814225D1FA
:104BF0000022164C00921222206840F00200206031
:104C0000216801F0020100914FF4406100981048C2
:104C10000191029200210391032204210591049243
:104C200001A9FEF7A9FE00200090216941F480014E
:104C30002161206900F480000090009806B010BD4A
:104C400040420F00A86E002000580040303802405B
:104C50000004024010B5034C0348211D05F0FCF888
:104C6000207010BD90700020F033002000207047AD
:104C7000FFF79ABFFEB514464FF6FF776200029722
:104C800092B21D46019200950A46410010231F482A
:104C900004F0E6FD002648B14FF0FF30FEBDA81934
:104CA000A95D4078A855AA19B61C5170B6EB440FFF
:104CB000F5DB0020FEBDF8B584B00D461646310A7E
:104CC0008DF80C1004464FF6FF71029102200190FE
:104CD00003AF61008DF80D60009710232A46C9B21A
:104CE0000A4804F031FD10B14FF0FF300CE0084FDE
:104CF0003B46012229462046FFF7BCFF3888B042D8
:104D000014BF6FF00100002005B0F0BDA86E0020B8
:104D1000A87000200B464FF450724FF41051FFF76B
:104D2000A9BF7CB505460C46002600F043F80028D4
:104D30003FD1BDF8000010F00800F6D011E0234686
:104D40004FF450724FF480612846FFF793FF80BB09
:104D500000F030F868BBBDF80000761C00F00800D9
:104D6000F6B268B1052E0BDA30224FF40041284626
:104D7000FFF7A1FF10F1010FE1D14FF0FF3076BD39
:104D8000052E02DB6FF0070076BD0DF10203012254
:104D900048F20D012846FFF76DFF04F5D062BDF81B
:104DA00002101180BDF8001001F00101518000B91E
:104DB000084676BD6B4601224FF400412846FFF7B6
:104DC00059BF38B504460D4600F063FC294620461D
:104DD00000F070FCB4F96000A8822946204600F07B
:104DE000CFFC2946204600F0E3FC2946204600F08F
:104DF000E7FC2946204600F0FDFC2946204601F04C
:104E000039F92946204600F079FD2946204600F070
:104E1000C9FE2946204600F05FFF2946204601F0E2
:104E20004FF82946204601F0CDF929462046BDE835
:104E3000344001F033BA45EA010231462046FFF71B
:104E40003ABF7CB500F00CF848B9BDF800104FF639
:104E50007F40ED01014005F46075FFF7ECFF76BD82
:104E60000D4648F20D0604466B4601223146FFF717
:104E700001BF80B500F006F818B9BDF80000C0F316
:104E8000C21002BD6B46012248F20D01FFF7F2BECF
:104E900038B500F009F830B9BDF8002042F480526E
:104EA0002946FFF7CBFF32BD48F20D0504466B469D
:104EB00001222946FFF7DEBE2DE9F84F07461446CA
:104EC0002DED108B07F5CA628AB0B2F832B00E46EB
:104ED000B0EE40BAB0EE608A00F044FAF0EE408ADC
:104EE0003146384600F088FAF0EE40AA9FED8E9ADF
:104EF00078EE090A60EEA00A3AEE890A60EEA00A8E
:104F000020EE000AB0EE602A00EE402A82EE0B2A64
:104F100096F84C0F70EEC2BAFEF71EFC00F036FE9B
:104F200000F01AFA0CEE100A41F24D2006F12808A2
:104F3000305CFEF711FC00F029FE00F00DFA0CEEDB
:104F4000900A96F84A06FEF707FC00F01FFE00F0F4
:104F500003FA0DEE100A98ED010ADFED740AB7EEC0
:104F6000001A0DF1180A00EE201AF7EE001A4FF0A1
:104F70007E50C1EE811ACAF80400CDED061AF7EE94
:104F8000001AB8F91C0098ED021A014600EE101A3A
:104F9000F8EEC00AB7EE000A00EE810A8AED020AB6
:104FA000DFEDE29AB8F91E1098ED031A081A00EE28
:104FB000900AF8EEE00A40EE811A21EE800A07F529
:104FC000C2608DED090A07F5CA62818800EE101AE9
:104FD000B8EE400AB6F914100292B4EE690AF1EE86
:104FE00010FA01EE101AA4BFDFEDD10A30EE200A4C
:104FF000B8EEC11A0088158EC1EE00DA00EE100A74
:105000000298B8EE400A8DED000AE946018800EEEC
:10501000101A6D09B8EE400A05F0800589ED010A05
:10502000002009EB800191ED000AB4EE690AF1EE6F
:1050300010FA05DBDFEDBE0A30EE200A81ED000A32
:1050400009EB8002401C92ED000A20EE2D0A012897
:1050500081ED000AE5DD9FEDB70A41F2582138EEF7
:1050600080AAD6ED070A705ED6ED081AB7EE000AE0
:105070000AEE200ABBEE091A7AEE81AAF7EE000AC0
:1050800001EE100A4AEEA10AB8EEC11A21EE201A6A
:10509000DDED001A41EE401A7218CDED001AB2F99A
:1050A0000200D9ED011A01EE100A96F8250085429A
:1050B000B8EEC11A04D0701890ED012A31EE021A30
:1050C00061EE200A40EEC01A7318C9ED011A03936D
:1050D0000597049400273811791107EBD06007EB8E
:1050E000916240119211A0EB4200BA1CFB1C5110BE
:1050F00002EB91725910921003EB91737C1CA2EB9E
:10510000A302631004EB937102EBA102791007EB89
:1051100091734100A2EBA302C1F1010112FB01F165
:1051200035B902460AE000BF3393884300002042AD
:1051300007EBD7725210A7EB42024240029B5B8EF4
:1051400052B29A4240F0E080059A32F8173006EBEE
:10515000470206EB070EF7EE001A00EE103AB2F91E
:105160004C36B8EE400AB4EE690AF1EE10FAA4BF6C
:10517000DFED6F0A30EE200A00EE903AF319F8EEF8
:10518000E00A93F94CCC9EF94D3F01EE10CAB8EEFF
:10519000C11A81EE0C1A41EE2A1A60EEA11A00EE35
:1051A000903AF8EEE00A96F82530C0EEAC0AB7EE79
:1051B000001A20EE2D0A00EE8A1A9D4201EEC10A65
:1051C00014D00006C015401E00EE900A039890ED22
:1051D000031AF8EEE00A00EE810A49B200EE901AD6
:1051E000F8EEE00A90ED021A00EEC10A09EB8B001E
:1051F000D6ED060A90ED001AB2F84A0000EEC10A98
:1052000080EE0BEA9FED4C0A00EE900A2DEE000AAC
:10521000F8EE600AC0EE200A98ED001AB7EE000A18
:105220000AEE810A60EE80EA2EEEAE0AF0EE4E1A29
:1052300020EE2E0A4EEEAB1A20EE210A00F0A2FC60
:1052400000F07CF804F00CFEB0EE408A98ED020A03
:10525000B7EE00FAF0EE608A00EE49FA00F092FC38
:1052600053EC182BFEF794FA04F07CFE00EE100AC3
:105270000FEE2E0A00F082FC00F060F804F0F0FD62
:1052800000F04CF804F06EFEB8F91AC000EE90CAB7
:1052900000EE100A00F058F848BF00200DD4B8F90D
:1052A0001C0000F04FF848BF012006D4B8F91E00DA
:1052B00000F048F84CBF0220032006EB40020AEB46
:1052C000800106EB8000D1ED000AB2F94010D0ED6C
:1052D0000B1A01EE101AB8EEC11A30EE410AB7EE01
:1052E000001A6EEEA00A00EE211A20EE810A00F0EC
:1052F00045FC00F023F804F0B3FD00F00FF804F0D3
:1053000031FE049941F827002746B7F5407FFFF6A4
:10531000E2AE0AB0BDEC108BBDE8F18F53EC102B60
:105320004FF0C040DFF8681B04F050BE01FEFF469E
:10533000000080C7333353C0BD37863541EC100BB6
:1053400004F08EBD00EE900AF8EEE00AB4EE600ABA
:10535000F1EE10FA7047000051EC100B04F002BEA1
:105360000000000038B500F254602DED048B0C46AF
:105370000188858D94F8240000EE101AB8EE408A5A
:10538000DFED4E0A00F07EFDA4BF9FED4D1A38EE12
:10539000018AFEF7E1F900F0F9FBC5F38125B0EED3
:1053A000409AF0EE609A284604F0CEFE00F0EEFB44
:1053B00051EC190B53EC102B04F0D8FE04F0D2FD85
:1053C000B4F9001000EE100AB4F9020000EE900AE1
:1053D00020EE080AF8EEE00A01EE101A30EE600A3C
:1053E000B8EEC11A80EE011ADFEDDE1ABDEC048BB7
:1053F00031EE210A31BD000038B52DED068B054692
:105400000C46FFF7AFFFB5F84006B0EE408A00EE5D
:10541000100AF8EE408AB5F800069FED280AF4EE6F
:10542000408A01EE100AF1EE10FAB8EE419AA4BFDC
:10543000DFED230A78EEA08AB4EE409AF1EE10FA7E
:10544000A4BF9FED1F2A39EE029A9FEDC41B9FED6A
:10545000CA0B04F0B2FFB0EE40AA94ED040A08EEC5
:10546000809A88EE890AF0EE60AA00F08BFB53EC7C
:105470001A2BFEF78DF904F075FDDFED120A78EEB8
:10548000200A94ED011AF7EE001A00EE100AA08926
:1054900040EE811A00EE900A80EE210AF8EE600AD2
:1054A00070EE600A94ED020A80EE800AB3EE091AEB
:1054B000BDEC068B30EE010A31BD000001FEFF4657
:1054C000000080C7333353C02DE9F84F2DED048B16
:1054D00084B00026B6EE008A6C4681460D4617461B
:1054E0009A461EE039F81600291F2B1D01EB800299
:1054F00003EB800192ED000AD1ED000A70EE200A64
:1055000005EB800060EE880AC0ED000A07E09BED25
:10551000010ADDED000A70EE200ACBED000A761CD0
:10552000F6B239F816204FF6FF70824200F0AE80D6
:10553000D104090EA2EB4110012FC0B252D105EBEC
:105540008202B1B918B9D5F884001060E7E71F28C6
:1055500004D105F18400416F1160E0E792ED1F0A6C
:10556000D2ED210A70EE200A60EE880AC2ED000A30
:10557000D5E717290FD110B9D5F8040BE5E71F2897
:1055800008BF05F60430E6D0A2F1840090ED000AD1
:10559000D0ED020AE6E7A2F1840110B991ED020A0A
:1055A000DEE71F2891ED000A08D1D2ED1F0A30EE88
:1055B000200A20EE080A82ED000AB0E78DED000A0D
:1055C000886860606846D16FA1600421D2F88420A9
:1055D000E26000F0F0FE39F8160005EB800181ED85
:1055E000000A9CE720B905EB82004168016096E75C
:1055F000012818BF1E283FF475AF1F2804D105EB02
:10560000820050F8041CF1E7901E514680B200F071
:1056100006FF002807D139F81600801C514680B2D9
:1056200000F0FDFE00287FF45DAF39F8160005EBB1
:10563000800B9BED010ADBED020A70EE600AABF114
:105640000808CDED000A98ED010AD8ED000A70EEC9
:10565000608AC4ED018A18EE900A04F0B7FE21F0CA
:10566000004141EC190B009804F0B0FE21F000431A
:10567000024651EC190B04F0CDFEBFF448AF98ED93
:10568000010A30EE280A8BED000A48E704B000F06A
:10569000D6BCB0F86600020A802AA8BFA2F58072C4
:1056A00000F0FF00520140010A80A0F580404880D0
:1056B00070470000F8B50E4600F162012DED028B37
:1056C0004A88008C0F88930A00EE103AB8EE400A20
:1056D00000F04AF8A4BF9FED7F1A30EE010ADFED1B
:1056E0007E0A20EE208AC2F3090200EE102AF8EEAC
:1056F000C08A9FED7A1AF4EE418AF1EE10FAA4BF47
:10570000DFED770A78EEA08A00F4704004F01CFD0B
:1057100004460D469FED731B9FED170B04F04DFEE5
:1057200053EC102B2046294604F020FD0022DFF820
:10573000603B04F04BFC04F015FCF4EE000A00EEB4
:10574000100A68EEA00A86ED018AC6ED020AB7814A
:1057500086ED040ABDEC028BF1BD000000000000E4
:105760000000324033335340DFED620AB4EE600A8A
:10577000F1EE10FA70470000000000000000004049
:1057800090F8780000EE100AB8EEC00ADFED570A74
:10579000B4EE600AF1EE10FAA4BF9FED551A30EE98
:1057A000010ADFED550A20EE200A81ED060A704756
:1057B000B0F87000000B00F0030081F8240070477F
:1057C000B0F87800000A00EE100AB8EE400ADFEDEB
:1057D000470AB4EE600AF1EE10FAA4BF9FED441A36
:1057E00030EE010ADFEDE40A20EE200A81ED0A0A1C
:1057F0007047000030B500F17A020A209388C3F3A5
:10580000013343436FF0270401F14200A1F8404007
:105810000025058094882406240F44809488C4F3CE
:10582000032484804488B0F9045014FB03F44480BA
:1058300013FB05F303FA84F34FF4C874C480838028
:105840000123107900F00F00083003FA00F01388EC
:1058500003F0FF041B0A00EE104A00EE903AB8EE87
:10586000C00AF8EE600A81ED0B0AC1ED0C0A5288FD
:1058700002F0FF0300EE103A120AB8EEC00A00EE82
:10588000902A81ED0D0AF8EE600AC1ED0E0A0022A1
:1058900000EE100A01EB82009FED141AD0ED0B0A06
:1058A000F4EE410AF1EE10FA05DBDFED111A70EEAD
:1058B000A10AC0ED0B0AF8EEC00A90ED0B1A521CBB
:1058C000C1EE200A042AC0ED0B0AE3DBDFF8C809A9
:1058D000C86330BD000080C2000080390180FF43F2
:1058E000000080C40000000000002C400100FE42C7
:1058F000000080C30100F8410000003D2DE9F84F91
:105900002DED028B00F14002ADF54F6D1488B2F819
:1059100002900B4604F00F012706250A240B1E34C3
:105920003F0F05F00F0AE4B2002600EB46050DF12B
:10593000100EB5F844B0B2000BF00F0C4EF822C0B8
:10594000CBF3031B0DF1100C0CEB820E761CCEF882
:1059500004B0B5F844B0CBF3032BCEF808B00DF18A
:10596000100BB5F844500BEB82022D0B062ED560C0
:10597000DBDB002204AE04AD55F82250082DA4BF95
:10598000103D46F82250521C182AF4DB002200EB8E
:1059900042060DF1700EB6F850B095000BF00F0CEA
:1059A0004EF825C0CBF3031B0DF1700C0CEB850EEC
:1059B000521CCEF804B0B6F850B0CBF3032BCEF89F
:1059C00008B00DF1700BB6F850600BEB8505360B87
:1059D000082AEE60DBDB024600201CAE1CAD55F849
:1059E0002050082DA4BF103D46F82050401C202810
:1059F000F4DB184641F250260644002500960DF1CE
:105A0000F0080026039202900191039806EB451BD3
:105A100000EB4B01DFED600AB1F88020C2F3051006
:105A200000EE100A3CA800EB8B0100F039FA05DB10
:105A30009FED5A1A30EE010A81ED000A2046FDF76B
:105A40008BFE00F0A3F804A81CAA50F8251052F809
:105A5000260001FA0AF14944B840B0EE408AF0EE5F
:105A6000608A4118019800EE101A0121814008EB6C
:105A70008B0000EE901AB8EEC00AF8EEE00A90ED46
:105A8000001A00EE810A00F07DF853EC182B04F0A8
:105A90006DFB04F067FA0099D1ED000A91ED011A4F
:105AA00000EE100A029870EE810A90ED061A60EE80
:105AB000810AF6EE001A00EEE10A9FED392A08EBA2
:105AC0008B00761C82EE000A202E80ED000A9CDB03
:105AD0006D1C039A02980199182D92DB9DED3C0AEA
:105AE00001213CAF07EB8102D2ED000AFFF73EFE39
:105AF00048BFB0EE600A491CB1F5407FF2DB0026DA
:105B000004E0F0EE000A20EE200A761C9FEDDB1A7E
:105B1000B4EE410AF1EE10FAF3D44FF0000B054653
:105B200057F82B0004F052FC80460C46F0B2FDF70B
:105B300013FE00F02BF851EC100B42462346FDF704
:105B400027FE04F00FFA00EE100AF6EE000A00F04D
:105B5000B2F905EB4B010BF1010B10EE100ABBF58E
:105B6000407FA1F84A00DBDB85F84A660DF54F6DF2
:105B7000BDEC028BBDE8F18F000000398EEE000A0B
:105B800030EE2B0A10EE100A04F020BC41EC110B91
:105B90009FEDC00B04F011BC0100F841000080C271
:105BA000BD3786352DE9F047B8B0028C8A4602F041
:105BB0000F0C1106120AB0F92230090F02F00F0281
:105BC0004FF0000E0DF1800800EB4E064FEA8E05F7
:105BD000B48C04F00F0748F825700DF1800909EB2B
:105BE0008507C4F303147C600EF1010EB48CC4F37A
:105BF0000324BC6020ACB68C04EB8505360BBEF1EB
:105C0000060FEE60E0DB002558F82560082EA4BFE3
:105C1000103E48F825606D1C182DF5DB002400EBC4
:105C20004405A600B5F8309009F00F074DF826702E
:105C3000C9F303196F4607EB8607641CC7F8049085
:105C4000B5F83090C9F30329C7F808906F462D8E38
:105C500007EB86062D0B082CF560E0DB00265DF8CF
:105C60002640082CA4BF103C4DF82640761C202E60
:105C7000F5DB4FF0000E002606EB4E150AEB45044F
:105C800000EB4505B5F88070BF0AA4F84C76B4F96E
:105C90004C56202DA4BF403DA4F84C5658F82E5029
:105CA0005DF8267005FA02F999448F40B944B4F8BA
:105CB0004C56012707FA0CF7761C15FB0799202E86
:105CC000A4F84C96D8DB0EF1010EBEF1180FD2DB12
:105CD00038B0BDE8F08700002DE9F24F82462DED87
:105CE000048B0AF16C01ADF5416D0A888DF80A202C
:105CF000130A8DF8083000254A888DF80B20130A06
:105D00008DF8093003AC888807063F0F0837FFB2CB
:105D100000F00F08002606EB45194FEA29104FEA5C
:105D2000691209EBD06109EB926049118011A1EB76
:105D3000400109EBD972A1EB620109EB41000AEBCA
:105D40004901DFED560AB1F88020C2F3420100EEAE
:105D5000101A04EB890100F0A3F805DBBAEE001A73
:105D600030EE010A81ED000A02AAC0B2761C12F9D7
:105D700000B0012000FA08F008EE10BA08EE900A10
:105D800004EB8900B8EEC88AF8EEE88A90ED001AB4
:105D900008EE818A00F062F9CDE900013846FDF78E
:105DA000DBFCFFF7F3FEDDE9000153EC102B04F000
:105DB000DDF904F0D7F844F82900202EABDB6D1C88
:105DC000182DA7DB039804F001FB21F0004104F03B
:105DD000C9F808EE100A01240DF10C0959F8240045
:105DE00004F0F4FA00F036F953EC192B04F012FB2E
:105DF00005D251EC190B04F0B5F808EE100A641C3A
:105E0000B4F5407FEADB002504E0B0EE000A28EE9E
:105E1000008A6D1C00F034F8F7D4DDF8204C002621
:105E200059F8260004F0D2FA80460F46E8B2FDF792
:105E300093FCFFF7ABFE51EC100B42463B46FDF7DF
:105E4000A7FC04F08FF800F00DF907D500F031F849
:105E5000A11910EE100A81F84C0C06E000F0F3F8DE
:105E6000A31911EE102A83F84C2C761CB6F5407F4E
:105E7000D6DB84F84C5F0DF5416DE0E00000004793
:105E8000DFEDCC0AB4EE608AF1EE10FA7047000044
:105E9000661271C000000000000000400100404098
:105EA000B8EEC00AB4EE600AF1EE10FA81ED000A15
:105EB0007047FEEE000A30EE200ABDEEC00A7047C1
:105EC0002DE9F84F2DED048BADF5406D82B00C46F9
:105ED00030F8681FCDF804D00A0B082AA8BF103A82
:105EE0008DF800200DF1080A0A0A02F00F02082AB4
:105EF000A8BF103A8DF802200A06120F01F00F0118
:105F0000082AA8BF103A0829A8BF10398DF8012027
:105F10008DF8031000250089000A00F00F0B002601
:105F200006EB451739117B1107EBD16207EB936143
:105F300052118911A2EB410207EBD771A2EB61026A
:105F4000019807EB4201C9B2761C405601EE100AD7
:105F5000B8EEC11A11EE100A04F038FA80468946EC
:105F60005846FDF7F9FBFFF711FE53EC102B4046A6
:105F7000494604F0FBF803F0F5FF4AF82700202E0D
:105F8000CEDB6D1C182DCADB029804F01FFA21F03D
:105F9000004103F0E7FF08EE100A01250DF1080BA0
:105FA0005BF8250004F012FA00F054F853EC192BBA
:105FB00004F030FA05D251EC190B03F0D3FF08EED0
:105FC000100A6D1CB5F5407FEADB002604E0B0EE58
:105FD000000A28EE008A761CFFF752FFF7D400274C
:105FE0005BF8270004F0F2F905468946F0B2FDF7A8
:105FF000B3FBFFF7CBFD51EC100B2A464B46FDF7E8
:10600000C7FB03F0AFFF00F02DF807D5FFF751FFF6
:10601000E11910EE100A81F84D0F06E000F013F8B8
:10602000E31911EE102A83F84D2F7F1CB7F5407F3E
:10603000D6DB41F24D2026540DF5406D02B0BDEC8B
:10604000048BBDE8F18FB6EE001A30EE011ABDEEFA
:10605000C11A704721F0004141EC190B18EE100AEB
:1060600004F0B4B900EE100AB5EE400AF1EE10FAF1
:1060700070470000DFED7D0A2DE9F84F884600F1FA
:1060800040052DED048B6F8E2E88AC8EC7F3090072
:1060900000EE100AB8EEC00AB4EE600A9FED749AE2
:1060A000360B1B36C4F30909B9F5007FA8BFA9F563
:1060B0008069A40A202CA8BF403CF1EE10FAA4BFCE
:1060C0009FED6C1A30EE010AFFF75CFD82468B46AD
:1060D000F0B2FDF741FBFFF759FDBF0A53EC102B5F
:1060E0005046594604F042F803F03CFF01EE107AA6
:1060F000B8EE410AFFF738FBA4BFDFED5F1A30EEC0
:10610000210ADFED5E0AB7EE001A08EE100A95F8D4
:10611000360000EE201A00EE100AB8EEC00AB4EE07
:10612000490AF1EE10FAA4BFDFED550A30EE200A5D
:1061300061EE088AFFF726FD0646288EC0F303109D
:1061400008300F46C0B2FDF707FBFFF71FFD00F058
:1061500033F803F007FFC8F820004C44E88E000A2B
:1061600000EE100AB8EE400AB4EE490AF1EE10FA59
:10617000A4BFDFED430A30EE200AFFF703FD064619
:10618000288E000A0F4600F00F00FDF7E5FAFFF732
:10619000FDFC00F011F803F0E5FEC8F81C0041F228
:1061A0005020404480ED008AC0ED018AA0F808909C
:1061B000448144E70000804253EC102B30463946BE
:1061C00003F0D4BF10B5B0F86A30828AB0F86A0024
:1061D00003F03F0400EE104AB8EEC00ADFED290AD2
:1061E000B4EE600ADFED280A1209F1EE10FAA4BF3E
:1061F0009FED211A30EE010A20EE200AC3F384132A
:1062000002F0800200EE903A82F08002F8EEE00A9E
:106210009FED1E1AF4EE410A81F82520F1EE10FAE6
:10622000A4BFDFED1C1A70EEA10AC00A01EE900AAD
:1062300041F25C20F8EE611A0844F4EE411AF1EEE6
:1062400010FA80ED000AB6EE002AA4BF9FED111AE5
:1062500071EE811AB4EE000A60EE820A21EE800A25
:10626000C0ED010A80ED020A10BD00000180FF436D
:106270000100FE42000080C4000080C20000003C1B
:10628000000080C30100F8410000803D0100704122
:1062900000002040000000C217B751B92DE9FC47AB
:1062A00002460B46002041F26826ADF800000025AA
:1062B000002400214FF6FF7703EB060808EB4106A8
:1062C000491C378005297781F8DB41F27221844629
:1062D00003EB010902EB4C01B1F8801021B928F859
:1062E00015C06D1CADB205E0C90703D529F814C06F
:1062F000641CA4B20CF1010CBCF5407FB8BF052DA5
:1063000006DA052CE6DB052C07DB6FF0030041E025
:10631000052DF8DB6FF002003CE061190529A8BFEC
:106320006FF0040036DA00270BE038F81A1038F85E
:10633000170000F031F868BB0AF1010AAA45F4DB46
:106340003746AF4202DA7E1CB246F7E700270BE081
:1063500039F81A1039F8170000F01EF8D0B90AF110
:10636000010AA245F4DB3746A74202DA7E1CB24698
:10637000F7E700260AE039F8171038F8160000F0A1
:106380000BF838B97F1CA742F5DB761CAE42B8BFCC
:106390000027F8DBBDE8F687421A02F12101032944
:1063A00024BF531C032B6FF0050003D31F3A032AAD
:1063B00028BF0020704770B5002212E000EB830672
:1063C00095ED000AD6ED000AF4EE400AF1EE10FA5F
:1063D00044BFC5ED000A86ED000A5B1C8B42EDDB75
:1063E00022464B1E9A4204DA541C234600EB8205D7
:1063F000F4E701EBD172521000EB8203B1EB4201E2
:1064000093ED000A0AD100EB8200011FB6EE001ADC
:10641000D1ED000A30EE200A20EE010A70BD30B541
:10642000002201EB420341F2682423445D89A84223
:106430001CBF1B88984204D0521C052AF1DB0020A7
:1064400030BD012030BD00000EB4C0B5024603A827
:1064500000210190009101AB0121044878440C30E7
:1064600003F0F0FF06BC5DF810FB00BF4FC000005A
:106470004178007807E0C178827842EA01224178C9
:10648000007841EA022140EA012070470170090AC0
:10649000417070470170090A4170090A8170090A48
:1064A000C17070472AB111F8013B00F8013B521E40
:1064B000F9D17047521E00F8011BFBD17047F0B5AF
:1064C000024600230024DFF84C5905EB041630681F
:1064D00080B11768B84202BF70689768B84202BFBF
:1064E000B0685669B04206D1022C0AD193B902298C
:1064F00005D10FE00123641C022CE6D3F4E712203F
:10650000F0BD29B905EB04108289B2F5807F01D175
:106510001020F0BD0020F0BDF0B50246946815686B
:10652000DFF8F068002318013758AF4202BF371D6B
:106530003F58A74201BF06F1080738585769B842CB
:1065400002D05B1C012BEED9022B11D13068002345
:1065500000281EBF0123306900280ED1180137180A
:106560003D607C6006F10804526922500020B88129
:1065700006EB0312908929B108B10020F0BD4FF459
:10658000807000E0401C9081581CF0BD10B5401E8A
:10659000022814D20001DFF87C180A189389B3F599
:1065A000807F01D01C0002D10023938103E05B1E99
:1065B00093819BB20BB900220A50002010BD02202B
:1065C00010BD30B50021DFF84C2800250B01D45850
:1065D000844208BFD550491C0129F7D930BDF8B510
:1065E00005460024E878A0B1EE6A00F014F808B17E
:1065F00001240EE0E870296AA869711A814208D264
:10660000AF7804E0A869861900F005F87F1E012F15
:10661000F8D82046F2BD68780123324605F13001F2
:1066200004F096BF70B504460D46E06A0026854228
:106630000DD02046FFF7D3FF060008D16078012374
:1066400001F02AF810B14FF0FF350126E56230461F
:1066500070BD38B50446FFF7C2FF050037D120787A
:10666000032804BF207901282AD14FF48052002149
:1066700004F13000FFF71EFF4AF6552104F22E20E8
:10668000FFF704FFDFF8681A04F13000FFF702FF9C
:10669000DFF8601A04F50570FFF7FCFE216904F5C8
:1066A0000670FFF7F7FEE16804F50770FFF7F2FEEA
:1066B000E2696078521CE26200F0D0FF0020207195
:1066C00000226078002104F051FF00B10125284626
:1066D00032BD4269891E921E914201D3002070474B
:1066E0004289806A02FB0101084670472DE9F041AA
:1066F0000C460568022C47D36869844244D2297845
:1067000001294FF0FF3604D03ED303292CD01CD3EF
:106710003AE0296A04EB540700F067FA002834D104
:1067200000F0AAF810F80180296A00F05EFA60BB58
:1067300005F13000C7F30B07C15D48EA0126E00709
:1067400054BFC6F30B0636091FE0296A01EBD421BA
:1067500000F04DFAC8B905F13000640500EB1450A3
:10676000FFF786FE064610E0296A01EB942100F04F
:106770003EFA50B905F13000A40500EB1450FFF7C4
:106780007AFE20F0704600E001263046BDE8F08138
:106790002DE9F0410E46022E054614464FF0020840
:1067A00067D36869864264D22978012904D060D30E
:1067B000032943D031D35CE0296A06EB560700F089
:1067C00014FA5FEA000854D100F056F80844F207C2
:1067D00043BF017801F00F0141EA04112146017025
:1067E0000120E8702846296A01EB1731FFF71AFFEC
:1067F0005FEA00083DD105F13000C7F30B07C0196F
:10680000F10748BF240906D40178240A01F0F001F9
:1068100004F00F040C43047029E0296A01EBD6212F
:1068200000F0E5F95FEA000823D105F130007605B4
:10683000A1B200EB1650FFF729FE18E0296A01EB20
:10684000962100F0D4F95FEA000812D105F130007A
:10685000B60500EB16563046FFF70DFE24F07044E7
:1068600000F0704040EA04013046FFF713FE0120BB
:10687000E8704046BDE8F08105F13000C7F30B0138
:106880007F1C7047F8B505460F462E68012F11464C
:1068900029D97069874226D229B14FF0FF3200F022
:1068A00078F801001ED139462846FFF71FFF040083
:1068B00017D0012C17D014F1010F16D0002200F0D0
:1068C00067F801000ED170693169821E914205D2CC
:1068D000491C3161317941F001013171274687420C
:1068E000E1D30020F2BD0220F2BD0120F2BD2DE96E
:1068F000F04180460C00D8F8006006D1F56815B16B
:10690000706985420ED301250CE0FFF7EFFE0128E8
:1069100098BF01203AD910F1010F37D07169884230
:1069200034D325462F4670697F1C874202D3022745
:10693000012D0BD939464046FFF7D8FE40B101285A
:1069400018BF10F1010F21D0AF42ECD100201DE0A3
:106950004FF0FF3200F01CF890B924B13A462146BE
:1069600000F017F860B9F76071693069891E8142DB
:1069700024BF401E3061307940F00100307104E0E6
:1069800001280CBF4FF0FF3701273846BDE8F081E2
:1069900039463046FCE6C26A00684389090B121D7D
:1069A000B1FBF3F003E0884206D3401A08321168C5
:1069B0000029F8D1002070475168081870472DE968
:1069C000F04105460E462F68B6F5001F2DD216F091
:1069D0001F0F2AD1AC686E6154B93878032801DBE7
:1069E0007C6A2CB93989700988421ED2786A18E00D
:1069F000B7F80A8006E0022C17D37869844214D2D3
:106A0000A6EB0836B6EB083F214608D32846FFF729
:106A10006DFE044614F1010FEDD1012011E000F0EC
:106A200083F8E861AC61E86908B9022009E000EB8D
:106A30001630E861C6F30B06B81900F1300129627F
:106A40000020BDE8F0812DE9F04106460C4675694D
:106A50003768F069203510B3B5F5001F1FD229053E
:106A600057D1401CB169F06121B939896809884260
:106A70004FD312E07889401E10EA153F49D13046C5
:106A8000FFF734FE8046B8F1010F16D918F1010F57
:106A900035D07869804537D31CB90020F0610420D7
:106AA0003FE0B1693046FFF722FF5FEA000808BF08
:106AB000072036D0B8F1010F01D1022031E018F1E2
:106AC000010F1CD03846FFF78AFDC0B94FF4805241
:106AD000002107F13000FFF7EDFC00F024F800245E
:106AE00002E0F86A641C401CF8627889844208D28B
:106AF0000121F9703846FFF772FD0028F1D001201E
:106B00000FE0F86A041BFC62C6F8188000F00BF86E
:106B1000F061756107F13000C5F30B054119316271
:106B20000020BDE8F08141463846D2E570B5044604
:106B30000D4605F11A00FFF79BFC21780329064654
:106B400005D105F11400FFF793FC46EA00463046F4
:106B500070BD70B504460D461646B1B205F11A0077
:106B6000FFF794FC2178032905D1310C05F11400BD
:106B7000BDE870408AE470BDF8B5054600212C6878
:106B8000FFF71DFF070016D10026E9692046FFF731
:106B900049FD07000FD1286A0078E5281CBF0028AE
:106BA000002602D1761C012E08D001212846FFF7CD
:106BB0004AFF0700E9D0042F08BF0727380012D189
:106BC000E9692046FFF72EFD07000CD1286A202234
:106BD0000021FFF76FFC286A0B2205F12401FFF763
:106BE00061FC0120E0703846F2BD01EB1731284608
:106BF00018E52DE9F84304460F46D4F8008000E07C
:106C00007F1C38782F2818BF5C28F9D00020A0609E
:106C100004F12406397820292BD28022F272002137
:106C20002046FFF7CCFE024690E03278E52A04BF0A
:106C300005203070202DCCBF00200420F0720021F0
:106C400025682046FFF7BBFE02006FD0F07A1100E6
:106C500077D140077AD4A179C80676D56169C1F3A6
:106C60000B0108EB010000F130014046FFF75EFF29
:106C7000A0600B2220213046FFF71CFC00210022DF
:106C800008230FF2D00CDFF868E60FE009F10109E4
:106C900099F80000002818BFA842F7D140BBA5F121
:106CA00061001A2838BF203D7554491CBD5C521C38
:106CB000202D1ADD2F2D18BF5C2D11D02E2D09D0BF
:106CC000994215D2802DA4BF0EEB050010F8805C10
:106CD000E146DDE70B2B0BD008210B23E6E7521C26
:106CE000B85C2F2818BF5C28F9D0002917449CD124
:106CF00006222BE0C87A236A00F03F00A071D87A00
:106D000001070DD4B4460B2113F801EB1CF8010B5D
:106D1000491EAEEB000001D00028F5D0002895D028
:106D200000212046FFF78FFE02008FD1E169FFF7B7
:106D30005EFF02008AD1216A08780028DAD1042295
:106D400084E7042A02D1400700D405221046BDE89A
:106D5000F2830000222A2B2C3A3B3C3D3E3F5B5DF8
:106D60007C7F000003464FF0FF301A68002A00D1F4
:106D7000704710B5144600E0641C2178212901D326
:106D80003A29F9D13A290CD112F8011B30390A29D4
:106D900008D2A24208BF002904D1611C002019605A
:106DA00010BD002010BD10B5044600224FF0FF3387
:106DB000E270E362FFF736FC08B1042010BD04F274
:106DC0002E20FFF755FB4AF65521884201D00320BB
:106DD00010BD04F130000178E92904D0EB2904BF8B
:106DE0008078902813D104F16600FFF744FB20F06F
:106DF0007F40DFF80015884207D004F18200FFF7DA
:106E00003AFBDFF8F414884201D1002010BD0220C3
:106E100010BD0000647000202DE9FF410E460021E6
:106E200031601446FFF79EFF070048BF0B2007D4D0
:106E3000DFF8C88408F1040050F827500DB90C2081
:106E40000BE1356004F0FE04287848B1687804F05E
:106E50005DFBC10704D4002C01D040070DD4FBE03A
:106E6000002028706F70687804F059FBC10748BF94
:106E7000032003D41CB1400701D50A20EDE0002116
:106E80002846FFF790FF002602281ED1002405EBBC
:106E9000041101F5F771087918B101F10800FFF745
:106EA000EAFA4DF82400641C042CF0D35DF8264067
:106EB00024B121462846FFF776FF00E00320022890
:106EC00002DB761C042EF1D32646042808BF0120DD
:106ED000D4D0022880F2818005F13B00FFF7C8FA88
:106EE000B0F5805F79D105F14600FFF7C1FA0400E3
:106EF00004D105F15400FFF7BEFA044605F13D0048
:106F0000AC61C178A970012918BF022965D14C4331
:106F100000786881010060D0421E10425DD105F109
:106F20004100FFF7A5FA10F07F0F288155D105F138
:106F30004300FFF79DFA070004D105F15000FFF769
:106F40009AFA074605F13E00FFF792FA002844D06E
:106F50002989231803EBD1139F423ED36A89FF1A74
:106F6000B7FBF2F2002A38D003274FF6F67C6245D1
:106F700038BF022740F6F67C624538BF0127921CD5
:106F80006A61EE6180199B19032F2862AB6210D1F0
:106F900005F15A00FFF76CFA002804BF2889002881
:106FA0001BD105F15C00FFF766FA68626869800032
:106FB0000DE091B1286A241868696C62022F0FBF36
:106FC000400000EB400100F0010000EB5100A96916
:106FD00000F6FF70B1EB103F01D20D203DE04FF005
:106FE000FF302861E8608020032F28712AD105F145
:106FF0006000FFF73DFA012824D1711CFFF7F7FD6F
:1070000000BB287105F22E20FFF732FA4AF655210F
:10701000884217D105F13000FFF72DFA3449884234
:1070200010D105F50570FFF726FA3249884209D1DB
:1070300005F50670FFF71FFA286105F50770FFF7E1
:107040001AFAE8602F70B8F80000401CA8F8000099
:10705000E8802846FFF7B5FA002004B0BDE8F081CB
:1070600070B5044609260D46002C1CBF2168002976
:107070000DD0087858B1A088CA88904207D14878C6
:1070800004F044FAC00702D42068002600E0002083
:107090002860304670BD73B582B0154600916846D1
:1070A000FFF760FE002848BF0B201ED4934901EB78
:1070B0008006746824B12046FFF783FA002121700E
:1070C000029810B90021716008E002990020087050
:1070D000029A7260029808B1012D01D0002004E0EC
:1070E000002202A903A8FFF797FE04B070BD0000BC
:1070F00052526141727241612DE9F24104008DB03A
:1071000008BF092000F0F08002F03F073A466946C8
:107110000DA8FFF781FE060065D100980D9901903A
:1071200001A8FFF766FD06000DD19DF833000106AA
:1071300048BF062607D417F0FE0118BF012101A899
:10714000FFF7BDF9064617F01C0F00F0A9803000CC
:1071500000F09C80042E46D16949086800281EBFB3
:1071600008690028122603D101A8FFF705FD06468D
:10717000300047F0080735D1380739D5FDF776FDDF
:107180000546099829460E30FFF784F909982946E3
:107190001630FFF77FF909992020C872DDF82480A6
:1071A00000984146FFF7C2FC054600980022414680
:1071B000FFF7CFFC099800211C30FFF76BF900990D
:1071C0000120C87085B10098D0F82C8000F06DFACD
:1071D000060007D100984146FFF724FA06460098BA
:1071E0006D1EC56030007CD1380748BF47F04007AE
:1071F0000098C16A616217F0FE010998A06218BF89
:10720000012101A8FFF788F9002820613CD0099DE1
:1072100000982946FFF78AFCA06005F11C00FFF7E3
:107220002AF9E0604FF480520020E062009921606A
:107230000098C188A180002060750021A0612162B2
:10724000277504F13000FFF735F9B8064BD5E5682E
:10725000002D48D0A56100984789A1683F03AF423F
:107260000CD22046FFF742FA0146022926D311F13B
:10727000010F26D0ED1B3000F1D020E02805E161A0
:1072800031D000F0A7F908BB02262AE09DF80A00D9
:1072900010F0110F10D178077FF56EAF082620E0AF
:1072A00030009FD19DF80A00C10648BF042618D4BB
:1072B000B90799D5C00797D5072612E00226E161E4
:1072C0000FE04FF0FF300126E0610AE000EB1530DF
:1072D0002062024600984078012300F0DEF910B1E8
:1072E00001260020206030460EB0BDE8F08100008D
:1072F00080210108464154004641543398700020D3
:10730000647000202DE9FC471546994600228A4604
:10731000C9F8002006466946FFF7A2FE01005ED1CB
:10732000707D01005BD1307DC10758BF072056D565
:10733000F068B469041BAC422FD92C462DE0270B12
:1073400005EB00084CD0009840897919884238BF75
:10735000471B009840783B464246514604F0F2F8FD
:1073600000286BD1307D01060CD5306AA0EB0803F4
:10737000BB4207D24FF4805206F130010AEB0330D2
:10738000FFF790F83F03B0693818B061BA44D9F8F4
:1073900000107918C9F80010E41B002C52D0B16914
:1073A00008053AD100F00FF912D109B9B06809E027
:1073B000F06A18B13046FFF7EEFA03E0F1693046A3
:1073C000FFF794F9022808D310F1010F36D0F061CD
:1073D000F16900F0FFF80100B1D10220707532E0D0
:1073E000326A424517D0307D01060BD500984078AF
:1073F000012306F1300104F0ABF8F8B9307D00F05C
:107400007F003075012300984078424606F1300134
:1074100004F098F890B9C6F82080B169C1F30B0167
:10742000C1F580502746844288BF074606F13000E8
:1074300001443A465046FFF735F8A4E7012171753B
:10744000012000E00020BDE8F6872DE9FC47144646
:10745000984600228946C8F8002007466946FFF78B
:10746000FFFD010001D1787D010040F0AA80387D48
:10747000810758BF072040F1A480B86921188142D4
:1074800038D24FF0FF32141A34E0260B05EB000A15
:1074900068D0009840897119884238BF461B00980F
:1074A000407833465246494604F052F8002840F0EE
:1074B0008080386AA0EB0A00B0420BD209EB0031A1
:1074C0004FF4805207F13000FEF7ECFF387D00F0FA
:1074D0007F0038753603B144B869F9683018B8616F
:1074E000884238BF0846F860A41BD8F8000030185E
:1074F000C8F80000002C5FD0B969080544D100F03D
:1075000062F818D111B9B86850B906E0F86A18B134
:107510003846FFF740FA03E0F9693846FFF7E7F924
:10752000002849D001281BD010F1010F41D0B968C3
:10753000F86101B9B860387D01060CD500983A6A47
:107540004078012307F1300104F002F888BB387D50
:1075500000F07F003875F96900F03CF8002894D1FC
:10756000022027E0386A50450CD0B969F86881429A
:1075700008D2009840780123524607F1300103F009
:10758000E1FFB0B9C7F820A0BB69C3F30B03C3F593
:1075900080502646844288BF064607F130003246B6
:1075A00049461844FEF77EFF387D40F0800038756C
:1075B00091E70120787504E0387D40F0400038758F
:1075C0000020BDE8F687009845896D1E15EA113543
:1075D000704701460098FFF77CB87CB500F061F871
:1075E000010037D1217D4A0634D5080606D500F0C2
:1075F00032F808B1012076BD00F049F8FDF736FBFE
:107600000546616A0098FFF70DF8010022D1A66ACD
:10761000F07A40F02000F0723146A2682068FFF74F
:1076200098FAE16806F11C00FEF734FF294606F1DE
:107630001600FEF72FFF002106F11200FEF726FFCD
:1076400000990120C8700098FFF703F8217D01F030
:10765000BF01217576BD0098226A4078012304F1AC
:10766000300103F075BF1CB50446FFF7B6FF0100FB
:107670000CD169462046FFF7F3FC010006D12069D2
:10768000FEF784FF010004BF0021216016BD207DAC
:1076900000F07F00207570472A4604F1300103F0A6
:1076A00051BF04466946FFF7DBBC0022294601A80A
:1076B000FFF7E8B82DE9F94F87B00D46144607A843
:1076C000FFF750FB010048BF0B2062D4DFF898049D
:1076D00050F8210008B1002202708DF800109DF8CA
:1076E000000003F01CFFC10748BF032051D440072E
:1076F00048BF0A204DD49DF8000002AA032103F0E0
:1077000035FF40B9029830B148F20101884202D2F7
:10771000411E084201D0012002902CB1A4F58050F6
:10772000DFF84814884233D2621E144230D11298D6
:10773000000B0390240B0003059051D09DF800002E
:1077400001AA012103F012FF002840F00882290756
:1077500001988DF801504CBF4FF000094FF03F09E0
:10776000484522BFA0EB09010191802938D3802C24
:107770000ED815F0020040F6F67207D005F00701AA
:10778000022900F08780EB0740F18480EB0701D4E9
:107790001320E5E1022625002BD1019B0FF24C4777
:1077A0001B0B4FF0000801251EE008F101086D00D9
:1077B00037F8181009B18B42F7D20199B1FBF5F3F4
:1077C00041F20707DFF8A81307EB8307CB183F0B3D
:1077D000DFF8A0138B424FF0200A4FF000081DD3B2
:1077E0006EE008F101086D0037F8181009B18B42FE
:1077F000F7D20199B1FBF5F7974202D37F003F1D05
:1078000005E007EB47077F1C7F080126FF1C07F6F2
:10781000FF773F0B4FF0010A4FF004080AEB090114
:1078200004917918DDF808C0029B41448C44ACF106
:10783000010C5B1E2CEA03035B1A032E05D1DDF855
:1078400010E09A447344049300E0DF19019B01EBBC
:107850000511A1EB09018B4232D3A3EB0A01C91B2D
:10786000A1EB0801B1FBF5FB032E4FF6F67106D133
:107870008B4527D224BB6C0822D025469DE7022EDB
:107880001AD16B008B4510D31CB9412B38BF1C4655
:1078900011D360B1032625008FD1019B0FF25C3715
:1078A0005B0C4FF00008012582E793450AD23CB9F2
:1078B0001C46802C04D86EE7012E03D1934501D3DA
:1078C0000E204DE1089C00F070F90B220FF2E82128
:1078D0002046FEF7E7FD4FF4805104F10B00FEF760
:1078E000D5FD65731FFA8AF104F10E00FEF7CEFD97
:1078F00001202074032E0CBF00214FF4007104F10D
:107900001100FEF7C3FD0198B0F5803F014605D296
:1079100089B204F11300FEF7B9FD03E004F1200081
:10792000FEF7B8FDF82060753F2104F11800FEF75E
:10793000ADFDFF2104F11A00FEF7A8FD494604F150
:107940001C00FEF7A7FD032E04F1240A25D1FDF744
:107950008DF9014604F14300FEF79CFD394650467F
:10796000FEF798FD022104F12C00FEF793FD0121A2
:1079700004F13000FEF78AFD062104F13200FEF723
:1079800085FD802029218AF81C008AF81E10132208
:107990000FF2302104F1470016E0FDF767F90146C8
:1079A00004F12700FEF776FDB9B204F11600FEF7E8
:1079B0006DFD802029218AF800008AF80210132228
:1079C0000FF2142104F12B00FEF76CFD00F0DEF83D
:1079D00000F0D8F84A4600F0E5F8002857D1032E09
:1079E00029D100F0CFF809F1060200F0DBF800F031
:1079F000DCF861492046FEF74DFD604904F5F27060
:107A0000FEF748FDABF1010104F5F470FEF742FD0D
:107A1000022104F5F670FEF73DFD00F0B7F800F026
:107A2000B1F809F1070200F0BDF800F0ABF809F178
:107A3000010200F0B7F8059A00F0B9F8DDF810A0DF
:107A4000032E6FF007010CD12046FEF723FD4FF007
:107A5000FF31201DFEF71EFD6FF0704104F108009C
:107A600003E0012E08BF46492046FEF713FD3846C5
:107A700027460446DDF80CB09DF80000A34588BFFA
:107A8000A3465B465246394603F062FD002866D1A4
:107A900000F082F8B4EB0B00DA440446EAD19DF81A
:107AA00000400398032E15D18046C346A84588BFE1
:107AB000AB465B4652463946204603F049FD002856
:107AC0004DD1B5EB0B00DA440546EED1032E03D1C0
:107AD0000C250BE04546E7E70198B0F5803F28BF4D
:107AE000062503D2022E0CBF042501259DF80100B6
:107AF00001072ED400F050F84AF6552107F5FF7023
:107B0000FEF7C4FC07F5DF71002008700122C87081
:107B10004A708A700D7143F6C16201984844B0FB07
:107B2000F2F08508FE2345F03F054B718D71C87159
:107B3000494607F5E370FEF7ADFC019907F5E570DE
:107B4000FEF7A8FC012300223946204603F000FD81
:107B500028B900220021204603F008FD00B10120D1
:107B600009B0BDE8F08F00009C70002001F0FF001C
:107B70000A00FFFF0000FF0F525261417272416123
:107B8000F8FFFF009DF80000012370474AF65521D9
:107B900004F5FF70FEF77ABC4FF48052002138469E
:107BA000FEF788BC214603F0D3BC4FF4805200217D
:107BB0002046FEF77FBC0000EBFE904D53444F5330
:107BC000352E30004E4F204E414D4520202020467E
:107BD00041543332202020004E4F204E414D45204D
:107BE00020202046415420202020200001000400B5
:107BF000100040000001000200000000010002002F
:107C00000400080010002000000000004AB100003D
:107C100011F8013B521E00F8013B1CBF11F8013B5B
:107C2000F8E7704700F1010310F8011B11B110F8DB
:107C3000011BFBE7C01A7047002203F0A7BC00003D
:107C4000B0F5407F02D39FED5E0A7047DFF8E41481
:107C500001EB800090ED000A704770472DE9FC4170
:107C6000089C05460E46174698460BE001230194F2
:107C70000093434617F8012B3146A8B2F8F7BAFF34
:107C800005EB580538780028F0D1BDE8F3812DE9DF
:107C9000F04104460D4616462846FFF7DEFF8046B3
:107CA000324641462046F8F733FC671C32464146CF
:107CB000B8B2F8F72DFC6D1C3246A9B22046F8F791
:107CC00027FC3246A9B2B8B2BDE8F041F8F720BCB3
:107CD0002DE9F84F8703C0F30905C1F309068903AD
:107CE000090E49011F31A1EB17672DED068BC5F574
:107CF0008069C6F58068012FB0EE408A14461FFAED
:107D000089F91FFA88F855DB07F1200ABAF5407F98
:107D1000BCBF07F11F0BBBF5407F4BDA3846FFF7BE
:107D20008FFFF0EE409A5046FFF78AFFB0EE40AA70
:107D3000781EFFF785FF00EE905AF8EE608A00EE9D
:107D4000906AB8EE609A01EE109A00EE908AB8EE52
:107D5000411AF8EE600A61EE291A61EEA09A21EE4E
:107D60000A1A41EE099A28EE800A40EE209A5846F7
:107D7000FFF766FF28EE800A40EE099A9FED110A90
:107D8000A4B229EE800A00EE904A30EE480AF8EEDE
:107D9000600A20EE200AB2EE041A80EE011ABDEE4F
:107DA000C10A10EE100ADFF8901380F3080031F8D2
:107DB000100001E044F20F00BDEC068BBDE8F28F2D
:107DC00000000000000080352DE9F24F2DED028B00
:107DD00004469246B0EE408A9B4600261FE0BDF85E
:107DE0000800D4F80090310400EBD13800250027BA
:107DF0001FFA8BF2B0EE480A49462846FFF768FFA3
:107E0000024678001FFA88F100F0A8F97F1CC635F9
:107E1000B8B2A028ECDB2168C4312160761CB0B276
:107E20005045DCD372E10000F8B520280C4624DB75
:107E3000030900EBD3656D09D1A2A0EB4511400900
:107E400012F80150D6A2165C6D007600EF1F05E017
:107E500022463146B8B2F8F75BFB7F1CE81DB9B289
:107E60008842F5DAF71F04E022462846F8F750FB6F
:107E70007F1CF01DB9B28842F6DAF1BD2DE9F84F4A
:107E80002DED028B8EB000219FEDA28ADFEDA28A3C
:107E9000894601910020A74AADF8001081B202EB9B
:107EA000810191ED000AB4EE408AF1EE10FA44BF70
:107EB000B0EE408AADF80000B4EE680AF1EE10FAB8
:107EC00044BFF0EE408A8146401C81B2B1F5407F4C
:107ED000E4DBB4EE688AF1EE10FA04BF9FED8F0A7E
:107EE00038EE808A38EE680ADFED8D0A80EE800A6F
:107EF0009FED8C1AB4EE410AF1EE10FAA8BF9FED87
:107F00008A0ABDEEC00A10EE104AEF2340F23F127B
:107F100000210020F8F799FB4FF00008019D002791
:107F20004FEA4806BA46A2B2B0EE680A2946384679
:107F3000FFF7CEFE02464FEA4A0000F00EF90AF1C2
:107F4000010AC6371FFA8AF01028ECDB7A48029043
:107F50000027029830F817A007F1200B5246B1B263
:107F60001FFA8BF0F8F7D4FA711C524689B21FFA47
:107F70008BF0F8F7CDFA7F1CB7F5807FE9DB46F68A
:107F80009A6A8F27A2B2B0EE680A29465046FFF7D8
:107F90009FFE0246780000F0E0F87F1CB8B2A028EF
:107FA0000AF1C60AEEDB019808F101081FFA88F110
:107FB000C43005290190B1D300F0CAF80A2100F0BD
:107FC000C5F800F0C5F8142100F0C0F8A3B2B0EE77
:107FD000680A2B221E2100F0B9F800F0B9F87421CC
:107FE00000F0B4F89B25FF227821A8B2F8F790FAA8
:107FF0006D1CA8B2A628F6DB7325FF22A9B2A0202B
:10800000F8F786FA6D1CA8B27E28F6DBA3B2B0EEB4
:10801000680A2F227E2100F099F800F099F8DC21FF
:1080200000F094F800F094F8E62100F08FF8BDF825
:108030000000424C0021FFF7F7FE4FF4FC611FFAED
:1080400089F0FFF7F1FE206847A402F0BFF902466D
:108050004FEA010342A102A800F016FB00F072F8FB
:1080600032A2DC210420FFF7F9FD00F06BF802AA30
:10807000DC211C20FFF7F2FD18EE900A02F0A6F9B1
:1080800002460B4621460AA800F0FEFA00F05AF814
:1080900037A2DC215020FFF7E1FD00F053F80AAAD7
:1080A000DC217620FFF7DAFD18EE100A02F08EF9D7
:1080B00002460B46214607A800F0E6FA00F042F817
:1080C0002DA2DC21AA20FFF7C9FD00F03BF807AA8A
:1080D000DC21D020FFF7C2FD1948006802F076F9D4
:1080E00002460B46214604A800F0CEFA00F02AF81A
:1080F0000FA2DC21FA20FFF7B1FD00F023F804AA5B
:10810000DC214FF48B70FFF7A9FD0EB0BDEC028BA4
:10811000BDE8F18F00007AC400007A44CDCCCC3D9C
:1081200000201E4501FF7F4700FF7F47653D00009F
:1081300054613A0088260020101D01087C000020B0
:1081400070000020FE2000901023704701A83BE63D
:10815000A3B2B0EE680A05227047B1B280B296E5CC
:10816000252E326600000000252E3166000000003A
:108170004D696E3A000000004D61783A0000000041
:108180009F9B96918C86817C77726D67625D585358
:108190004E48433E39342F29241F1A15100A050072
:1081A00000050A10151A1F252A2F34393F44494E5D
:1081B00054595E63686E73772DE9F843040016D056
:1081C0002078DFF80063C10713D5B06800F00C0019
:1081D000042807D0B06800F00C0008283DD1706872
:1081E00041023AD53068810303D56068002800F069
:1081F00063812078B44F810719D5B06810F00C0F57
:1082000007D0B06800F00C0008285BD1706841020C
:1082100058D43068810703D5E068012840F04C81CC
:108220003168206921F0F80141EAC001316021780C
:10823000080779D56069A549002868D001220A603D
:10824000FCF776F90546706F81076DD4FCF770F97D
:10825000401B0228F7D9032031E16068B0F5803F68
:1082600004D1306840F48030306011E0B0F5A02FC8
:10827000306806D140F480203060316841F48031AC
:1082800005E020F480303060316821F480213160D5
:10829000606858B1FCF74CF9054630688103A8D4F2
:1082A000FCF746F9401B6528F7D3D4E7FCF740F903
:1082B0000546306881039CD5FCF73AF9401B6528D8
:1082C000F7D3C8E7E068A8B101213960FCF730F9BD
:1082D00005463068810705D4FCF72AF9401B0228BF
:1082E000F7D9B8E73068216920F0F80040EAC1000A
:1082F00030609CE73860FCF71BF905463168880759
:1083000095D5FCF715F9401B0228F7D9A3E70860BB
:10831000FCF70EF90546706F810705D5FCF708F9E3
:10832000401B0228F7D996E7207841075FD5306CCB
:108330000025C1000AD400950125316C41F080511F
:108340003164306C00F0805000900098DFF880813C
:10835000D8F80000C10513D4D8F8000040F48070AC
:10836000C8F80000FCF7E4F88146D8F80000C10521
:1083700006D4FCF7DDF8A0EB09000228F5D96AE77E
:10838000A068012805D00528306F06D140F0040010
:108390003067306F40F0010005E040084000306772
:1083A000306F20F00400306741F28938A06860B176
:1083B000FCF7BEF88146306F810713D4FCF7B8F89C
:1083C000A0EB09004045F6D345E7FCF7B1F881463C
:1083D000306F810706D5FCF7ABF8A0EB09004045EC
:1083E000F6D338E71DB1306C20F080503064A069BE
:1083F000002863D0B16801F00C0108293AD00228A6
:108400002AD100203866FCF793F8054630688101D0
:1084100005D5FCF78DF8401B0228F7D91BE7E0696A
:10842000216A626A0843A16A490840EA8210491E2B
:1084300040EA0140E16A40EA01607060012038666C
:10844000FCF776F804463068810137D4FCF770F801
:10845000001B0228F7D9FEE600203866FCF768F812
:1084600004463068810129D5FCF762F8001B022818
:10847000F7D9F0E601281FD07068E26900F48001A6
:10848000914202BF00F03F01226A914201BF47F6CC
:10849000C0710140626AB1EB821F0DD1A26A52081D
:1084A00000F44031521EB1EB024F02BF00F0706089
:1084B000E16AB0EB016F01D0012000E00020BDE8CF
:1084C000F28300BF0038024000004742800E47425E
:1084D000007000402DE9F04104000F4654D04B4E8F
:1084E000306800F00700B84202D200F073F84BD1B8
:1084F0002068474D810712D5400703D5A96841F48C
:10850000E051A9602078010703D5A86840F46040D5
:10851000A860A968A06821F0F0010143A960217852
:10852000C80729D56068012802D129688A0305E0B7
:10853000022818BF032803D129688A0103D423E045
:1085400029688A0720D5A968890840EA8100A860BF
:10855000FBF7EEFF8046A868616800F00C00B0EB06
:10856000810F09D0FBF7E4FFA0EB080041F289314D
:108570008842F0D303202BE0306800F007008742E8
:1085800004D200F027F801D0012021E02078410733
:1085900005D5AA68E06822F4E0520243AA60217877
:1085A000080706D5A968206921F4604141EAC001A5
:1085B000A96000F039F8AA681649174BC2F30312F4
:1085C000895CC84018601548006800F0E9F8002090
:1085D000BDE8F0813770316801F00701B94270479A
:1085E0000D48006870470C480D4A006813680D4933
:1085F000C3F3822206E00848094A00681368094963
:10860000C3F34232895CC84070470000003C02401E
:108610000038024078240108943200209032002073
:1086200008380240F824010830B5144C606800F0A6
:108630000C00042802D0082802D01DE0104830BDEC
:10864000226820680023410202F03F0204D5256819
:108650000B49C5F3881003E020680A49C0F388106D
:10866000A1FB000102F0ACFF2168C1F30141491CEC
:108670004900B0FBF1F030BD024830BD0438024083
:1086800040787D010024F4000CB430B583B00A4674
:1086900006A90291044600250194009502AB01A9A8
:1086A000084878441E3001F0CDFE019A157000286C
:1086B0004EBF04460198041B204603B030BC5DF851
:1086C0000CFB00BF6FB2FFFF10B5044610460A4610
:1086D0000146204602F0F8FF204610BD09010200C5
:1086E00002D4294881547047284B02F00F021A44E3
:1086F00002F8041C7047264B19684FF6FF0200026F
:10870000114000F4E06008432249084318607047B4
:1087100070B51F4B1C68C4F302230124C3F1070585
:10872000052D2EBF0F2504FA05F56D1E1E1D072E03
:1087300034BF0023DB1E2940994004FA03F3BDE84F
:1087400070405B1E1A401143C8E7010007D40122A4
:1087500000F01F01104B8A40400943F82020704769
:1087600010B5401EB0F1807F01D3012010BD0B4C2D
:1087700060600F214FF0FF30FFF7B0FF0021A160D4
:1087800007202060002010BD00E400E018ED00E0AC
:108790000CED00E00000FA0500E100E010E000E070
:1087A00038B50D4D0D4B2A7804464FF47A71186890
:1087B000B1FBF2F2B0FBF2F0FFF7D2FF50B9102C90
:1087C00008D2002221464FF0FF30FFF7A1FFAC6036
:1087D000002032BD012032BD8832002094320020BA
:1087E00081B00020009000220A48416841F4804195
:1087F0004160416801F48041009100990092036852
:1088000043F080530360006800F0805000900098AF
:1088100001B070474038024070B5044600250CB9DD
:10882000012070BD04F13006306920B92046FBF705
:108830008DFF756135733069C10600F19280306932
:10884000DFF8741220F4885040F0020030610868AC
:1088500020F4403008600A68606802430A602068BB
:10886000416821F48071416020684168226941EAD1
:10887000022141602068416821F040714160216817
:108880004A68A06802434A602068816821F4006158
:10889000816021688A68E06802438A602068A16A72
:1088A000DFF818229142816821F0706181600CD05C
:1088B00021688A68A06A02438A6000F05BF8216838
:1088C0008A68E06A02438A6001E000F053F8206899
:1088D000816821F0020100F049F8227E41EA42015C
:1088E000816094F820002168002848680FD040F487
:1088F000006048602068416821F460414160206860
:108900004168626A521E41EA4231416002E020F44D
:10891000006048602068C16A21F47001C16220686B
:10892000C16AE269521E41EA0251C162206881684F
:1089300021F4007100F01AF8327841EA422100F087
:1089400015F821F4806100F011F8626941EA822192
:1089500081607561316921F0020141F001013161ED
:1089600000E0012500203073284670BD816020683A
:10897000816870472068816821F0405181607047AC
:1089800078B502460020009092F83C30012B01D1CE
:10899000022072BD012082F83C0007240B68106899
:1089A0000A2B12D30A3BC56803EB43039C4025EA1C
:1089B0000404C460C3680D688C68A5F10A0606EB60
:1089C0004606B4402343C3600FE0056903EB43034D
:1089D00004FA03F325EA0303036103690D688C6855
:1089E00005EB4505AC40234303611F244B68072B6F
:1089F0000CD25B1E456B00F050F84463436B4D682E
:108A00000C886E1E00F044F843631BE00D2B0CD263
:108A1000DB1F056B00F041F80463036B4D680C88A5
:108A2000EE1F00F035F803630CE00D3BC56A00F063
:108A300034F8C462C36A4D680C88A5F10D0600F0D5
:108A400027F8C3621E4B98421DD10C681A48122C9D
:108A500003D1036843F4800303600B68102B18BF35
:108A6000112B10D1036843F4000303600868102839
:108A700009D11549134C0B68B3FBF4F40A204443A5
:108A8000009400F010F8002182F83C10002072BD24
:108A900006EB8606B4402343704703EB83039C40F8
:108AA00025EA0404704702E00098401E00900098F8
:108AB0000028F9D170470000042301400100000F95
:108AC0000020014040420F009432002010B508B948
:108AD000032010BD00F527730024DC615C621C6379
:108AE00001B19961012119700270BDE8104002F0D6
:108AF000B9BE1CB50022ADF8002009B9032016BD8F
:108B000000F52E742160C96A11B16846884760611A
:108B1000002016BD02F0D3BE80B5D0F8B8320322D3
:108B200013B11A6890470246104602BD80B5D0F8CE
:108B3000B8220AB152689047002002BD38B50446F9
:108B400004F2AA25284603F022F904F52570012134
:108B50000160828B817D426011F01F0003D00228EA
:108B60000DD006D311E029462046BDE8344002F07E
:108B700013BF29462046BDE8344003F04EB82946CD
:108B80002046BDE8344003F06EB82046BDE83440CE
:108B900001F0800102F0B2BE38B5044610460B0069
:108BA00004F5257223D11168032912D104F5AE71A1
:108BB0004B680D68AB420ED2ED1A04F5AE730D6032
:108BC0002A4659688A4288BF0A460146204603F071
:108BD00031F9002032BD107A032804D1506A0169AE
:108BE00009B120468847204603F02CF9F1E7107AB6
:108BF0000328EED1506A8269002AEAD020469047C5
:108C00000100E6D032BD38B5044610460A0004F52E
:108C1000257538D1296802292ED1E269216A91424D
:108C200006D2521AE2610146204603F0FBF80DE03D
:108C300013D1A069884210D3696888420DD20022FE
:108C40000021204603F0EEF8002068600023002297
:108C50000021204602F079FE0EE0287A032804D194
:108C6000686AC16809B1204688478021204602F021
:108C700045FE204603F0EDF8287B012804BF0021C3
:108C80002973002032BD287A0328FAD1686A426924
:108C9000002AF6D0204690470100F2D032BD10B530
:108CA000044604F5257001210172002202600023B0
:108CB00063600261416A09B9032010BD806A00281F
:108CC0001CBF4A68002A02D000212046904740235A
:108CD00000220021204602F0FAFD04F5B0700121C7
:108CE000402281800260402300228021204602F041
:108CF000EEFD0120A08440212162002010BD0174FE
:108D00000020704700F5277004220178417002703E
:108D10000020704700F527700178042904BF4178CE
:108D200001700020704780B500F52772D16909B93C
:108D3000032002BD1278032A02D1C96901B1884714
:108D4000002002BD80B500F52773DA690AB9032057
:108D500002BD1B78032B02D1126A02B1904700209A
:108D600002BD80B500F52773DA690AB9032002BD98
:108D70001B78032B02D1526A02B19047002002BD3A
:108D80000020704780B500F5277101220A70CA697A
:108D90001AB141685268C9B29047002002BD000074
:108DA00010B5044641F2740002F0D9FD0028C4F861
:108DB000BC0201D1022010BD207C48B94FF40073E1
:108DC00000F019F80120A4F878014FF4007306E0D0
:108DD000402300F010F80120A4F87801402302227B
:108DE0008121204602F073FD01202087204603F0F8
:108DF00037F8002010BD02220121204602F067BD95
:108E000010B50446012102F06DFD0022A4F878217E
:108E10008121204602F066FD0021D4F8BC022187A2
:108E200048B1204603F057F8D4F8BC0202F0A4FD84
:108E30000020C4F8BC02002010BDF8B505460E465F
:108E400005F5277100270C6AADF800700CB90320F6
:108E5000F2BD327812F0600022D0202852D173780F
:108E6000FE2B02D0FF2B0FD04CE07088002804BFEF
:108E7000F088012846D1100644D5496A88698047A0
:108E800020600122214622E07088002804BFF0887B
:108E9000002837D1100635D4284602F0FEFF36E010
:108EA000707830B101281CD00A280BD00B2812D0C2
:108EB00028E00978032925D102226946284602F0D4
:108EC000A9FF24E0087803281CD10122211D28468F
:108ED00002F0A0FF1BE00878032813D1B07860608F
:108EE00015E00978032904BF708800280FD1B188E4
:108EF000C9B2284602F0FCFCB188C9B2284603F08A
:108F0000C2F804E03146284602F056FF03273846EF
:108F1000F2BD80B502F0E5FF002002BD80B502F091
:108F2000FFFF002002BD202101800748704720215B
:108F300001800648704720210180054870470A21BA
:108F40000180044870470000203300204033002097
:108F5000603300208033002009B903207047C0F837
:108F6000C01200207047000038B5040001D1012074
:108F700032BD606A28B900F051F805D00021E161E6
:108F800002E00020206160610020A06204F1500531
:108F9000687820B9002129702046FBF757FC022091
:108FA000687000F040F96068A168E26800F48270BF
:108FB00001F404410843217C02F400621043227D45
:108FC00001F002010843A16902F001021043227F6F
:108FD00001F40071084394F8201002F038021043A5
:108FE000A26A01F080010843216802F40052104394
:108FF0000860A06994F824102268000C00F00400B6
:1090000001F01001084350602068C16921F400613B
:10901000C161002068600121697032BD6068B0F5EF
:10902000827F70472DE9FC4700F0DCF84FF0010823
:1090300008BF022000F0C6809A4687F80080FBF740
:1090400077FA7B78012B09D06968B1F5827F02BF7E
:10905000A9680029042B01D00226AEE0002C1CBF19
:10906000B9F1000FBAF1000F01D10126A5E07B781C
:10907000042B1CBF052179707E60C5F83890A5F8D7
:109080003EA0A5F83CA02C63A5F836A0A5F834A016
:109090002E646E6429680C68630603D40C6844F07F
:1090A00040040C60E9680A9CB1F5006F696838D12A
:1090B000002918BFBAF1010F00F0A9F88146E88E27
:1090C000002804BFE88F002868D0296888688207D4
:1090D0000BD5E88E002818BFB8F1000F05D0286B1B
:1090E0000288CA60B04600F06FF829688868C20735
:1090F0000CD5E88F50B1C868A96B08804FF0010803
:10910000A86B821CAA63E88F411EE987FBF710FA5F
:10911000A0EB0900A042D2D314F1010FCFD0032657
:109120004BE0002918BFBAF1010F00F064F8814646
:10913000E88E002804BFE88F00282FD029688868AF
:1091400082070DD5E88E002818BFB8F1000F07D0B0
:10915000286B02780A73B046286B411C00F036F881
:1091600029688868C2070CD5E88F50B1C868A96B18
:1091700008704FF00108A86B421CAA63E88F411EDB
:10918000E987FBF7D5F9A0EB0900A04203D314F15E
:10919000010FCDD0C3E7002CCAD1C0E74A46214613
:1091A000284600F0A6F818B120200126786004E0D7
:1091B000A86810B900F00FF800980121797000201C
:1091C00038703046BDE8F687286B811C2963E88E2D
:1091D000411EE986704700962968CA68009289682E
:1091E00000917047054605F15007002638780128A0
:1091F0000C469146704709D1296B2B680A781A737F
:10920000296B4A1C2A63E98E4A1EEA86704709D1F7
:10921000296B2B680A88DA60296B8A1C2A63E98E1D
:109220004A1EEA8670472068016821F0400101600B
:1092300070472DE9F843089C05460E4690461F46A8
:10924000FBF776F9381A2418FBF772F98146404883
:1092500001684901090D6143009105E0009800B9DA
:1092600000240098401E0090286881683140B14277
:109270000CBF01200020404532D017F1010FF3D080
:10928000FBF756F9A0EB0900A04201D2002CE5D172
:109290002868416821F0E00141606868B0F5827F8C
:1092A00008D1A868B0F5004F18BFB0F5806F01D1A4
:1092B00000F019F8A86AB0F5005F09D128680168C4
:1092C00021F4005101602868026842F400520260F3
:1092D00005F150000121417000220270032000E0DE
:1092E0000020BDE8F2832868016821F04001016098
:1092F00070477CB504461648164E0B460168182583
:10930000B1FBF5F5B5FBF6F64FF47A7046430096DF
:109310006168B1F5827F09D1009280210022204648
:10932000FFF787FF58B100F00CF876BD009830B118
:109330000098401E0090216888680106F6D400203D
:1093400076BD606D40F0200060650320704700002E
:109350009432002040420F0038B5040001D10120B2
:1093600032BD00F017F808B900F018F800F01BF84B
:1093700000F023F8FFE7416100F001F832BD2068FA
:10938000C16841F40051C16000206860202169700B
:10939000A970704704F13C05687870470021297076
:1093A0002046FBF7BCBB242068702068C16821F40C
:1093B0000051C160204600F0AAB82068016921F47C
:1093C000904101612068416921F02A0170472DE92F
:1093D000F843054605F13C060C46707820281746F0
:1093E000994649D10CB1380001D1012045E03078CF
:1093F000012841D00121317000207060212272705B
:10940000FBF796F8AF848046EF84A868B0F5805FDC
:1094100004BF286900280EBF2746204600270021E8
:10942000317004460EE014F8012B426007E0286812
:10943000002CF8D137F8021BC1F308014160E88C19
:10944000411EE9844346E88CCDF80090002807D0FF
:1094500000228021284600F012F80028E7D005E01D
:1094600000224021284600F00AF808B1032004E059
:1094700020207070002000E00220BDE8F2832DE97A
:10948000F041069C05460E4690461F462868016836
:109490003140B1420CBF0120002040451BD114F1E6
:1094A000010FF3D024B1FBF743F8C01B8442EDD287
:1094B00000F018F821F4D07100F010F8F8D100F0A5
:1094C00019F8FCD105F13C00202141708170002188
:1094D0000170032000E00020BDE8F08143E80010A7
:1094E00000287047286800F10C0151E8001F00F1C6
:1094F0000C037047286800F1140151E8001F490867
:1095000000F11403490043E800100028704770B5CB
:10951000044622681169E06821F440510143116159
:10952000D3682748A168034020690B43616903435E
:10953000E0690B430343D3605169A06921F4407192
:10954000014351611F498A421CBF1F48824202D118
:10955000FFF751F801E0FFF746F862682568E46913
:1095600064261921B4F5004FA1FB000112D1D30FDD
:10957000520002F025F800F029F8F6003236642097
:10958000B6FBF0F0420002F4F87202EB011200F0B8
:10959000070010E0930F920002F012F800F016F8A6
:1095A000360132366420B6FBF0F000F0F00202EB38
:1095B000011200F00F008018A86070BD00000000CC
:1095C000F369FFFF00100140001401406421B0FB6B
:1095D000F1F106FB11067047F8B5040025D004F13F
:1095E0003C05697821B9002028702046FBF7F4FA81
:1095F00024216970206802685208520002602068C5
:10960000016841F4004101602068026822F40042D0
:109610000260FEF7E8FF01466068DFF8282190420B
:1096200005D2DFF80C32994205D20120F2BDDFF8F5
:1096300004028142F9D32068DFF8FC314668B1FBAF
:10964000F3F3B60943EA861646602668376A60680F
:10965000904206D34FF4967043434FF47A70B3FBB5
:10966000F0F35B1CBF0943EA87133362491E23688A
:10967000DE696768974206D27F0000F043F804294C
:1096800013D2042111E0A06820B907EB470700F0CE
:1096900039F805E01920474300F034F841F48041DF
:1096A00008050CBF012141F40041DFF8900106409C
:1096B0000E43DE6122681368E169206A23F0C0036B
:1096C0000B43034313602268DFF874019368216938
:1096D0000340E0680B43034393602168CA68A369B1
:1096E0006069120A034343EA0222CA6020680168E3
:1096F00041F0010101600020686020216970206351
:10970000A870F2BDB1FBF7F1491CC1F30B01704722
:10971000009021684A6900927047308D7262411E44
:109720003185708D411E7185704720207870002131
:10973000B97000203870704700222946304600F08A
:109740007BBA0000A18601002DE9FC4700F07CF8FF
:1097500000F080F859D100F063F8002855D138782E
:10976000012852D000F07AF9D6F800E00C9D0B9851
:10977000DDF828C0DEF8008028F40068CEF800800C
:109780004FF0210E87F801E04FF0400887F8028083
:109790004FF0000EC7F804E000F036F900F086F94B
:1097A00000282BD108E0716A0A780261706A411CB6
:1097B0007162308DFFF7B3FF308DA0B1224629468C
:1097C000304600F0A3FAA0B9706A326801781161DE
:1097D000706A411C7162308D411E00F019F8EBD5A2
:1097E00089B20029DFD122462946304600F0B9FA75
:1097F00030B17868042801D100F016FA012005E0A4
:1098000000F012FAFFF791FF00E00220BDE8F687B2
:109810003185708D421E72853068426953077047EA
:109820000094192301220749304600F005BA0000D0
:1098300080841E0000093D0040420F000030FFFF01
:10984000007CFFFF020010000646884691469A46BB
:10985000FAF76EBE06F13C07044678782028704778
:109860002DE9FC47FFF7F0FFFFF7F4FF02D1FFF708
:10987000D7FF00287CD13878012879D000F0EEF8A5
:10988000D6F800E00C9D0B98DDF828C0DEF80080CB
:1098900028F40068CEF800804FF0220E87F801E02F
:1098A0004FF0400887F802804FF0000EC7F804E040
:1098B00000F0AAF800F04FF900284FD1308D18B110
:1098C000012804D100F0AEF800F081F817E002287A
:1098D00006D100F0E5F800F04FF80020009001E01C
:1098E0000021009100F06CF809E02246294600F0C2
:1098F00052F8002832D100F045F8FFF70EFF308D06
:10990000002832D0042824D20128EED00228DFF823
:10991000648100942B460CD100224146FFF70EFFD4
:1099200000281BD100F085F8716A0870706A421C2B
:10993000E3E700224146FFF701FF00280ED100F0C7
:10994000AFF82B4600F050F84146FFF7F7FE28B974
:10995000E8E72246294600F01EF808B1012008E099
:1099600000F01CF8CBD50069DEE7FFF7DEFE00E073
:109970000220BDE8F68700003068026842F4006209
:109980000260704730680169706A0170716A4A1C30
:10999000704722464946304600F000BA30680169F7
:1099A000706A0170716A308D4A1C411E7262318585
:1099B000708D411E7185306841694A07704700907B
:1099C00031684A6900928969009100987047009057
:1099D00031684A69009289690091009831680A6883
:1099E00042F400720A60704730680169706A017061
:1099F000716A308D4A1C411E726231850022708D61
:109A0000411E718500947047C6F824C07085534686
:109A1000708D30854A46DFF88400F062019400952D
:109A2000304670473068016821F480610160002091
:109A300070473068016841F4007101603068016965
:109A4000706A0170716A308D4A1C411E72623185E4
:109A5000708D411E7185326810697047012139701F
:109A600030680268D10703D4026842F00102026044
:109A7000414670470400010000224FF001112046CA
:109A800000F0DAB83068016841F480710160704715
:109A9000016841F480610160704700000000FFFF31
:109AA0003068016821F48061016070472DE9F84356
:109AB00004462068DDF82080099F8946016841F44A
:109AC000807115461E46016000974346FFF7D4FF9C
:109AD00040B120680168CA0544BF4FF4007020649B
:109AE000032026E0206809F0FE0101613B46424662
:109AF000DFF84011204600F0C7F8A0B9FFF708FED4
:109B000000F01AF800F025F840B9012E0DD02168B8
:109B1000280A08613A4600F01BF830B1206C04288E
:109B200001D100F00FF8012003E02068EDB20561DB
:109B30000020BDE8F28300003A4689690091414661
:109B4000009870472068016841F400710160704717
:109B500041462046DAE02DE9F84F05462868DDF851
:109B600028800B9F0C46FFF793FF16462868016874
:109B700041F480719946016000F04FF800284FF4DD
:109B8000007A2ED12968DFF8ACB004F0FE0008613D
:109B900000F03EF8002834D1009029684A6900920C
:109BA000FFF7CAFF00F032F870B9B9F1010F05D024
:109BB0002968300A086100F027F828B92868F6B249
:109BC000066100F021F830B1286C042819D128680A
:109BD00000F02BF815E02868FFF755FF00F01DF89E
:109BE00038B128680168CA0548BFC5F840A00320FD
:109BF00008E0286844F00104E4B2046100F008F8C9
:109C000000B10120BDE8F28F3A46414628467DE08A
:109C10003B4642465946284636E0009743460022D6
:109C20004FF00111284607E03068016841F40071E7
:109C300001607047020001002DE9F041069F0546D2
:109C40000E4690461C4631022868090E01290CBFB9
:109C500040698069304080B2B1B288420CBF0120B7
:109C6000002040450DD114F1010FECD0FAF760FC53
:109C7000C01B844201D3002CE5D100F064F8012020
:109C800000E00020BDE8F081F8B505460E46144618
:109C90001F463102090E286801291AD14169314055
:109CA00089B2B2B291421AD04069410519D52868EB
:109CB00000F025F82A685061002105F13C00296375
:109CC000202242708170426842F0040242600170BA
:109CD00013E08169314089B2B2B29142E4D10020EF
:109CE000F2BD14F1010FD4D0FAF722FCC01B84425C
:109CF00001D3002CCDD100F026F80120F2BD02687E
:109D000042F4007202606FF48060704770B50546DF
:109D10000C46164628684169080612D4284600F009
:109D200069F808B1012070BD14F1010FF2D0FAF703
:109D3000FFFB801B844201D3002CEBD100F003F821
:109D4000F0E7002070BD00202863202105F13C00D1
:109D5000002241708270416841F020014160027030
:109D6000704770B505460C46164628684169480795
:109D700012D4284600F03EF808B1012070BD14F15D
:109D8000010FF2D0FAF7D4FB801B844201D3002CE0
:109D9000EBD1FFF7D8FFF0E7002070BD70B50546A6
:109DA0000C461646286841694A0617D44169CA0616
:109DB0000BD4FAF7BDFB801B844201D3002CF1D1F8
:109DC00000F00EF841F0200104E06FF01001416155
:109DD00000F006F841600270012070BD002070BDE7
:109DE00000202863202105F13C0000224170827090
:109DF0004168704701684A6953050FD56FF4806266
:109E00004A61002101633C30202242708170426827
:109E100042F0040242600170012070470020704748
:109E200070B50E4D6B7A04460120A3B96B7A002001
:109E3000E854687A05EB80067460687A28440272F8
:109E4000687A421C6A72303008702F223A204870BB
:109E50008A700020C87070BD0022E1E78470002085
:109E600051EC100B00B500F003F841EC100B00BDF5
:109E700040F2FF7C0B0D4DD0634566D230B421EA31
:109E8000035141F4801103F2FD3C5FEA5C0C01D305
:109E900000184941890041EA907180004FF4401454
:109EA0000023E202D50AB1F5100107D46D081DD2D6
:109EB000091B641900184941491BF7D56D080AD2DE
:109EC0000919641B00184941491BEFD56D08F7D3E8
:109ED00001E0520817D0C01861419B1AAC4100182C
:109EE0004941801AA941F4D452080AD0C01AA141AC
:109EF0009B186C4100184941801AA941E9D45208C5
:109F0000F4D15B1C6C4161084FEA330001EB0C514A
:109F100030BC704750EA0103FBD030B4B1FA81F392
:109F200011B9B0FA80F41B190B3BB3F120042FBF19
:109F300000FA04F19940C3F1200420FA04F438BF78
:109F400021439840D3F101039DE7634514BF50EAD4
:109F5000410CDEE711F5801FDBD8D943AFF3008059
:109F60007047000001F000428B1AA3F16051B1F577
:109F7000801F0ADBB1F17F6F1FD242EAC102C1002C
:109F800071F1004142EB507070470B15C3F10903AA
:109F9000212B10D2890241EA9051800201284941C7
:109FA00041F0004121FA03F0C3F12003994071F11F
:109FB000004150417047100070476FF0000013EBF4
:109FC000103F5CBF000E42EAC050704770B44FF0C3
:109FD000004591EA030F42F17B806B40841A71EBDC
:109FE000030604D26E40001BB141121973414FF4B5
:109FF000001C1CEB410F34BF7CEB430683E00C0DCF
:10A00000A4EB1356362E00F37C80012E45EAC323C1
:10A0100041DC43EA525312BFD20292025B0824058C
:10A0200045EAC12141EA5051D2EBC020994125D4E3
:10A0300007D1B0FA80F610FA06F162D0002020367F
:10A0400008E0B1FA81F6B140C6F1200220FA02F22E
:10A050001143B0404FEAF474B4EB465434F00106B7
:10A060004FEA74040AD8D6F50016760D04F00044C1
:10A07000F04061FA06F25040F1404840C00A40EA20
:10A08000415021F0004128BF5FEA500550F1000027
:10A0900044EBD12135E0DB0A45EAC121C90AB6F11A
:10A0A00020050EDD42EA0242120CC5F1200603FA39
:10A0B00006F6EB4042EA06056D42984161F1000167
:10A0C0000DE062FA06F5F240554063FA06FC82EABA
:10A0D0000C02F3405A406D42904161EB030111F4D0
:10A0E000801F05D1641E620502D06D0040414941C8
:10A0F00021F48011430875F1004350F1000041EB59
:10A10000045170BC70471CEB410F15D223F0004383
:10A1100052EA43060BD04FEA4C0CBCEB410F04D87B
:10A120000C0D661E342EB7DDEBE7801A994150EA1C
:10A13000410608BF0021E4E708BF1CEB430F28BF1E
:10A140006FF00001DDE70000C11768B14840401A18
:10A15000B0FA80F29040D21CC907C2F5846241EA8D
:10A16000025202EBD021400570470000F0B540F2EA
:10A17000FF7581EA030C0CF0004C15EA11541DBF69
:10A1800015EA1357AC42AF42E5E0BC41C1F31301FD
:10A19000C3F31303801A994143F4801304D2641E5D
:10A1A0004000494180185941C90241EA5051B1FB70
:10A1B000F3F603FB1611A2FB0675D7EBC020A941ED
:10A1C00002D2761E80185941C90241EA5051B1FBB2
:10A1D000F3FE03FB1E11A2FB0E75D7EBC020A941B5
:10A1E00003D2AEF1010E80185941890241EA905123
:10A1F000760546EA8E2EB1FBF3F603FB1611A2FBA1
:10A200000675D7EB8020A94102D2761E80185941ED
:10A21000C90241EA50514EEA060EB1FBF3F603FBC8
:10A220001611A2FB0675D7EBC020A94102D2761EFB
:10A2300080185941C90241EA5051B1FBF3F703FBC1
:10A240001711A2FB0735D3EBC020A94167F1000726
:10A250000CBF004247F0010766F3D5274FEA1E31D5
:10A26000B80814F5806412DDBD0775F1004250EBAB
:10A270000E5051EB045111F5801F5CBF41EA0C01F7
:10A28000F0BD4CF07F6141F0E0410020F0BDBD0722
:10A290006D0840EA0E5041F48011D4F10104B4F18C
:10A2A00020060ADAC4F120060200E04001FA06F3B3
:10A2B000E1401843B24015430EE0342C13DCC6F1E4
:10A2C000200445EA40056D0820FA06F2154321FAFC
:10A2D00006F0A1400D43002175F1004250F100004D
:10A2E00051EB0C01F0BD00205FEA0C01F0BDCFB9CD
:10A2F00092185B41B3FA83F704BFB2FA82F6BF1932
:10A300000B3FB7F120062FBF02FA06F3BB40C7F19F
:10A31000200622FA06F638BF3343BA401CB1E419CE
:10A32000641E33E77F4231F00041B1FA81F404BF8B
:10A33000B0FA80F6A4190B3CB4F120062FBF00FA46
:10A3400006F1A140C4F1200620FA06F638BF3143D9
:10A35000A0403C1B1AE7AC421ABF05EA1357AF42B4
:10A3600012E050EA41061CBF52EA4306BFE750EA3A
:10A370004107304661461CBF41EA0551F0BD52EA33
:10A38000430C08BFC143F0BD00204FF4001616EB8C
:10A39000410F98BF16EB430F08BF16EB410F24BFC8
:10A3A000C14305E016EB430F0CBF61464CEA055173
:10A3B000F0BD000041EC100B01BD80B553EC112B3A
:10A3C00051EC100B01F0EEFEF4E70000C0F3C751B2
:10A3D00081B1FF2906D0C110400721F0E04101F111
:10A3E0006051704741020CBF40F4E0016FF0004142
:10A3F0000020704700F0004100020AD0B0FA80FC53
:10A4000000FA0CF001F16051A1EB0C5101EBD021ED
:10A41000400570474FF4001C1CEB410F94BF1CEB30
:10A42000430F09E041EA030C50EA4C0C52EA0C0CD1
:10A4300003D2994208BF9042704714BF8B428242B8
:10A44000704700002DE9F14FB2B0994692460023C3
:10A450000691CDE900333C9A0F930DF14A01149116
:10A460004A7011E0329E57462C4617F8011B069899
:10A47000B0470028069000F026810F98401C641E0B
:10A480000F90F2D13296AA449AF80000252808D1FC
:10A490000021002209910A920B910C920D910E92CB
:10A4A0000FE06A464FF0FF31504602F011FA050006
:10A4B00002D10F9800F066BED4D50125E3E741F044
:10A4C00001011AF8010F2028F9D023280CD02B28DD
:10A4D00004D02D2805D0302809D00BE041F002012E
:10A4E000EFE741F00401ECE741F00801E9E741F052
:10A4F0001001E6E72A280FD1D9F8002052F8040B02
:10A50000C9F800200028119003D54042119041F075
:10A5100004010AF1010A14E01192DFF8EC3B0AE0B1
:10A520001198984205DA00EB800402EB4402303ABD
:10A5300011920AF1010A9AF80020A2F130000A28CB
:10A54000EED39AF800002E2803D04FF0FF3210927D
:10A5500029E01AF8010F2A2809D1D9F8000050F88B
:10A56000042BC9F8000010920AF1010A1BE02D2803
:10A570000CBF0AF1010A002000221092DFF8882B9C
:10A580000BE040B9109B934205DA03EB830504EB23
:10A590004504303C10940AF1010A9AF80040A4F1F5
:10A5A00030030A2BEDD3ADF848100FF660309AF85F
:10A5B000001002F097F908B11AF8010B8DF84A0063
:10A5C0009DF84A00682805D19AF8000068280CD147
:10A5D000622106E06C2804BF9AF800006C2804D1C0
:10A5E00071218DF84A100AF1010A1FA808901AF883
:10A5F00001BBBBF125012DD01C3900F06181091F81
:10A60000022940F25D810E392AD0491F00F0B28440
:10A61000093900F05581891E00F04885491E00F077
:10A62000F484491E022940F24B81091F00F0ED8499
:10A63000491F00F0BA80491E00F09C84491E65D075
:10A64000C91E21D0891E00F09584C91E00F0928495
:10A6500000F04BBD25238DF87C30012109912AE0C3
:10A660006C208DF84A00D9F8000050F8042BC9F886
:10A670000000002A43D11499487800283DD04FF0BB
:10A68000FF340FF6902012E09DF84A006C28EAD0C3
:10A69000D9F8000050F8044BC9F800000794D4B969
:10A6A0001499487898B14FF0FF340FF6842002F0E7
:10A6B00025F9201A07D132981FAA04A900F065FDD8
:10A6C00000287FF5E1AE4FF0FF3000F05BBD0FF6E4
:10A6D0007C200790EFE7109D002D04D52046FDF764
:10A6E000A1FA044607E02A46204602F027F900288E
:10A6F00014BF041B2C460A94DDE70FF6542232984F
:10A7000004A900F0C8FD0028D5D5DCE7D9F8001071
:10A7100051F8040BC9F8001020F00004002121F0CA
:10A72000FF351FABCDE904450793DDE90423089904
:10A730003C2413B90AB9109898B102F00F053035CE
:10A74000641EEEB23A2EA8BF2735120942EA037200
:10A750001B090D5508BF002A03D007980D19A84200
:10A76000EBD308190790C4F13C0210980A92824278
:10A7700009DABDF84810821A4FF6EF7001400C92CA
:10A78000ADF8481097E7002895D59DF8480000F0EF
:10A79000140010288FD1119B09990C985B1A1B1A71
:10A7A0009A1A002A87DD0C9285E71499487820B11F
:10A7B0004FF0FF340FF69C1079E79DF84A006228AD
:10A7C00062D0682819D06A2840D06C2806D0712839
:10A7D0004DD074282DD07A281ED064E0D9F800100E
:10A7E00051F8040BC9F8001020B94FF0FF340FF6F0
:10A7F0007C105CE70F9901605DE7D9F8001051F813
:10A80000040BC9F8001020B94FF0FF340FF65C10AC
:10A810004DE70F9901804EE7D9F8001051F8040B6D
:10A82000C9F800100028E5D14FF0FF340FF63C10B6
:10A830003DE7D9F8001051F8040BC9F800100028C2
:10A84000D8D14FF0FF340FF6241030E7D9F80010BC
:10A8500051F8040BC9F8001020B94FF0FF340FF67F
:10A860000C1024E70F9AD317C0E9002323E7D9F887
:10A87000001051F8040BC9F800100028F2D14FF075
:10A88000FF340FF6E80012E7D9F8001051F8040B76
:10A89000C9F8001020B94FF0FF340FF6D00006E7DA
:10A8A0000F99017007E7D9F8001051F8040BC9F8A7
:10A8B000001000289ED14FF0FF340FF6B000F6E6EE
:10A8C000D9F80020D21D22F00702C9F80020D2E9F1
:10A8D00000010832C9F80020CDE90401C80F02D0F8
:10A8E00009982D210AE0BDF84800810702D5099892
:10A8F0002B2103E0C00705D5099820211FAA115478
:10A90000401C09901FA809994BF020024318DDE96B
:10A910000401CDE92E01612A079315AC0BD01098E4
:10A92000002802D50620109005E001BF4BF0200062
:10A93000672801211091DDE9040148004015401C01
:10A940000A4611D109030FD0ABF1610503201A2D7E
:10A950000A9002D20FF6A03101E00FF6A0310322D7
:10A960001846FDF753F9A6E650B9120308D1ABF12A
:10A97000610503201A2D0A9016D30FF68831EEE7F1
:10A98000DDE90401CDE93001DDE9302323F00047A2
:10A99000B7F5801F22F000060DD20022002F08BF5D
:10A9A000002E029203D116E00FF65431D7E702AA27
:10A9B00001F0F0FF0FE0DFF8F00ADFF8F01A00EB2B
:10A9C00017500290DDE930234FF0FF301940DFF8D7
:10A9D000E07A10403943CDE904014BF020006128B2
:10A9E0000DD1079830210170821CBBF1610F0792D5
:10A9F0000CBF7821582141700998801C0990DDE92D
:10AA0000040120F0000231F0004308BF002A02D107
:10AA10000026002571E14BF02008B8F1610F40F0ED
:10AA2000BE801098002847BF21210391401C03904D
:10AA3000039FDDE92E017F1C00220023DDE9044590
:10AA4000FFF7E8FC02998DF8542038BF85F00045E7
:10AA5000091F002F02910DF155065DDDDFF8541A34
:10AA6000CDE9302140F2FF732E9320462946002283
:10AA7000002301F0C7FF4FD24800400D00F11C0336
:10AA800015D0002B13DD2E9883420ADBDDE930015F
:10AA900021F0004005F000420243DDE9300111469B
:10AAA00011E06FF31E5141EA035120460BE024F000
:10AAB000000035F0004108BF00280FBF29461C22C6
:10AAC000294601F0B7FF04460D46F8F737FFFF1F90
:10AAD000002F804609DDFFF737FB02460B46204674
:10AAE000294601F0EDFA04460D46F01D0721B8F1A4
:10AAF000000F0CDD491E5EBF08F00F0200F8012DAB
:10AB00004FEA2818F3D502E0002200F8012D491E73
:10AB1000FAD5C61D002FA8DC0DF15500361A039892
:10AB20008642D8BF304600280DF1550430D4B042DB
:10AB300006DA0DF155010A5C082AA8BF0F2100DAD8
:10AB40000021024615AB134400E0401E13F80159E2
:10AB5000521E8D42F9D00F2904D10DF155018B5CA5
:10AB60005B1C8B54002A04D50299091D15AC401CAE
:10AB70000291411E0CD46218ABF13A0613783033BF
:10AB8000DDB23A2DA8BFF318491E02F80139F5D5F8
:10AB90001099002940F1AF80421E1092ABE002995B
:10ABA000DFF8142947F29750414391FBF2F2DDE9B7
:10ABB0002E45029225F00045D2F1070204DD204621
:10ABC000294600F04DFC0BE052420020DFF8EC1863
:10ABD00000F046FC02460B4620462946FFF7C6FA1F
:10ABE0000446B8F1660F109806BF029F0A37062781
:10ABF0003F18142FC8BF142730208DF854000D467D
:10AC00000020DFF8BC18CDE92E010DF15506002F0C
:10AC100033DD2046294601F0ABFF01460A4606F126
:10AC2000080304200A26B2FBF6F606EB860EA2EB1A
:10AC30004E02303203F8012C0A22B6FBF2F202EB8C
:10AC4000820EA6EB4E063036401E03F8026DE9D1A7
:10AC5000083F002F03F10806D9DD0846F8F77CFD10
:10AC600002460B462046294601F02AFADDE92E234A
:10AC7000F8F78EFD04460D46CBE70DF15500361A68
:10AC80000DF1550404E00298401E761E0290641CEB
:10AC900020783028F7D0B8F1660F02D10299491C0C
:10ACA00004E0B8F1650F0CBF0121002110980818CD
:10ACB0008642B8BF701E00281DD4B04204DA215C61
:10ACC0003429C8BF392100DC30210246631E9D189B
:10ACD00000E0401E15F80169521E8E42F9D0392954
:10ACE00002D1A15C491CA154002A04D50299491C37
:10ACF0001C46401C02910646029D01F0EDFD406A93
:10AD00000778DDF8408030B2002802DC01260FF21F
:10AD1000F8744BF02000662808BF6D1C16D0672819
:10AD200046D128B210F1040F48DB404546DA9DF8C1
:10AD300048006D1C010703D430B24045B8BF8046BF
:10AD400028B2B8EB000848BF4FF000080FFA85FBA7
:10AD500007980A99BBF1000F00F3B2804A1C0A92CF
:10AD600030234354B8F1000F03DC9DF8480001077D
:10AD700004D50A98411C0A9107990F5418EB0B0F40
:10AD8000B8BFC8F100052DB268420D90A84432B298
:10AD90009045B8BF4646079B0A9836B20B96324696
:10ADA00021461844FCF732FFA8EB06000E90CBE0DA
:10ADB000BBF1610F17D14FF0700B19E030B2404575
:10ADC00004DA9DF848100A0758BF8046B8F1010818
:10ADD00048BF4FF00008BBF1670F14BF4FF0450BA1
:10ADE0004FF0650B04E0BBF1410F08BF4FF0500B73
:10ADF0000A98411C0A91B8F1000F079914F8012B29
:10AE00000A5403DC9DF8480001071AD50A98411C32
:10AE10000A91B8F1000F07990F5412DD761E30B277
:10AE2000804507980A9BB8BF464632B2214618446F
:10AE3000FCF7ECFE0A9936B271180A91A8EB0600ED
:10AE40000D9007980A9908442AB2002A80F800B0A9
:10AE500003D42B224270811C04E02D214170154641
:10AE6000811C6D4200202EAA0A2409E02B4693FB88
:10AE7000F4F505EB8506A3EB460302F8013B401C05
:10AE80002DB2002DF2DC012806DC4BF02002652AF1
:10AE900004BF302201F8012B00282EAA08D130204F
:10AEA00001F8010B06E0401E135C303301F8013B52
:10AEB0000028F8DC079A0A981044091A0B9143E01D
:10AEC000084431B22AB2914219DA32B22146FCF773
:10AED0009DFE0A9936B27118ABEB0606B8F1000F69
:10AEE0000A910D9603DC9DF84800020704D50798E7
:10AEF00047540B99491C0B91CDF8388024E021462A
:10AF0000FCF784FE0A98761B5844B8F1000F0A90AB
:10AF100003DC9DF848100A0703D5411C0A910799E4
:10AF20000F5430B2804507980A9BB8BF464632B2EC
:10AF300004EB0B011844FCF769FE0A9836B230188E
:10AF40000A90A8EB06000D909DF8480000F0140050
:10AF500010287FF4B0AB099A0A990D988A180B99BA
:10AF600082180E988A18821811988242BFF6A3ABF5
:10AF7000821A18E49DF84A00622808D068280ED08A
:10AF80006A2814D06C281FD0712810D01CE0D9F882
:10AF9000001051F8040BC9F80010C0B21AE0D9F83B
:10AFA000001051F8040BC9F8001080B212E0D9F873
:10AFB0000020D21D22F00702C9F80020D2E90001CA
:10AFC0000832C9F8002006E0D9F8001051F8040B47
:10AFD000C9F800100021CDE904019DF848000107DF
:10AFE0005AD5DDE90423002B08BF002A54D04BF0CA
:10AFF0002000782850D109981FA930220A54401CFB
:10B00000431C099301F800B046E09DF84A0062280D
:10B0100008D068280ED06A2814D06C281FD0712858
:10B0200010D01CE0D9F8001051F8040BC9F800103A
:10B0300040B21AE0D9F8001051F8040BC9F800101A
:10B0400000B212E0D9F80020D21D22F00702C9F8A0
:10B050000020D2E900010832C9F8002006E0D9F842
:10B06000001051F8040BC9F80010C117CDE9040114
:10B07000002902D509982D210AE0BDF84800810772
:10B0800002D509982B2103E0C00705D50998202196
:10B090001FAA1154401C09901FA809990144079147
:10B0A00004A8594600F057F9FFF705BB9DF84A0080
:10B0B0006C280BD001210991D9F8000050F8041B2D
:10B0C000C9F800008DF87C10FFF7F5BAD9F8000038
:10B0D00050F8041BC9F8000015914FF0FF32109290
:10B0E0000021169115AAFFF70ABB25210122BBF109
:10B0F000000F8DF87C1009923FF4DDAA8DF87DB029
:10B100000221FFF7ABBA0000CBCCCC0C686A6C74A0
:10B110007A4C00007072696E74665F733A206261E7
:10B120006420256C7320617267756D656E74000014
:10B130007072696E74665F733A2062616420257371
:10B1400020617267756D656E74000000000000007C
:10B15000000000007072696E74665F733A20256E9D
:10B1600020646973616C6C6F776564007072696EDE
:10B1700074663A2062616420256E20617267756D85
:10B18000656E740033B0BDE8F08F2DE9FC410F46C9
:10B19000064690467A6B7869396ABC6A121AB869B1
:10B1A000521A796A121AF869521A121A97F8380064
:10B1B000141B41070FD42020002C8DF800000ADD5D
:10B1C000254601236A463946304600F07DF90028BD
:10B1D0005DD16D1EF5D17B6942463946304600F09F
:10B1E00073F9002853D130208DF800003D6A002DFE
:10B1F00009DD01236A463946304600F065F900282A
:10B2000045D16D1EF5D1BB69FA683946304600F06C
:10B210005BF900283BD130208DF800007D6A002DBD
:10B2200008DD01236A463946304600F04DF970BB0F
:10B230006D1EF6D1F868B969FB6942183946304687
:10B2400000F042F918BB30208DF80000BD6A002DD7
:10B2500008DD01236A463946304600F035F9B0B9B9
:10B260006D1EF6D197F8380041070DD52020002C2F
:10B270008DF8000008DD01236A463946304600F0AB
:10B2800023F920B9641EF6D10020BDE8F6814FF005
:10B29000FF30BDE8F6812DE9F8470D46A3B02F6BCE
:10B2A000002F8246904648BF6FF0004701F074FCC3
:10B2B000696B401801AA0021C2E90011812828BF4A
:10B2C0004FF0FF3044D289461EE0A74230DB686968
:10B2D000201881280BD30021696303AA2946504610
:10B2E000FFF753FF5FEA000922D40020686103AB37
:10B2F0006E69224669469819FCF788FCA6196E61AA
:10B3000058F8040BA0B13F1B002F11DDD8F8001036
:10B3100001AA684601F0DEFA0446002C05D4D8F8EC
:10B3200000000028D1D1641ECFD54FF0FF390EE0C8
:10B33000B9F1000F504604D103AA2946FFF725FFB3
:10B340008146B9F1000F02D1002068616863484668
:10B3500024B0BDE8F0872DE9FC4307466F293E691C
:10B3600008BF082405D041F02000782814BF0A2423
:10B3700010243C25D7E90023642918BF6929904689
:10B38000994605D1002B03D5D8F1000869EB49098E
:10B39000B9F1000F08BFB8F1000F0CD1386B50B9EC
:10B3A000082C39D197F83800010735D530203B25D6
:10B3B00086F83B0030E08DF80010404649462246B2
:10B3C000E31700F0FDF83032D0B26D1E3A28019537
:10B3D00004DB9DF80000A0F151018A187255404627
:10B3E00049462246E31700F0EBF880465FEA010980
:10B3F00008BFB8F1000F03D0F86871198842DCD398
:10B40000082C09D197F83800010705D5705D302860
:10B4100002D06D1E30207055C5F13C02BA61711921
:10B42000F960386B824208DA821A3A624FF6EF709E
:10B43000398F01403987BDE8F38300280ED597F88E
:10B44000380000F01400102808D17B6B7969386A45
:10B450005B1A1B1A9A1A002AC8BF3A62BDE8F38326
:10B460002DE9D04306460F4614464FF00008DFF89A
:10B47000549012E0E00707D542464B463046394625
:10B48000F8F786F906460F464046494642464B467F
:10B49000F8F77EF9641080468946002CEAD13046E0
:10B4A0003946BDE8D083000002FCFFFFFFFF0F809C
:10B4B0000000E03F0000F07FA08601000000F03FA8
:10B4C00084D7974100002440F8B505460E4617463C
:10B4D0001C4600205CB117F8011BB068A847B0609B
:10B4E00030B1F06A401CF0620020641EF3D1F2BD5E
:10B4F0004FF0FF30F2BD00006E616E004E414E0015
:10B50000696E6600494E46003000000001461E4A42
:10B51000531802EB81014A68187A516808471A4BA0
:10B5200002460020995C002900D0704710B5012424
:10B530009C5403EB82019C184A68207A1368BDE88A
:10B540001040184770B500F009F8AC68A04770BD0E
:10B5500070B500F003F8EC68A04770BD04460A4DD2
:10B560002E1905EB84046568307A704738B50346B8
:10B57000054CE51804EB83035C68287A236901B065
:10B58000BDE83040184700008470002000B500BFBF
:10B59000130096469446103928BFA0E80C50FAD8FC
:10B5A0005FEA417C28BF0CC048BF40F8042BC907A4
:10B5B00028BF20F8022B48BF00F8012B00BD000077
:10B5C000D3BBD9B1B2F5803F5BD2022A1ED98C46DB
:10B5D000B1FBF2F102FB11C31B0443EA1043B3FBBE
:10B5E000F2FC02FB1C3380B240EA0343B3FBF2F0EF
:10B5F00002FB103240EA0C4000237047022A05D9B2
:10B600008446B0FBF2F002FB10C270474AB105D18C
:10B6100000F0010249085FEA300070470022002371
:10B62000704701F0BFBA0B000200002100207047F4
:10B63000F7D3002200237047904271EB030CF2D342
:10B6400070B5B1FA81F4B3FA83F52C1BA340C4F1B1
:10B65000200532FA05F63343A2405FF00046E6408B
:10B6600002E05B085FEA3202841A71EB030524BF33
:10B67000204629467641F4D302000B003000002119
:10B6800070BD70B5B1FA81F4B2FA82F5C4F120044C
:10B690006419B4F12006DAD3B2405FF00044F440FC
:10B6A000002502E052085FEA3303C61A71EB020E6E
:10B6B00024BF3046714664416D41F3D302000B0054
:10B6C0002000290070BD000062F30F2262F31F42C8
:10B6D000401810F0030308D0C91A1FD3DB0748BF76
:10B6E00000F8012D28BF20F8022D130030B41446B5
:10B6F0001546103928BF20E93C00FAD8490728BF71
:10B7000020E90C0048BF40F8042D890028BF20F82C
:10B71000022D48BF00F8012D30BC7047C91818BF72
:10B7200000F8012DCB0728BF00F8012D704700005D
:10B7300010B586B00446142101A8FCF77DFA2268F2
:10B74000B2F1A04F30D10020864C00900222216837
:10B7500041F0010121604FF4C051206800F0010068
:10B7600000900098804801910292002103910322E9
:10B770000A210591049201A9F8F7FEF8606840F0EB
:10B7800080006060002100910022606940F48040E8
:10B790006061606900F48040009000984320FCF7ED
:10B7A000B7FF4320FCF7D1FF06B010BD00F5717163
:10B7B000D0F80404FDF7C2B90B461C225343C2184B
:10B7C000D0F80404D2F80822FDF7E6B90B461C2293
:10B7D0005343C218D0F80404926CFDF714BAD0F8A1
:10B7E0000404FDF7A0BA38B504460125E06808B99D
:10B7F000002503E0022818BFF8F734FDD4F804044C
:10B800002946FDF77CFAD4F80404BDE83240FDF780
:10B8100046BA10B50446D4F80404FDF773FA20685C
:10B8200000F56060016841F001010160206A20B10B
:10B830004E48016841F00601016010BDD0F80404D3
:10B84000FDF768BAD0F80404FDF78BBAD0F8040409
:10B85000FDF778BAD0F80404FDF792BAD0F80404E2
:10B86000FDF790BA10B5017839BB414CC4F8040417
:10B87000C0F8C4424FF0A040206004210020022202
:10B880002061E06120626062E06220636160E260EA
:10B89000A261204601F088F908B1F8F7E3FC8021A5
:10B8A000204601F0D1FD40220021204601F0ABFDF1
:10B8B00080220121204601F0A6FD002010BD80B5A8
:10B8C000D0F8C40201F0D8F9BDE8024055E010B547
:10B8D0001C461346D0F8C402224601F0A0FCBDE885
:10B8E00010404AE080B5D0F8C40201F0C3FCEBE799
:10B8F00080B5D0F8C40201F070FDE5E780B5D0F85E
:10B90000C40201F002FDDFE780B5D0F8C40201F007
:10B9100032FDD9E7D0F8C42201F07F031C20434355
:10B92000D018090602D590F83E00704790F8FE0145
:10B93000704780B5D0F8C40201F060FCC4E780B560
:10B94000D0F8C40201F0B9FCBEE780B5D0F8C4025B
:10B9500001F0A0FCB8E7D0F8C40201F0A6BC05488D
:10B9600070470000303802400000024010ED00E057
:10B9700078650020D034002070470146002021B1B6
:10B98000022901D1012070470320704741780078D7
:10B9900040EA0120704700002DE9FC410E460546B3
:10B9A000307810F060004FF0000805F527770AD0D6
:10B9B000202818BF402840F0DC80FA6993682846A8
:10B9C000984780461DE171780929F4D8DFE811F025
:10B9D000F4000D01D1000701D10084000A00D1005C
:10B9E000E2009E00ADF800807088010A01296DD048
:10B9F00002295FD0032925D006291BD0072904BFBF
:10BA0000287C00286DD1F9690A6B684690470721A8
:10BA10004170F288002A00F0F180BDF80010002982
:10BA20002BD0914288BF1146ADF800100146BDF8F9
:10BA30000020D0E0287C002853D1F9694A6B684681
:10BA40009047E6E7C0B205284BD8DFE800F02B238B
:10BA50001B130B03B8698269002A0ED0287C694643
:10BA60009047D6E7B8694269002A06D0287C694623
:10BA70009047CEE7B8690269002A7AD0287C6946E7
:10BA80009047C6E7B869C268002A72D0287C694628
:10BA90009047BEE7B8698268002A6AD0287C694668
:10BAA0009047B6E7B8694268002A62D0287C6946A8
:10BAB0009047AEE7287CF9690028684603D18A6A76
:10BAC00090470221A4E7CA6A9047FAE7BA69287C3E
:10BAD0001368694698479CE7B088002804BFF0883F
:10BAE000002846D17488802C43D23878032804F08B
:10BAF0007F043ED0BC7021462846FFF71AFF284637
:10BB000000F0A0F954BB012139707AE03E4C7088F6
:10BB1000207021780846022802D300F07BF836E036
:10BB20003A78022A1CD0032A2CD129B90220387075
:10BB3000696000F06CF861E0696888425ED000F0EE
:10BB400065F8217869602846FCF7E6FF5FEA00089F
:10BB500054D000F05FF8696800F058F802200FE058
:10BB600000294BD068602846FCF7D6FF5FEA000842
:10BB700002D000F04FF844E0284600F063F90320BB
:10BB800038703EE000F046F8217800F040F84FF0C1
:10BB9000030836E0F0880128EBD13978491E0129E5
:10BBA00004D9891EE5D10122291D14E0C5F80880B9
:10BBB000012205F108010EE03878401E0228D8D88D
:10BBC000F288022AD5D10121E960B86808B10321C1
:10BBD000E96005F10C01284600F01CF911E07088BD
:10BBE00001280ED10121B96008E03878401E0228F2
:10BBF000BFD87288012A04D1C7F80880284600F00F
:10BC000021F94046BDE8F681AA700020C9B2284655
:10BC1000FCF78CBF31462846CEE070B50E46044690
:10BC20003078002510F060001CBF2028402815D176
:10BC300004F527721078401E02280FD83379022BA2
:10BC40000CD2D2699368204698470546F08840B9DF
:10BC5000280006D1204600F0F5F802E0204600F06A
:10BC6000ABF8284670BD2DE9F0410E46804631788C
:10BC70003079002411F0600108F5277704D02029DD
:10BC800039D0402964D136E0717800293AD00129B1
:10BC900014D003295CD13A78022A15D0032A57D14F
:10BCA000718839B9002818BF802803D0F18809B9F4
:10BCB00000F069F8404600F0C5F84DE039780229F7
:10BCC00002D003290AD043E0002818BF80283FD0C3
:10BCD00000F059F8802100F057F83DE07188002904
:10BCE0003AD110F07F0203D001464046FFF70CFE28
:10BCF000404600F0A7F8FA699368314640469847F5
:10BD0000044629E0142200F07F013F78514308EBFC
:10BD10000103022F03F5AA7500F0800102D0032F62
:10BD20000ED015E0002818BF802811D109B103F109
:10BD300014052C6002222946404600F06BF80BE007
:10BD400000F00F0712FB07F2424441B1918C79B920
:10BD50003146404600F030F82046BDE8F081B2F8A8
:10BD600064110029F4D0002818BF802803D1E0E72F
:10BD700003F11405F7E701464046FFF7CBFD00B19C
:10BD800001202860D6E701464046FFF7B7BD38B529
:10BD90000D46044628782070A81C697861702D1D16
:10BDA000FFF7F4FD60802846FFF7F0FDA080A81C97
:10BDB000FFF7ECFDE08031BD10B504468021FFF7B0
:10BDC0009DFD2046BDE810400021FFF797BD0028EB
:10BDD0000B4600D1704770B50021044600E0491CB5
:10BDE00014F8015B002DFAD10906C90D891C1180D8
:10BDF0001178197003225A70022207E010F8011B13
:10BE0000D4B2521C1955D6B2521C9D550178002946
:10BE1000F4D170BD80B513460222C0F8942283612C
:10BE2000C36101E080B513460A460021FFF787FD94
:10BE3000002002BD80B513460A460021FFF785FDAC
:10BE4000002002BD80B50421C0F894120023002216
:10BE5000EBE780B50521C0F8941200230022ECE73F
:10BE600038B5054605F52F710C68ACB1002020727D
:10BE7000002204F5835062724270027082700020CA
:10BE800049680A68904701212846FFF731FD812162
:10BE90002846FFF72DFD13E031BD38B50546D5F82E
:10BEA000BC4264B1002020720122627281212846C6
:10BEB000FFF72AFD01212846FFF726FD00E031BDEE
:10BEC00041F210002218284601B0BDE830401F237F
:10BED0000121FFF73ABDD0F8BC0208B10021017280
:10BEE000704738B50446D4F8BC02C0B1017A891E47
:10BEF00003D0491E01290DD931BD41F21D0541F282
:10BF00001F02415D0244204601F0A4FA002806D534
:10BF1000012100E000212046BDE8344074E031BD3D
:10BF20002DE9F0418046D8F8BC5228006AD005F1CE
:10BF3000080641F21F0132786F1812B1012A53D05E
:10BF400060E041F210002C184046616861620121F6
:10BF5000A268A262FFF7FFFC1F2802BF20683749D2
:10BF6000884235D1617B022932D2A07B00282FD0B4
:10BF700011282DD23A46404601F06CFA002830785C
:10BF800002D505282CD138E002281CBF012803283F
:10BF900038D0716891B341F21803D8F8BC02C35885
:10BFA00041F218028B42024488BF0B4650B3166A16
:10BFB000711A116241F23C0200218154042606727A
:10BFC00005F110024046BDE8F0418121FFF7B7BC02
:10BFD000617B20230522404601F042FD0220707063
:10BFE0004046BDE8F0412DE041F21D013A46695C52
:10BFF000404601F02FFA002804D501214046BDE853
:10C00000F04101E0BDE8F08170B50546D5F8BC42CD
:10C010009CB141F230002218094B136011730026C5
:10C0200026720D2381212846FFF789FC41F210007A
:10C0300022182846BDE8704049E770BD5553424379
:10C040005553425338B50546D5F8BC42B4B141F218
:10C0500018002044017931B9006820B1627A12B920
:10C06000012100F00DF800F00AF8607A022805D1ED
:10C0700000F005F82846BDE834401EE031BD8121BE
:10C080002846FFF73BBC10B50446D4F8BC0250B1BB
:10C09000407A022808D181212046FFF72FFC204654
:10C0A000BDE8104009E010BD0906FCD50128FAD012
:10C0B0002046BDE810400121A6E70121FFF71EBC84
:10C0C00070B44FF0004591EA030F7DF587AF6B40E8
:10C0D000841A71EB030603D2001BB141121973419C
:10C0E0004FF4001C1CEB410F34BF7CEB430442E0D7
:10C0F0000C0DA4EB1356352E4FDC45EAC323DB0AA7
:10C1000045EAC121C912B6F120050DDD63FA05F635
:10C11000EB4086EA0305124218BF45F00105C0183E
:10C1200051F100010CD213E062FA06F5F2405540DD
:10C13000F3415A40B340F3405A408018594107D365
:10C1400049085FEA30005FEA350528BF45F0010580
:10C1500001F58011420875F1004250F1000041EBF9
:10C1600004514E0016F5001F70BC38BF7047002008
:10C17000090D090570471CEB410F10D252EA430626
:10C180000BD0BCEB410F05D80C0DAB43661E342E13
:10C19000B6DD02E0AB438018594170BC704770BCFB
:10C1A000704700002DE9F04D2DED0A8B43EC182B64
:10C1B00055EC184B24F0000635F0004708BF002E60
:10C1C00084B041EC190B00F0F38253EC192B0020E2
:10C1D000DFF8641601F01AFD00F0EA8251EC180B4A
:10C1E0008A460020DFF8E41501F010FD08D14FEA7F
:10C1F0004A004015401C08BF5FEA0A3100F0D882AF
:10C2000051EC190B8B464FEA4B004015401C00F0D7
:10C21000FE8157EC196B37F0004308BF002A00F08D
:10C22000F6814FEA4A004015401C00F0F081690099
:10C2300041EAD4716000002908BF002804D1B0EEA3
:10C2400048AAF0EE68AA1BE040F23342A2EB51503C
:10C25000352806DB04F0000005F0004141EC1A0B24
:10C260000EE0202803DD2038C540854000E001D1E4
:10C27000002403E00028C4BFC440844045EC1A4BAE
:10C28000F80F0BD053EC182B51EC1A0B01F0BEFC3D
:10C2900004D0AFF300809FED3B9B8BE227F0004181
:10C2A000B1F5801F09D2002000906A4651EC190BAD
:10C2B00000F070FB41EC190B0CE0DFF81455DFF8CF
:10C2C0008C253D40DFF80C7502EB11502F43009098
:10C2D00047EC196B51EC190BC80F36D021F0004018
:10C2E00053EC192B034643EC192B51EC1A0B4B0062
:10C2F00043EAD0734200002B08BF002A04D1B0EEFD
:10C300004A0AF0EE6A0A19E040F23444A4EB5352B0
:10C31000352A04DB00F0000001F000410CE0202A87
:10C3200003DD203AD140914000E001D1002003E03C
:10C33000002AC4BFD040904041EC100B53EC1A2BA4
:10C3400051EC100B01F062FC01D1002600E0012647
:10C35000009801281ED151EC190BDFF87C24DFF87E
:10C360007C34FEF757F815D253EC192B00204FF010
:10C370008041F7F70DFA00279FED04BB41EC190B44
:10C3800028E000BFFFFFFFFFFFFFFF7F000000006E
:10C390000000F03F53EC192B0020DFF84414F7F7AE
:10C3A000F7F99FED76AB53EC1A2BFDF70FFEF7F77D
:10C3B000C5FAA0F120042046FDF7C6FE0022DFF8F2
:10C3C0002434F7F7E5F953EC1A2BFDF7FFFD41ECA8
:10C3D0001B0B670151EC190B53EC1B2BFFF770FE85
:10C3E00041EC1A0B53EC192B51EC1B0BFDF7EEFD36
:10C3F00002460B4651EC1A0BFDF7B8FE41EC190B47
:10C4000053EC192BF7F7C4F941EC1C0B53EC1C2B24
:10C41000DFF8D403DFF8D413F7F7BAF9DFF8D02345
:10C42000DFF8D033FDF7D2FD53EC1C2BF7F7B0F952
:10C43000DFF8C423DFF8C433FDF7C8FD53EC1C2B31
:10C44000F7F7A6F9DFF8B823DFF8B833FDF7BEFD3C
:10C4500053EC1C2BF7F79CF9DFF8AC23DFF8AC3377
:10C46000FDF7B4FD53EC1C2BF7F792F9DFF8A0238E
:10C47000DFF8A033FDF7AAFD53EC1C2BF7F788F982
:10C48000DFF89423DFF89433FDF7A0FD53EC1C2B69
:10C49000F7F77EF953EC1A2BFFF712FE04460D4610
:10C4A0000020DFF8941353EC1B2BFFF709FE00224A
:10C4B0004FF08043F7F76CF922462B46FDF786FDD7
:10C4C00053EC192BF7F764F941EC100BDFF850032C
:10C4D000784400F55370074453EC1A2B51EC100BC1
:10C4E000FDF774FD41EC190B0098FDF72DFED7E91F
:10C4F0000023FDF76BFD41EC1A0B53EC192BC948D7
:10C50000C949F7F745F953EC1A2BFDF75FFD53ECDA
:10C51000182BF7F73DF90022C44BFDF77BFF41ECE8
:10C520001B0B68D30122C24B00F06CFA60D9C80F14
:10C5300053EC1B2B1ABF0020BE49A649FDF746FD50
:10C54000F7F7FCF90022BC4BCDE901238046CDF87A
:10C55000008053EC192B51EC180BF7F719F904462E
:10C560000D46D7E90201D7E90423FDF72FFD53EC6F
:10C57000182BF7F70DF99FEDB1BB03E000000000A9
:10C580000000E03F53EC1B2BF7F702F922462B4645
:10C59000FDF71CFD07468B4653EC1A2B51EC180B8C
:10C5A000F7F7F6F804460D464046FDF7CDFD024686
:10C5B0000B4620462946FFF783FD53EC1B2BF7F76C
:10C5C000E7F83A465B46FDF701FDDDE9012301F09E
:10C5D0002DFB41EC190B31F0004108BF00280AD0B7
:10C5E00051EC190B48004015401C06D1090304D139
:10C5F0009FED9B9B01E09FED969B002E00F0DA8063
:10C6000051EC190B81F0004141EC190BD2E04FEADB
:10C610004B00401510F1010803D15FEA0B3040F0E8
:10C62000C9804FEA4A077F157F1C07D15FEA0A30AD
:10C6300004D0B0EE489AF0EE689ABBE04FEA4A00A8
:10C6400001264015401C63D0294620464B0043EA92
:10C65000D0734200002B08BF002A04D1B0EE48AAD4
:10C66000F0EE68AA1AE040F23342A2EB5352352AA8
:10C6700004DB00F0000001F000410DE0202A04DDA1
:10C68000A2F12000C140814000E001D1002003E080
:10C69000002AC4BFD040904041EC1A0B53EC182B39
:10C6A00051EC1A0B01F0B2FA18BF00264B0043EA16
:10C6B000D0734200002B08BF002A04D1B0EE4A0A12
:10C6C000F0EE6A0A1AE040F23442A2EB5352352AE5
:10C6D00004DB00F0000001F000410DE0202A04DD41
:10C6E000A2F12000C140814000E001D1002003E020
:10C6F000002AC4BFD040904041EC100B46B153EC2F
:10C700001A2B51EC100B01F081FA0CBF0026012608
:10C71000B8F1000F08BF5FEA0B3006D151EC190BDE
:10C72000C80F1CD1EC0F40D037E0002F08BF5FEAE4
:10C730000A301AD153EC192B23F00041B1F5801FB8
:10C7400022F000001DD20022002908BF002800921C
:10C750001BD06A4651EC190B00F01CF915E0EC0FE8
:10C7600001D1002E1DE0C6B108E0002E1ABF51EC29
:10C77000190BC80F0020EC0F12D170B19FED319B47
:10C7800018E0324E06EB11500090EC0F009802D1E9
:10C7900000280ADC01E0002807DD9FED2D9B09E061
:10C7A000002818BF9FED2C9B04D19FED2D9B01E02D
:10C7B0009FED049B04B051EC190BBDEC0A8BBDE856
:10C7C000F08D00BF000000000000F03F0000F0BF4F
:10C7D000FFFF0F800000E03FCD3B7F669EA0E63F5D
:10C7E000000050400000903FF7DE29BFD8F8C23F5C
:10C7F000F4B3FECC1A99C33F62CB68D96F46C73FEA
:10C80000C6C912DAC471CC3F4AE98A942449D23F9E
:10C81000F75F97999999D93FBC5555555555E53FBF
:10C82000D0500000FE822B654715F73F0000E0C0A6
:10C830000000E0400000E0BF0000F03FEF39FAFEEA
:10C84000422EE63F000000000000008002FCFFFFD7
:10C850000000000000000000000000000000F0FFE9
:10C86000000000000000F07F1C48704770B453685F
:10C87000D41801E05B1C491E042B08DA00291FBFF5
:10C88000057804F8015B10F8016B002EF2D15360BB
:10C8900070BC704738B514461D4661B1FFF7E6FF1E
:10C8A00061686A6B204690476FF00102811A02D0DE
:10C8B000491E01D001E003E005E00021616032BDC6
:10C8C0006FF0010032BD4FF0FF3032BDDA6B104720
:10C8D000024BDFE7014BF9E7014870473C34002089
:10C8E00004340020C9B202788A421AB11CBF10F881
:10C8F000012FF9E718BF00207047000080B500B98C
:10C9000006A005490B681BB122220021984701E0CF
:10C9100001F062FB222002BDA4700020636F6E73E1
:10C92000747261696E742068616E646C65723A201D
:10C93000626164206D65737361676500C9B28307C6
:10C9400006D0521E22D310F8013B9942F7D11FE0C6
:10C95000083A13D302F1040241EA012141EA0141FC
:10C9600050F8043B121F21BF4B40A3F1013C2CEABD
:10C97000030C1CF0803FF3D0C9B2001F083210F83E
:10C98000013B521E28BF91EA030FF8D818BF0120BF
:10C99000401E704710B5144600F002F8226010BD2A
:10C9A000C1F30A5343B14A0012F5001F28D2A3F283
:10C9B000FE32A1EB0251704750EA410C20D001F049
:10C9C000004C31EA0C01B1FA81F204BFB0FA80F3F5
:10C9D000D2180B3AB2F120032CBF00FA03F19140B8
:10C9E00041EA0C013EBFC2F1200C20FA0CF31943BE
:10C9F0009040524240F2FD33D21A01EB035170478E
:10CA0000002270474FF4001C1CEB410F94BF1CEB3D
:10CA1000430F09E041EA030C50EA4C0C52EA0C0CBB
:10CA200003D28B4208BF8242704714BF99429042A2
:10CA300070470000124254D440F2FF7C1CEA1153AC
:10CA40000FD0634531D09B1863453CBF01EB0251C9
:10CA5000704701F0004141EA0C510020AFF3008023
:10CA6000704750EA410320D001F0004C91EA0C01DC
:10CA70001CD0B1FA81F30B3B9A420DD9D21A9940DE
:10CA800051EA0C01C3F1200C20FA0CFC61449840DF
:10CA9000531C40F2FF7CD7E7914041EA0C01C2F100
:10CAA000200C20FA0CF3194390407047B0FA80F341
:10CAB0001533202BE0D3202AEED3203A203B9A4294
:10CAC00009D9D21A00FA03F141EA0C010020531CE3
:10CAD00040F2FF7CB8E700FA02F141EA0C010020C5
:10CAE0007047524240F2FF7C1CEA11530DD063455F
:10CAF000DBD0B2EB030C3CBFA1EB025170470CF151
:10CB0000010221EA035141F4801150EA410CCCD0DA
:10CB100001F0004C352A27DC30B481EA0C01B2F177
:10CB2000200309DAC2F12003044601FA03F5D040DC
:10CB30002843D1409C400CE0C3F12002450020FA7C
:10CB400003F418BF44F0010421FA03F091400C43B0
:10CB5000002174F1004550F1000051EB0C0124421A
:10CB600030BC7FF47BAF70476146002076E7000061
:10CB7000400D491840EA81200CD2490DA1F5806191
:10CB8000491C40F0004005DBD1F11F0154BFC840F3
:10CB9000C01770470020704780B5FFF765FE006C36
:10CBA00002BD00007047000070B504008AB04BD091
:10CBB000266804F56F75687820B900212970204631
:10CBC000FEF7B6FD03206870F16BC8055CBF00215D
:10CBD0002161206801F0AAFA83B000F048F80EBC89
:10CBE000206801F0FDF900282CD12068002101F017
:10CBF000A3FA00211C2000260AE010FB01F22244C7
:10CC00003C32012353701170D180002300F028F8CA
:10CC100062689142F1D3002109E010FB01F2224445
:10CC200002F5FE7200231170537000F019F862686B
:10CC30009142F2D383B000F01AF80EBC206801F0E4
:10CC4000A7FA18B102206870012007E084F83800C4
:10CC500001216970206801F08FFD00200AB070BDCD
:10CC6000491CD6709360D6605361C9B27047211DCC
:10CC700068463422FAF7CABF10B500F0ABFA01D10A
:10CC8000022010BD00F0ACFA01F04CFA20689BE2E3
:10CC90002DE9F84F054684B02C680194204601F038
:10CCA000AAFD002840F0858200F086FA002800F0F6
:10CCB000808200F081FA800704D52868416901F07C
:10CCC0000201416100F078FAC00632D52868816916
:10CCD00021F0100181611C20266A06F00F014143FA
:10CCE000681800F5FE77C6F3434002280FD147F6D7
:10CCF000F070064218D0F968C6F30A12204601F017
:10CD0000D1FCF868C6F30A110844F86007E0062869
:10CD10000AD1082205F57171204601F0C3FCB969FA
:10CD2000C6F30A104118B9612868816941F0100101
:10CD3000816100F041FA000340F1B080286801F001
:10CD40002EFD00242E4605004FF4004A48E0002C3A
:10CD500004BFD6F81002002809D106F5717200212F
:10CD6000184601F058FD02E008B120208860E1B2C9
:10CD70003046FEF721FD380720D50821C9F80810F4
:10CD80003068DFF83C84D0F840B000EB441101F586
:10CD90003060C345816803D3090448BFC0F808A0C8
:10CDA0003046FEF703FDC34508D33069012805D19D
:10CDB000306806F57172012101F02DFDF80644BFBF
:10CDC0001021C9F80810B80644BF2021C9F808107E
:10CDD000B80444BF4FF40051C9F80810641C6D0832
:10CDE0005BD0E807FAD53068E1B201F0E6FC07460F
:10CDF000019800EB441000F53069F807BBD501211C
:10CE0000C9F808103368D3F840C003EB441101F5AA
:10CE100030618A68D6F810E0BEF1010F02F0200000
:10CE200030D1130706D5DFF898038445A3D3120445
:10CE300030D4A0E710B1202088609CE712F0280FC2
:10CE400099D1DFF87C03844501D3120422D41C203D
:10CE50006043304400F5017002680969C1F31201B2
:10CE6000521A0261002C416802680A44426004BF01
:10CE7000D6F8100200287FF47AAF306806F5717298
:10CE800001216EE7DFF83CE3F4457FF460AF120464
:10CE90007FF56AAFC1F808A06DE7354600F08CF960
:10CEA000400340F1A480286801F080FC0646019808
:10CEB000002400F500600390002E34E0D7F808B09D
:10CEC000411A8B4588BF8B460BF103004FEA900A4D
:10CED0002869C0B200901FFA8BF3F968E2B24846A5
:10CEE00001F0CEFBF868B96958448B44F860C7F884
:10CEF00018B009EB441000F51060816989B2514502
:10CF000005D37869B969814201D20028D6D1B869C0
:10CF10007969884205D309F50062516B0298014096
:10CF20005163641C760862D0F007FAD52868E1B234
:10CF300001F04EFC8046019800EB441000F51069AA
:10CF40001C22012104F00F0062438140AF18C94345
:10CF50005FEAC87002911DD503994A6B029802409E
:10CF60004A630120C9F80800296901290ED1B86C6B
:10CF7000796C0144B964002C04BF286D002805D1E8
:10CF8000286805F57172012101F045FCE1B22846DF
:10CF9000FEF71CFC5FEA087044BF0821C9F80810BE
:10CFA0005FEAC86044BF1021C9F808105FEA486012
:10CFB00044BF4021C9F808105FEA887044BF0221CD
:10CFC000C9F808105FEA0860ABD53C37B8697969E1
:10CFD000D5F800908142A4D3D7F808A0081A82455A
:10CFE00088BF82460AF103004FEA900A81E7286869
:10CFF000019C01F0CFFB002804F5006416D56168A0
:10D0000049084900616095F8F403012806D1002120
:10D0100085F8F413284600F01BFA02E02846FEF7D4
:10D020000DFC2868416901F00041416100F0C4F83D
:10D0300000050AD5A168C80744BF2846FEF7E9FBEA
:10D040002868416901F40061416100F0B5F8C0044D
:10D0500053D561684908490061601021286801F0D2
:10D0600041F9019800214FF67F3218E000EB41139F
:10D0700003F5106603F53063B260491C376827F486
:10D0800000173760376847F0006737609A601E689E
:10D0900026F400161E601F6847F000671F606B686B
:10D0A0009942E3D3E06940F00110E061286B50B190
:10D0B000D4F8840040F00B00C4F88400606C40F0A9
:10D0C0000B00606409E0606940F4005040F02B0000
:10D0D0006061206940F00B00206105F571722068E5
:10D0E00020F4FE60206029692868C9B201F093FB32
:10D0F0002868416901F48051416100F05DF88004C5
:10D1000016D5286801F07BFB286801F01AF9E86061
:10D11000FBF766FA0146EA682868D2B200F09BFF86
:10D120002846FEF760FB2868416901F4005141611F
:10D1300000F042F8000707D52846FEF750FB2868A4
:10D14000416901F00801416100F036F8C00208D5DC
:10D1500000212846FEF77AFB2868416901F4801116
:10D16000416100F029F8800208D500212846FEF729
:10D1700069FB2868416901F40011416100F01CF865
:10D18000400007D52846FEF765FB2868416901F095
:10D190008041416100F010F840070AD529684C68C9
:10D1A000600744BF2846FEF759FB286841680C43D6
:10D1B000446005B0BDE8F08F286801F0EBBA0000CC
:10D1C0000B30544F0A31544F01F0CAFA002084F852
:10D1D000BC0310BD044694F8BC232068012A7047A4
:10D1E000A36A0122012B84F8BC2306D1A269012A7B
:10D1F00003D0826B42F480328263704710B50446DC
:10D2000094F8BC03012801D1022010BD012084F84C
:10D21000BC0384F83810206801F094FAD6E738B5DA
:10D22000054601F00F041C20444328190C0647BF93
:10D2300000F13C04012000F5FE74002001F00F0114
:10D2400060702170A260E370607808B12178E1809D
:10D25000022B04BF0020207195F8BC03012801D1E6
:10D26000022032BD012085F8BC032146286801F068
:10D2700076F87CE010B5044601F00F0200F09FF84C
:10D2800000F090F801D1022010BD00F092F801F0FA
:10D290009DF89BE738B500F026F803F5FE730025EE
:10D2A00000F028F808BF1A6110E001F00F011C22FD
:10D2B00051430844D0F81402704738B500F013F811
:10D2C0003C33012500F016F808BF1A6102690068B6
:10D2D0000029D2B2194602D101F067F901E001F04C
:10D2E000B6F8002032BD1C4601F00F051C235D433B
:10D2F000431970475C6101F00F0100249C61DA6002
:10D300005D7019700469012C704738B505460C46EC
:10D31000696804F00F00814201D2012032BD1C2156
:10D32000220605D54843284400F13C01012005E0D0
:10D3300011FB04F1681800F5FE710020487001220D
:10D340008A7004F00F040C7095F8BC03012801D119
:10D35000022032BD85F8BC23286801F0C2F934B937
:10D360002969286805F57172C9B201F054FA0020E4
:10D3700085F8BC0332BD10B5044601F00F026068A9
:10D38000904201D2012010BD00F019F800238370F3
:10D3900000F008F801D1022010BD00F00AF801F0F9
:10D3A000B8F913E701F00F01017094F8BC130129DB
:10D3B0007047012284F8BC230146206870471C2076
:10D3C0004243A0180A0603D53C300123437070473E
:10D3D00000F5FE7000224270704710B5044694F8C4
:10D3E000BC03012801D1022010BD012084F8BC0338
:10D3F0000A06206804D501F00F0100F073FF01E078
:10D4000000F086FFE2E670B50068436A0C0003D1C5
:10D4100043EA0242826215E0846A03EB144300246B
:10D4200006E000EB8505641CD5F8046103EB1643A8
:10D43000E5B24E1EB542F4D300EB810043EA02424E
:10D44000C0F80021002070BD0068416200207047D4
:10D45000704700002DE9FE4F83460BF52F773868A3
:10D46000029010B94FF0FF30BCE28946154641F2F8
:10D470006804297841F2620A4FF4805641F218029A
:10D480004FF0FF3849B3032942D0122900F08180C0
:10D490001A2900F0C8801B2900F0A4801E2900F082
:10D4A000BA80232900F0D180252900F00C81282999
:10D4B00000F088812A2900F0DA812F2900F0778294
:10D4C0005A2900F0B8809E2900F02A81A82900F08E
:10D4D000A181AA2900F011827AE201468E183068F3
:10D4E00018B1717920230522E9E011F80A00022819
:10D4F00001F1080604D000F0ABFA08B9706071E2DF
:10D5000000F0A2FA584600F0ABFA0521317068E24B
:10D5100001468C18206818B9617920230522CEE0D5
:10D520000020002201F11003C4B2401C1A55C4B2FD
:10D53000122CF9D301F10C00702202710C23C3727A
:10D5400001F5835213785478A3421BD001EBC30337
:10D5500003F5825341F244041B788371137801EB85
:10D56000C3031E5D0674137801EBC30141F245034A
:10D57000C95C41741178491C1170C9B2042904BFF7
:10D5800000211170122202602979122900D801604D
:10D59000FFE18618316819B97179202305228EE0E0
:10D5A0006978CA070FD5A97819B90622DFF83814A7
:10D5B00048E0802903D10822DFF8301442E0717975
:10D5C000242305227BE07A68D369242111FB09F228
:10D5D00099180A792B79521D94B29C4228BF1A4699
:10D5E00092B22FE000EB0A022979137801F00301CF
:10D5F000012B08BF022903D1242305224946CDE18E
:10D60000012903D0022902D0032901D10021117080
:10D610000022C260BDE12A7902B1012200F80A208D
:10D620000021C160B5E1297917221829B8BF0A463F
:10D63000DFF8BC1306E0297A1B221C29B8BF0A4672
:10D64000DFF8B01300F0D2FAA3E17B68D3F804C08E
:10D6500006466A4601A94846E04770BB16F80A002C
:10D6600002282AD00020002106F1100283B2401CBB
:10D67000D15483B20C2BF9D306F10C000821C171EF
:10D680000223019A521E120E02720199491E090CC0
:10D6900041720199491E090A8172019903734A1E58
:10D6A000C27200214173BDF80020120A82730C225D
:10D6B000BDF80010C17302606BE100F0C5F9584677
:10D6C00000F0CEF98DE17B68D3F804C0064641F244
:10D6D000640035182A4631194846E0470028ECD145
:10D6E00016F80A000228E8D0315906F10C00491E4C
:10D6F000090E017100233159491E090C417131593C
:10D70000491E090A8171315903724A1EC27143725E
:10D710002A88120A827208222988C172026038E1BE
:10D72000029041F264027B6886180119D3F804C0A4
:10D7300032464846E0470028BFD1029810F80A1048
:10D740000229BAD0EB7AAA7A1B0443EA026300F1F9
:10D750000C012A7B687B43EA022303430B6000220F
:10D76000029800F1100705E05FFA82F9002307F83C
:10D770000930521CD1F800A0D3B25345F4D302595A
:10D78000521E120E0A7200230259521E120C4A72C5
:10D790000259521E120A8A7200590B73421ECA7233
:10D7A0004B733288120A8A733088C873EB7AAA7A6C
:10D7B000687B1B0443EA02632A7B43EA0223034398
:10D7C0000B60E6E00446207A002840D1A1180091C1
:10D7D0000979080619D5A2449AF80010022911D037
:10D7E00000F036F970B900F020F9E8792B7A43EAB5
:10D7F000002300F031F9002800F1F38000F002F975
:10D8000003D122E000F020F9C8E0009841792023FC
:10D810000522C3E00446207AC8B9A118009109790D
:10D8200008061FD5A2449AF80010022917D000F06C
:10D830000FF9A0B900F0F9F800F0ECF800F00CF9DD
:10D84000002877D400F0DEF80CD10221217204F117
:10D85000080049464660584600F038F9C2E000F03A
:10D86000F3F89BE0009841792023052296E0824658
:10D870009AF80810002947D10AEB02042068002812
:10D8800037D02079010634D47A68916848468847B1
:10D8900018B13A230222494680E07968CA684846AE
:10D8A000904708B12723F5E7EA78A8782979120488
:10D8B00042EA0062687942EA012241F264010AEB1D
:10D8C00001070243BA60E8792B7A43EA0023FB6040
:10D8D00000F0C3F800282DD400F08EF809D1B3F57C
:10D8E000805F28BF334601208AF808000AF1100241
:10D8F0004BE061792023052250E00146009001F1C0
:10D90000080A9AF8000000284CD18C1820680028DA
:10D9100041D0207901063ED47A689168484688470C
:10D9200048B13A2302224946584600F099F80520AA
:10D930008AF8000055E07968CA684846904708B1FF
:10D940002723EFE7EA78A9786879120442EA0162AE
:10D95000297941F2640342EA01220099CF18024377
:10D96000BA6000F057F8FB6000F077F8002838D470
:10D9700000F042F80FD1B3F5805F28BF3346012095
:10D980008AF80000009901F1100201215846FDF7C4
:10D99000DCFF002026E0617920230522584600F0B4
:10D9A0005FF81EE04946584600F0D4F81AE00646F3
:10D9B000687881073FF520AE41F26C00304443683F
:10D9C000026800F04AF800280BD40020F06009E05B
:10D9D000202305224946584600F042F802990220C9
:10D9E00048724046BDE8FE8F8C33002094330020FF
:10D9F0009C330020B4330020FB68388821684343FF
:10DA000099427047009801687A68BAF80200424368
:10DA100091427047EB79A879297A1B0443EA0063A5
:10DA2000687A43EA012303437047EA78A8782979A2
:10DA3000120442EA0062687942EA012241F26C0172
:10DA4000671802433A6070473A23022249467047FA
:10DA500079688A68484610477B604946584622E004
:10DA6000D0F8BC02002800D1704770B541F26101C6
:10DA7000445C00EBC40505F5825641F24405327062
:10DA8000425C00EBC204635541F24504435C00EB89
:10DA9000C30200251555425C521C4254D2B2042ADE
:10DAA00008BF455470BD38B5D0F8BC424CB141F206
:10DAB00068059A186459944206D221230522FFF77B
:10DAC000CFFF4FF0FF3032BD002032BD2DE9F843CB
:10DAD000074607F52F7C41F23800DCF80040251896
:10DAE000A88DAE6B88464643C4B1DCF804C06A6BAF
:10DAF000DCF81090B6F5805F28BF4FF48056B6FB77
:10DB0000F0F39BB204F110014046C847002808D545
:10DB10001123042241463846FFF7A2FF4FF0FF30A1
:10DB200016E0334604F1100281213846FDF707FF65
:10DB3000A88D696BAA6BB6FBF0F041186963101AE7
:10DB40002968A8638E1B2E6008B90320207200206C
:10DB5000BDE8F2832DE9F047804608F52F7C41F2BD
:10DB60003800DCF800402718B88DBE6B4643D4B1AE
:10DB7000DCF804C04FF48059B6F5805F28BF4E46EC
:10DB80000D46B6FBF0F37A6BDCF814A09BB204F1FF
:10DB900010012846D047002808D50323042229462F
:10DBA0004046FFF75DFF4FF0FF301DE0B88D796B09
:10DBB000BA6BB6FBF0F359187963D31A3968BB63B3
:10DBC0008E1B3E6023B900214046FEF71DFA0AE095
:10DBD0004343B3F5805F28BF4B4604F11002012197
:10DBE0004046FDF7B2FE0020BDE8F08710B510B941
:10DBF0004FF0FF3010BDC26004E0521E92B2841894
:10DC00008B5C2374002AF8D1002010BD90420CD107
:10DC100041EA030C50EA4C0C07D0994205D14FF46D
:10DC2000001C1CEB410F38BF89427047F8B52DED41
:10DC30000A8B41EC1A0B4800401543EC182B109C42
:10DC4000401C53EC1A2B1FD033F0004308BF002AAE
:10DC50001AD053EC182B1D4668004015401C13D0F9
:10DC600022F0000633F0004708BF002E0CD051EC24
:10DC70001A0B0022C24BFCF7CDFB80F088809FED91
:10DC8000A80B51EC100B7DE048004015401C02D160
:10DC90000A0340F06F8153EC182B1D466A005215A1
:10DCA00012F1010C01D12A0342D153EC182B22F0BE
:10DCB000000633F0004708BF002E03D1C0BB0903A4
:10DCC00036D107E0BCF1000F0DD12E030BD178BB8C
:10DCD00009032DD1AFF30080BDEC0A8B4FF0FF306C
:10DCE0006FF00041F4BD57EC1A6B37F0004708BFE6
:10DCF000002E20D129464800400D04EB000628D113
:10DD0000224651EC180BFEF795FE41EC180B51EC36
:10DD1000180B20F0000231F0004308BF002A05D0A4
:10DD200048004015401C03D1090301D1AFF3008026
:10DD300051EC180B20E120BB090322D153EC1A2B24
:10DD400051EC180BBDEC0A8B01B0BDE8F040F5F7C3
:10DD50001FBD002ED4DD40F2FF7086420ADB9FED2E
:10DD60009C0B53EC102B05F000451D4351EC100BA0
:10DD70002946CAE76FF31E5141EA065343EC182BBC
:10DD8000C5E70020BDEC0A8B05F00041F4BD01227F
:10DD90007C4BFEF737FE0BD8AFF300809FED8C0B6A
:10DDA00051EC100B05F00045BDEC0A8B2943F4BD86
:10DDB00053EC1A2B74487549F5F7EAFC41EC100B4B
:10DDC00053EC102B9FED729B03F0004251EC190BAA
:10DDD0000D46154353EC192B51EC100B2B46FCF759
:10DDE000F5F8F5F7ABFD0546FCF7AEF941EC1B0B7A
:10DDF00053EC1B2B4FF078406749F5F7C9FC0246FE
:10DE00000B4651EC1A0BFEF75BF906460F4653EC36
:10DE10001B2B62486249F5F7BBFC02460B463046B5
:10DE20003946FEF74DF941EC1A0B21F00041002272
:10DE30005C4BFCF7EFFA04D2B0EE48AAF0EE68AA09
:10DE400051E053EC1A2B51EC1A0BF5F7A1FC41EC05
:10DE50001B0B53EC1B2B54485449F5F799FC544ABF
:10DE6000544BFCF7B3F853EC1B2BF5F791FC41EC4A
:10DE70001C0B53EC1B2B50485049F5F789FC504ABA
:10DE8000504BFCF7A3F853EC1B2BF5F781FC53EC3C
:10DE9000192BFCF79BF853EC1A2BF5F779FC41ECA6
:10DEA000190B53EC1C2BFCF791F89FED47AB53EC8F
:10DEB0001A2BFCF78BF806460F4651EC1C0B53EC63
:10DEC000192BFEF7FDF853EC1A2BFCF77FF80246EE
:10DED0000B4630463946FCF749F953EC182BF5F759
:10DEE00057FC41EC1A0B51EC1A0B0B466219580007
:10DEF000400D02EB00041FD0002C1DDD40F2FF702E
:10DF0000844211DB9FED320B53EC102B01F00041EA
:10DF1000194355EC104B0D4645EC1A4B19E000BF68
:10DF200000000000000000006FF31E5343EA04539A
:10DF300051EC1A0B19460AE051EC1A0B20F00004C0
:10DF400031F0004508BF002C03D0FEF773FD41EC13
:10DF50001A0B51EC1A0B20F0000231F0004308BFFD
:10DF6000002A05D048004015401C03D1090301D107
:10DF7000AFF3008051EC1A0BBDEC0A8BF4BD00002E
:10DF800000C89CC000C89C40FE822B654715F73F27
:10DF9000000000000000E03F422EE63FF2E4D5BC66
:10DFA000E7E84B3E0000903C112E5781A03F503FC8
:10DFB0005843128C8F71BC3F4BE8A541B752013FCB
:10DFC0000BBDF3DAE8708C3F000000000000F03F6A
:10DFD000000000000000F07F012000F0A9BC00005C
:10DFE0000EB418B504460898012817D1A06B20F488
:10DFF0008030A063E168DFF8AC080140E160E168CF
:10E0000021F44011E1600F98012803D1E06840F449
:10E010008010E060204600F020FC0FE0E06840F057
:10E020004000E060204600F018FC0C990029A16B2C
:10E030000CBF41F4803121F48031A163069901299C
:10E0400007D1A16841F00601A160A16841F020015B
:10E05000A16000F022BC10B5022A58D1DFF8482890
:10E06000DFF8483852189A4238BF4FF4705150D3F5
:10E07000DFF83C28DFF83C3852189A4238BF4FF49A
:10E08000605146D3DFF83028DFF8303852189A4212
:10E0900038BF4FF450513CD3DFF82428DFF8243840
:10E0A00052189A4238BF4FF4405132D3DFF8182843
:10E0B000DFF8183852189A4238BF4FF4305128D33D
:10E0C000DFF80C28DFF80C3852189A4238BF4FF4AA
:10E0D00020511ED3DFF80028DFF8003852189A428A
:10E0E00015D3DFF8FC47DFF8FC276418944238BFEB
:10E0F0004FF400510DD3DFF8F027DFF81038511836
:10E1000099422CBF4FF4C0514FF4E05101E04FF45D
:10E110001051C26822F47052C260C2681143C160DB
:10E12000002010BD816841F0010102E081684908CA
:10E13000490081600020704738B504460025E0683A
:10E1400020F0C0400129E0600FD1E06840F00050AD
:10E15000E0600120F5F746FD60696D1CC10701D440
:10E16000322DF6D3322D11D10EE069B9E06840F0BE
:10E170008040E0600120F5F735FD60696D1CC10746
:10E18000F0D5322DF6D3EDE7012032BD002032BDAF
:10E190000EB42DE9F0430546044600260021002078
:10E1A00004EB8102491C0F29C2F80401F8D3DDF801
:10E1B0004490B9F1000F05F500670AD1786840F086
:10E1C00002007860A06B40F40010A06300F095FBA3
:10E1D00006E0A06B20F40010A063A06B40F40020C8
:10E1E00005F56061A0630E603A683A600C980128FA
:10E1F00005D1099A002A14BF0121002100E0032162
:10E20000204600F099F81021204600F06BF800B18C
:10E210000126204600F07CF800B10126002038617C
:10E2200078612A46F8614FF67F334FF0904C4FF0FB
:10E23000006E002503E00D600D618B60401C0799A6
:10E24000884211D202EB401101F51061D1F8008033
:10E25000B8F1000FEFD5002806BF02F51068C8F826
:10E2600000E0C1F800C0E7E7002003E00D600D61A9
:10E270008B60401C0799884211D202EB401101F5D6
:10E280003061D1F80080B8F1000FEFD5002806BF4B
:10E2900002F53068C8F800E0C1F800C0E7E7386967
:10E2A00020F480703861A5616FF0804060610A9849
:10E2B00000F01CFBDFF858060143A1610D9818B16E
:10E2C000A06940F00800A061B9F1010F05D1A06973
:10E2D00040F0804040F00400A0613046BDE8F0030B
:10E2E0005DF810FB81B000228901009241F020010D
:10E2F00001610099DFF81C26491C9142009104D26B
:10E3000001698A06F5D4002000E0032001B07047BF
:10E3100081B000210091102202610099DFF8F425FC
:10E32000491C9142009104D20169CA06F5D400202B
:10E3300000E0032001B0704700F50060026811435F
:10E340000BE200F50060806810F0060006D002289D
:10E3500018BF062801D1022070470F20704770B502
:10E360000C784E782546012304F00F0400EB45128B
:10E3700003FA04F4012E00F50060DFF89C350DD19E
:10E38000C669A4B2344302F51062C4611068040483
:10E3900012D400F013F844EA85540AE0C56945EA4E
:10E3A000044502F53062C5611068040404D400F02D
:10E3B00005F8234303431360002070BD10688C6888
:10E3C000C978C4F30A0444EA8144704730B500F0C8
:10E3D00035F80FD100F5106000F01EF8ADB2AC4377
:10E3E00000F047F99BB224EA0303D3610268DFF827
:10E3F0002C150DE000F5306000F00EF824EA05441D
:10E4000000F037F924EA0344D4610268DFF81015FC
:10E410000A400260002030BD0468002C07D5046863
:10E4200044F000640460056845F080450560D46BE5
:10E430000D7805F00F0503FA05F570470B784C7859
:10E4400000F5006200EB43100123012C7047F8B582
:10E450000B78DFF8D064DFF8D07400EB43154B780D
:10E46000012B00F5006460D14B6905F51065002BA8
:10E470002B6909D11F402F612E6946F400262E61B9
:10E480002B69DB0CDB0422E0DB0CDB042B612B694A
:10E490001F402F618B682F69D1F814C09C44ACF1E8
:10E4A000010CBCFBF3F306EAC3463E432E612B6925
:10E4B0004E69C6F3120633432B61CB78012B07D18B
:10E4C0002B6923F0C0432B612B6943F000532B6170
:10E4D000012A03D10869002852D050E02B6843F08C
:10E4E00004432B60CE78012E0BD0486900285AD007
:10E4F000606B0978012201F00F018A4010436063CC
:10E5000051E0A368DC0504D42B6843F000532B6072
:10E5100003E02C6844F080542C6000920A784B6928
:10E52000C9689BB200F0ACF83DE005F5306528699C
:10E53000C00CC0042861286907402F618B684869B6
:10E5400040B92869C3F3120303432B61286940F4DF
:10E5500000200FE01818401EB0FBF3F080B22B69CA
:10E5600006EAC0461E432E612B698E687043C0F3D5
:10E5700012001843012A286102D1C86800B16861FD
:10E58000C87801280BD1A068C10504D4286840F0E0
:10E590000050286003E0296841F080512960286814
:10E5A00040F0044028600020F2BD30B50B78DFF861
:10E5B000785300EB43144B78012B38D14B6904F5A9
:10E5C0001064002B236909D11D402561256945F49C
:10E5D000002525612369DB0CDB0414E0DB0CDB0484
:10E5E000236123691D4025618B684D69AB4288BF5B
:10E5F0002B464B61236943F40023236123694D6952
:10E60000C5F312052B43012A236101D1086928E0D3
:10E61000236843F0044323604A6942B300F5006075
:10E620000123426B00F027F81A4342631FE004F510
:10E6300030642069C00CC004206123691D4025613D
:10E64000486908B188684861206940F40020206169
:10E6500020698B68C3F312031843012A206102D199
:10E66000C86800B16061206840F00440206000206C
:10E6700030BDD463D469097801F00F018B40704735
:10E68000B8B5059C64B9DB1C07E000EB023751F814
:10E69000045B07F58057641C3D60B4EB930FF4D323
:10E6A0000020B2BD38B5930802F00302002400F543
:10E6B000805003E0056841F8045B641C9C42F9D378
:10E6C00013000CD00068009000230098521EDC005C
:10E6D0005B1C95B2E040002D01F8010BF5D1084616
:10E6E00032BD0A78497800EB421001290CBF00F5D1
:10E6F000106000F530600168002904D41AB1016887
:10E7000021F080410160026842F4001202600020A2
:10E7100070470A7800EB42104A78012A0CBF00F5D6
:10E72000106000F53060026822F400120260C978BF
:10E73000032918BF022903D1016841F0805101600B
:10E740000020704700F500600901026822F4FE62B3
:10E75000026001F4FE610368194301600020704704
:10E7600000F5606100F500600A68920892000A6096
:10E77000416821F002010AE000F5606100F50060E7
:10E780000A68920892000A60416841F00201416003
:10E79000002070470146486989690840704700F5C4
:10E7A00000618869C9690840000C704700F5006184
:10E7B0008869C969084080B27047024602EB41107F
:10E7C00000F5306002F500628068516908407047CA
:10E7D000024602F5006302EB411218695B6B01F01F
:10E7E0000F0102F51062CB40DB01926803F0800359
:10E7F000184310407047406900F00100704700F571
:10E80000106100F500600A68D20AD2020A6041680D
:10E8100041F48071BBE710B5036CDFF81041A342EF
:10E8200000F5306002D30368002B14D40023036189
:10E830000129046944F400240461036943F01803C6
:10E840000361036943F0C043036104D1426101687D
:10E8500041F080210160002010BD81B000210091B5
:10E86000DFF8B010009A521C8A42009213D202695B
:10E87000002AF7D500220092036943F001030361E7
:10E88000009A521C8A42009205D20269D307F7D43B
:10E89000002001B070470320FBE712BC5DF810FBBD
:10E8A00000000000BFFFBDFF405327FF00350C00F4
:10E8B000401E1BFF40420F0000DC0BFF804F120088
:10E8C000808CF9FE20D6130060B6E5FE60E31600EA
:10E8D00000D3CEFE40771B00C05BB3FEC091210089
:10E8E00000CA91FE20753800E05459FE18B9A0699D
:10E8F00040F01000A061A1697047A06B20F40020D7
:10E90000A063A06B20F4802070470000E09C4100D1
:10E9100000383C80410D030000800010007833EC8B
:10E920000078F3EF0000F81FFFFF07E00B30544FB3
:10E9300080B5AFF30080024A11001820ABBEFBE7A0
:10E94000260002000000000000000000000000009F
:10E95000000000003F400000000000000000300008
:10E96000400030004000000009000BC03D000BC01B
:10E970003D00090018C024407FE0224031800000A3
:10E98000180024C01B000D803240018003801C4011
:10E9900027401C800740004010006000000000007D
:10E9A000000000000000000000001F802040402008
:10E9B0000000402020401F800000000009000600E9
:10E9C0001F80060009000000040004003F800400CE
:10E9D00004000000001000600000000000000000C3
:10E9E00004000400040004000400000000000040D3
:10E9F0000000000000000000002001C006003800F8
:10EA0000400000001F802040204020401F80000068
:10EA1000000010403FC000400000000018C021402E
:10EA20002240244018400000108020402440244010
:10EA30001B80000002000D0011003FC001400000DB
:10EA40003C80244024402440238000001F80244038
:10EA500024403440038000003000200027C03800EC
:10EA6000200000001B802440244024401B80000024
:10EA70001C0022C0224022401F8000000000000035
:10EA800008400000000000000000000004600000DA
:10EA900000000000000004000A0011002080404037
:10EAA00009000900090009000900000000004040B9
:10EAB000208011000A0004001800200023402400D8
:10EAC000180000001F802040274029401F40000000
:10EAD000004007C039000F0001C0004020403FC087
:10EAE000244024401B8000001F8020402040204004
:10EAF0003080000020403FC0204020401F800000A8
:10EB000020403FC024402E4030C0000020403FC085
:10EB100024402E00300000000F00108020402240D2
:10EB20003380020020403FC0040004003FC020406A
:10EB3000204020403FC020402040000000602020B6
:10EB400020203FC02000200020403FC024400B0078
:10EB500030C0204020403FC020400040004000C066
:10EB60003FC03C0003C03C003FC0000020403FC00D
:10EB70000C4023003FC020001F8020402040204048
:10EB80001F80000020403FC02440240018000000E7
:10EB90001F802140214020E01FA0000020403FC0F6
:10EBA0002440260019C0004018C0244024402240C0
:10EBB00031800000300020403FC020403000000085
:10EBC00020003F80004000403F80200020003E00A9
:10EBD00001C0070038002000380007C03C0007C013
:10EBE00038000000204039C0060039C02040000035
:10EBF0002000384007C0384020000000304021C0CD
:10EC00002640384020C00000000000007FE0402087
:10EC100040200000000070000C0003800040000055
:10EC20000000402040207FE00000000000002000A5
:10EC30004000200000000000001000100010001034
:10EC40000010001000000000400000000000000064
:10EC5000000002800540054003C0004020003FC086
:10EC6000044004400380000000000380044004408E
:10EC70000640000000000380044024403FC00040E4
:10EC800000000380054005400340000000000440F0
:10EC90001FC0244024402000000002E00550055021
:10ECA0000650042020403FC00440040003C0004040
:10ECB0000000044027C000400000000000100010C9
:10ECC000041027E00000000020403FC00140070082
:10ECD00004C00440204020403FC0004000400000ED
:10ECE00007C0040007C0040003C00000044007C0C0
:10ECF0000440040003C000400000038004400440BE
:10ED000003800000041007F004500440038000005A
:10ED1000000003800440045007F00010044007C0C6
:10ED200002400400040000000000064005400540C9
:10ED300004C00000000004001F80044000400000E8
:10ED4000040007800040044007C0004004000700A2
:10ED500004C0018006000400060001C0070001C0D5
:10ED600006000000044006C0010006C00440000088
:10ED70000410071004E001800600040000000440B5
:10ED800005C00640044000000000000004007BE0D5
:10ED900040200000000000000000FFF00000000024
:10EDA000000040207BE004000000000040008000E4
:10EDB0004000200020004000000000000000000093
:10EDC00000000000000000000000000000001FCC58
:10EDD000000C00000000000000000800300060008F
:10EDE0000800300060000000022003FC1E2002200A
:10EDF00003FC1E200220000000000E1811043FFF3B
:10EE000010840C78000000000F0010840F3800C040
:10EE1000077818840078000000780F8410C411244B
:10EE20000E9800E4008400080800680070000000EC
:10EE3000000000000000000000000000000007E0EB
:10EE40001818200440020000000040022004181896
:10EE500007E00000000000000240024001800FF0C7
:10EE600001800240024000000080008000800FF816
:10EE700000800080008000000001000D000E0000F6
:10EE80000000000000000000000000800080008002
:10EE900000800080008000800000000C000C00005A
:10EEA00000000000000000000000000600180060E4
:10EEB0000180060018002000000007F00808100478
:10EEC0001004080807F000000000080408041FFCF4
:10EED000000400040000000000000E0C10141024B8
:10EEE000104411840E0C000000000C1810041104D2
:10EEF000110412880C700000000000E003200424BC
:10EF000008241FFC0024000000001F981084110436
:10EF10001104108810700000000007F00888110428
:10EF2000110418880070000000001C00100010FC84
:10EF300013001C001000000000000E381144108463
:10EF4000108411440E38000000000700088C1044A3
:10EF50001044088807F00000000000000000030CC7
:10EF6000030C00000000000000000000000101068A
:10EF700000000000000000000000008001400220AE
:10EF800004100808100400000220022002200220C1
:10EF900002200220022000000000100408080410D3
:10EFA000022001400080000000000E001200100C42
:10EFB000106C10800F00000003E00C1813E4142400
:10EFC00017C4082807D000000004003C03C41C40FC
:10EFD000074000E4001C000410041FFC110411048D
:10EFE00011040E880070000003E00C1810041004D7
:10EFF000100410081C10000010041FFC1004100462
:10F000001004080807F0000010041FFC110411048C
:10F0100017C410040818000010041FFC110411008C
:10F0200017C010000800000003E00C1810041004C2
:10F0300010441C780040000010041FFC1084008065
:10F04000008010841FFC10040000100410041FFC3A
:10F050001004100400000000000300011001100162
:10F060001FFE10001000000010041FFC110403809C
:10F070001464181C1004000010041FFC1004000489
:10F0800000040004000C000010041FFC1F0000FC22
:10F090001F001FFC1004000010041FFC0C040300E0
:10F0A00000E010181FFC100007F0080810041004FE
:10F0B0001004080807F0000010041FFC10841080E2
:10F0C000108010800F00000007F008181024102492
:10F0D000101C080A07F2000010041FFC11041100A4
:10F0E00011C011300E0C000400000E1C110410841D
:10F0F000108410441C3800001800100010041FFC7D
:10F10000100410001800000010001FF81004000484
:10F11000000410041FF8100010001E0011E0001C75
:10F12000007013801C0010001FC0103C00E01F0086
:10F1300000E0103C1FC000001004180C163401C081
:10F1400001C01634180C100410001C00130400FC3D
:10F1500013041C00100000000804101C106410842C
:10F1600013041C04101800000000000000007FFEC3
:10F170004002400240020000000030000C0003800A
:10F180000060001C0003000000004002400240023A
:10F190007FFE000000000000000000002000400092
:10F1A00040004000200000000001000100010001BB
:10F1B00000010001000100010000400040002000AB
:10F1C000000000000000000000000098012401443D
:10F1D0000144014400FC000410001FFC00880104ED
:10F1E0000104008800700000000000700088010425
:10F1F0000104010400880000000000700088010480
:10F20000010411081FFC0004000000F8014401443F
:10F210000144014400C800000000010401040FFC87
:10F220001104110411001800000000D60129012961
:10F23000012901C90106000010041FFC008401001F
:10F240000100010400FC000400000104190419FC81
:10F2500000040004000000000000000300010101A0
:10F26000190119FE0000000010041FFC00240040DA
:10F2700001B4010C010400000000100410041FFC84
:10F280000004000400000000010401FC010401006E
:10F2900001FC0104010000FC010401FC00840100E8
:10F2A0000100010400FC0004000000F80104010456
:10F2B0000104010400F80000010101FF00850104C0
:10F2C0000104008800700000000000700088010444
:10F2D0000104010501FF00010104010401FC008497
:10F2E0000104010001800000000000CC0124012481
:10F2F000012401240198000000000100010007F82A
:10F300000104010400000000010001F800040004F1
:10F310000004010801FC0004010001800170000CE0
:10F32000001001600180010001F0010C003001C0FB
:10F330000030010C01F0010000000104018C007498
:10F340000170018C01040000010101810171000EB6
:10F35000001801600180010000000184010C0134EB
:10F3600001440184010C00000000000000000000C6
:10F3700001003EFC400240020000000000000000CE
:10F38000FFFF0000000000000000400240023EFCC1
:10F39000010000000000000000006000800080000C
:10F3A000400040002000200000000000000000009D
:10F3B000000000000000000000000000000000004D
:10F3C000000000000000000000000000000000003D
:10F3D00000000000000000000000000F80380FFE59
:10F3E000380F80380000000000000000000000001E
:10F3F0000000000000000100000600000C000038C2
:10F4000000003100000600000C0000380000300051
:10F41000000000000000000061800067F807F9802C
:10F420000061800061800061800061800067F807F2
:10F43000F98000618000000000000000000001C0B1
:10F44000E003E0F00630080418081FFFFE040E0871
:10F450000787F00381E000000000000001F00006D3
:10F460000C00040408060C7001F9C0000E00003BFB
:10F47000E000EC18070808040C180003E000000086
:10F480000001E00007F003F818041C08041708073F
:10F49000E1D003C0E00023B0003C080020080000D9
:10F4A00010000000000000010000310000320000E8
:10F4B0001C00000000000000000000000000000030
:10F4C000000000000000000000000000000000003C
:10F4D00000000000000000007F0001FFC00780F076
:10F4E0000C001810000420000200000000000020A2
:10F4F00000021000040C00180780F001FFC0007F1C
:10F5000000000000000000000000000000000000FB
:10F51000000000004200006600006600003C0000A1
:10F52000180003FFC0001800003C000066000066E1
:10F530000000420000000000080000080000080071
:10F5400000080000080001FFC000080000080000DB
:10F550000800000800000800000000000001000092
:10F560003100003200001C0000000000000000001C
:10F57000000000000000000000000000000000008B
:10F58000080000080000080000080000080000084B
:10F59000000008000008000008000008000000004B
:10F5A00000000000000000003800003800003800B3
:10F5B000000000000000000000000000000000004B
:10F5C0000000000000000000000600001C000070A9
:10F5D000000180000E0000380000C0000700001C81
:10F5E0000000300000000000000000007F8001FFEC
:10F5F000E0038070060018040008040008060018E4
:10F6000003807001FFE0007F800000000000000028
:10F61000000001000801000801000803FFF807FFCF
:10F62000F8000008000008000008000000000000CA
:10F6300000000001C03802C05804009804011804FA
:10F640000218040418061C1803F81801E0F800005A
:10F650000000000000000001C0E003C0F00400084A
:10F6600004080804080806180803F41801E7F00065
:10F6700001E0000000000000000000000300000D99
:10F680000000110000610000810803010807FFF875
:10F690000FFFF80001080001080000000000000052
:10F6A00000E007FCD006080806100806100806103F
:10F6B00008061838060FF00607C00000000000001A
:10F6C000000000003F8001FFE003843002081804BE
:10F6D0001008041008041008071810030FF00007A2
:10F6E000C000000000000000000003C00007000090
:10F6F0000600000600F80607F806180006E00007F6
:10F70000000006000000000000000001E1E003F737
:10F71000F0063410041808041808040C08040C0837
:10F7200006161803F3F001C1E0000000000000001D
:10F73000F80003FC3003063804020804020804023F
:10F74000080404100308F001FFC0007F000000005F
:10F7500000000000000000000000000000000000A9
:10F7600070380070380070380000000000000000A1
:10F770000000000000000000000000000000000089
:10F7800000000000301A00301C00000000000000E3
:10F790000000000000000000000000000000000861
:10F7A00000001400002200004100008080010040A1
:10F7B0000200200400100800080000000000000003
:10F7C0002100002100002100002100002100002173
:10F7D00000002100002100002100002100000000A5
:10F7E00000000000000008000804001002002001D2
:10F7F000004000808000410000220000140000084A
:10F800000000000000000003C00004C0000400006D
:10F81000080038080F380808380810000C300007B6
:10F82000E00003C000000000000000003F8000FF77
:10F83000E0038070020F1006708804C088048308FB
:10F84000047F8802C09003012000FE4000000800F1
:10F8500000180001F8003E0801C20007020007E29C
:10F860000000FE00001FC80001F80000380000087A
:10F8700004000807FFF807FFF80408080408080454
:10F88000080804080806180803F41801E7F0000146
:10F89000E0000000000000003F8001FFE0038070F6
:10F8A0000200180400080400080400080400100600
:10F8B00000200780C000000004000807FFF807FFD1
:10F8C000F8040008040008040008040018020010EE
:10F8D00003807001FFE0007F800000000400080743
:10F8E000FFF807FFF80408080408080408080408DB
:10F8F00008043E080400080600180100600000002B
:10F9000004000807FFF807FFF804080804080004CB
:10F910000800040800043E00060000060000018004
:10F9200000000000000000003F8001FFE003807045
:10F930000600180400080402080402080203F00785
:10F9400083F000020000020004000807FFF807FF30
:10F95000F80408080008000008000008000008007B
:10F9600004080807FFF807FFF8040008000000007B
:10F97000000004000804000804000807FFF807FF5F
:10F98000F80400080400080400080000000000005B
:10F990000000000000060000070000010400010450
:10F9A000000104000307FFFE07FFFC040000040041
:10F9B0000004000004000807FFF807FFF8040C0823
:10F9C000001800003E0004C7800503C80600F804C4
:10F9D000003804001800000804000807FFF807FFBB
:10F9E000F8040008000008000008000008000008F3
:10F9F0000000080000180000600000000400080774
:10FA0000FFF807800807FC00007FC00003F800072C
:10FA1000C000780007800807FFF807FFF804000817
:10FA200004000807FFF807000803C00000E000001A
:10FA30003800001E000007000001C00400F007FFAE
:10FA4000F8040000000000007F8001FFE0038070E8
:10FA5000060018040008040008060018030030011E
:10FA6000FFE0007F8000000004000807FFF807FFA8
:10FA7000F80404080404000404000404000404005E
:10FA8000060C0003F80001F0000000000000000078
:10FA90007F8001FFE0038070060088040088040076
:10FAA000C806003C03003E01FFE6007F8400000022
:10FAB00004000807FFF807FFF8040808040800041A
:10FAC0000C00040F00040BC00610F003F03801E036
:10FAD0000800000800000001E0F803F030063010D4
:10FAE000041808041808040C08040C08020618027C
:10FAF00007F00781E000000001800006000004001C
:10FB00000004000004000807FFF807FFF8040008DD
:10FB1000040000040000060000018000040000074B
:10FB2000FFE007FFF00400180000080000080000D4
:10FB30000800000800000804001007FFE0040000AF
:10FB400004000006000007E00007FE00041FE000BC
:10FB500001F80000380001E0043E0007C000060084
:10FB60000004000004000007E00007FFC0041FF8C5
:10FB70000007C007F80007FF80043FF80007C00433
:10FB8000F800070000040000000000040008060060
:10FB90001807C07805F1C8003E00001F800463E824
:10FBA0000780F806001804000800000004000006A2
:10FBB000000007800007E008047C08001FF8000729
:10FBC000F800180804E00807000006000004000020
:10FBD0000000000100080600380400F80403E804EF
:10FBE0000F08047C0805F00807C008070018040087
:10FBF00060000000000000000000000000000000A5
:10FC00000000003FFFFE2000022000022000022032
:10FC100000022000020000000000000000000800B8
:10FC20000007000000C0000038000006000001C00E
:10FC300000003000000E0000010000000000000085
:10FC4000000020000220000220000220000220000C
:10FC5000023FFFFE00000000000000000000000066
:10FC6000000000000000000000080000100000304C
:10FC7000000020000030000010000008000000001C
:10FC80000000000000000100000100000100000170
:10FC9000000001000001000001000001000001005F
:10FCA0000001000001000001000000000000000051
:10FCB00000200000200000100000100000000000E4
:10FCC0000000000000000000000000000000000034
:10FCD00000F00019F8001B18002208002608002474
:10FCE00008002410003FF8001FF80000080000186A
:10FCF00000000004000007FFF80FFFF000181800D4
:10FD00001008002008002008003018001FF0000F25
:10FD1000C00000000000000007C0001FF000183005
:10FD2000002008002008002008003C08001C1000EB
:10FD300000600000000000000000000007C0001F7D
:10FD4000F0003818002008002008002008041010D7
:10FD500007FFF80FFFF00000100000000000000097
:10FD600000000007C0001FF000123000221800221F
:10FD700008002208003208001E10000E20000000BB
:10FD800000000000200000200800200801FFF80308
:10FD9000FFF80620080420080420080720000300BC
:10FDA0000000000000000000000E000E6E001FF3B7
:10FDB0000031B10020B10020B1003191001F1300CB
:10FDC0002E1E00200E00300000000004000807FF77
:10FDD000F80FFFF8001008002000002000002008A5
:10FDE000003FF8001FF800000800000000000000BD
:10FDF0000000002008002008002008063FF8063F09
:10FE0000F8000008000008000008000000000000E2
:10FE100000000000000000000300000300200100BB
:10FE20002001002003063FFE063FFC00000000000A
:10FE30000000000000000004000807FFF80FFFF8B2
:10FE4000000188000300002FC00038F800203800AF
:10FE5000200800000800000000000000000004006E
:10FE60000804000804000807FFF80FFFF800000866
:10FE7000000008000008000000000000002008004A
:10FE80003FF8003FF8001008002000003FF8003F56
:10FE9000F8001008002000003FF8003FF8000008BC
:10FEA000000000002008003FF8003FF800100800A4
:10FEB0001000002000002008003FF8001FF800009C
:10FEC000080000000000000007C0000FF00018301C
:10FED000003008002008002008003008001830001A
:10FEE0000FF00007C0000000000000002001003FEC
:10FEF000FF003FFF0010110020090020080020082B
:10FF0000003038001FF0000FC000000000000000AB
:10FF100007C0001FF000381800200800200800204B
:10FF200009001011001FFF003FFF0000010000004A
:10FF3000002008002008002008003FF8003FF800DB
:10FF400008080010080020080020000030000030E1
:10FF500000000000000000000000000C78001E18E7
:10FF600000330800230800210800218800219800A0
:10FF700030F0003860000000000000002000002089
:10FF80000000200000FFF003FFF800200800200818
:10FF90000020080000300000000000000000000009
:10FFA0002000003FF0007FF800001800000800006B
:10FFB00008002010003FF8007FF000001000000053
:10FFC000000000002000003000003C00003F8000E6
:10FFD00023F0000078000070002380003C00003017
:10FFE00000002000002000003C00003FE00023F85B
:10FFF0000000E0002700003E00003FE00021F80084
:020000040801F1
:1000000001E0003E00002000000000002008002069
:1000100008003838003E680027800003C8002CF82C
:100020000038380020180020080000000000000000
:100030002000003003003C01003F830023EC00005F
:1000400070002380003C0000200000200000000021
:100050000000000000000038080020380020F800F0
:1000600023E8002F88003E08003808002018000010
:100070007000000000000000000000000000000010
:100080000000000008000014001FF7FC30000620EC
:10009000000200000000000000000000000000005E
:1000A00000000000000000000000FFFFFF00000053
:1000B0000000000000000000000000000000000040
:1000C00000002000023000061FF7FC0014000008AA
:1000D0000000000000000000000000000000000020
:1000E00000000018000060000040000040000020F8
:1000F00000001000000800000400000400000C00D4
:1001000000100000000000000000000000000000DF
:1001100000000000000000000000000000000000DF
:1001200000000000000000000000000000000000CF
:1001300000000000000000000000000000000000BF
:1001400000000000000000000000000000000000AF
:1001500000000000000000000000000007F000C0E8
:1001600007FFE1E007F001E0000000C00000000030
:10017000000000000000000000000000000000007F
:10018000000000000000000000000000002000004F
:1001900001C00000078000001F0000001E000000DA
:1001A0001C20000001C00000078000001F000000AC
:1001B0001E0000001C000000000000000000000005
:1001C000000000000000000000180C0000180C00E7
:1001D00000180FE0001FFC0003F80C0000180C00D2
:1001E00000180C0000180C0000180C0000180FE09C
:1001F000001FFC0003F80C0000180C0000180C0095
:100200000000000000000000000000000000078067
:10021000007807C000FC0640010E00200307002004
:10022000020380200FFFFFFC0201C0200200E060FB
:100230000130704001F03F8000F01F00000000001E
:100240000000000000FE000001FF0000030180002C
:1002500002008060030181C001FF070000FE18005A
:100260000000E0000003BF00000CFFC000718060D0
:1002700001C10020030180600000FFC000003F00BA
:100280000000000000001F0000007FC000FCC0C094
:1002900001FF80600303E0200202782002061E2096
:1002A00003FC074001F00380000103C000011C6053
:1002B0000001E0200001002000010040000001805A
:1002C0000000000000000000002000001C60000092
:1002D0001C4000001F8000000F0000000000000014
:1002E000000000000000000000000000000000000E
:1002F00000000000000000000000000000000000FE
:1003000000000000000000000000000000000000ED
:1003100000000000000000000000000000000000DD
:100320000007F800003FFF00007807C001C000E0B0
:100330000300003004000008080000041000000260
:10034000000000000000000010000002080000048F
:10035000040000080300003001C000E0007807C07E
:10036000003FFF000007F800000000000000000050
:10037000000000000000000000000000000000007D
:10038000000000000000000000000000000C180049
:10039000000E3800000E3800000630000003600038
:1003A0000061438000FFFF800061430000036000A4
:1003B00000063000000E3800000E3800000C180057
:1003C00000000000000000000000000000008000AD
:1003D000000080000000800000008000000080001D
:1003E00000008000007FFF0000008000000080000F
:1003F00000008000000080000000800000008000FD
:10040000000000000000000000000001000000E308
:10041000000000E2000000FC000000780000000086
:1004200000000000000000000000000000000000CC
:1004300000000000000000000000000000000000BC
:1004400000000000000000000000800000008000AC
:10045000000080000000800000008000000080009C
:10046000000080000000800000008000000080008C
:10047000000080000000800000008000000080007C
:10048000000000000000000000000000000000C0AC
:10049000000001E0000001E0000000C000000000DA
:1004A000000000000000000000000000000000004C
:1004B000000000000000000000000000000000003C
:1004C00000000000000000000000000C00000038E8
:1004D000000000E00000038000000E000000380073
:1004E0000000E00000038000000E00000038000063
:1004F00000E00000038000000E0000001800000073
:10050000000000000000000000000000000FF800E4
:10051000007FFF0000F00780018000C00300006042
:100520000200002002000020020000200300006002
:10053000018000C000E00380007FFF00000FF80092
:1005400000000000000000000000000000000000AB
:1005500000800020008000200080002000800060DB
:1005600001FFFFE003FFFFE000000060000000204B
:10057000000000200000002000000000000000003B
:10058000000000000000000000000000007800E013
:10059000009801600100026002000460020008602F
:1005A00002001060020020600200406003008060D2
:1005B0000183006001FE00E0007C07800000000075
:1005C00000000000000000000000000000F00780B4
:1005D00001F007C0010000400200002002010020DD
:1005E00002010020020100200303802001868040D8
:1005F00001FCC0C000787F8000001E0000000000E9
:1006000000000000000000000000080000003800AA
:10061000000048000001880000060800000C0810D7
:10062000003008100040081001FFFFF003FFFFF04A
:1006300003FFFFF000000810000008100000081081
:100640000000000000000000000000000000078023
:10065000001F864003E10020030200200304002065
:1006600003040020030400200304002003060040CC
:10067000030301C00301FF8003007E0000000000AF
:100680000000000000000000000000000007FC0067
:10069000003FFF000070C380008180C00101006046
:1006A00003020020020200200202002002020020B9
:1006B0000203004001C180C000C0FF8000007E0036
:1006C00000000000000000000000000000F000003A
:1006D00003C000000380000003000000030007E0E7
:1006E00003003FE00301C000030600000318000000
:1006F0000360000003800000030000000000000011
:10070000000000000000000000001F0000783F8093
:1007100000FC60C0018EC04003078020020300205F
:1007200002018020020180200201C0200301E0407C
:10073000018670C000FC3F8000781F0000000000B0
:100740000000000000000000003F000000FF81C02A
:1007500001C0C1C001006020020020200200202052
:100760000200202002002060020040C00100C18081
:1007700000C18F00007FFE00001FF000000000009D
:100780000000000000000000000000000000000069
:10079000000000000000000000000000000300C096
:1007A000000781E0000781E0000300C000000000B6
:1007B0000000000000000000000000000000000039
:1007C0000000000000000000000000000000000029
:1007D00000000000000000000000000000060066AD
:1007E000000600780000000000000000000000008B
:1007F00000000000000000000000000000000000F9
:100800000000000000000000000000000000800068
:100810000001C0000003600000063000000C18005A
:1008200000180C00003006000060030000C00180CA
:100830000100004002000020040000100000000041
:100840000000000000000000000410000004100080
:100850000004100000041000000410000004100048
:100860000004100000041000000410000004100038
:100870000004100000041000000410000004100028
:100880000000000000000000000000000400001054
:10089000020000200100004000C001800060030051
:1008A0000030060000180C00000C18000006300094
:1008B000000360000001C000000080000000000094
:1008C00000000000000000000000000000780000B0
:1008D00001F800000238000002000000040000C01F
:1008E000040079E0040081E0040100C0040300007A
:1008F000020200000306000001FC000000F80000F6
:100900000000000000000000000FF800003FFE00A3
:100910000070078000C000C00101F8400307FC2000
:10092000021E04200230082002203020023FFC205A
:10093000013F044001800CC000E03180001FC20074
:10094000000000000000002000000060000003E044
:1009500000003E200003E020003E200003E02000D5
:100960000380200007FC2000003FE0000003FE2081
:1009700000003FE0000001E0000000200000002037
:100980000000000000000000020000200200002023
:1009900003FFFFE003FFFFE002010020020100204F
:1009A00002010020020100200201002003030020B8
:1009B0000186806001FCC0C000F87F8000001F003D
:1009C00000000000000000000007F800003FFF00EA
:1009D0000070078000C000C001000040030000203C
:1009E000020000200200002002000020020000207F
:1009F00001000040018000C003C0018000300600FB
:100A000000000000000000000200002002000020A2
:100A100003FFFFE003FFFFE00200002002000020D0
:100A200002000020020000200300006001000040DE
:100A3000018000C000F00780007FFE00000FF8007A
:100A40000000000000000000020000200200002062
:100A500003FFFFE003FFFFE002010020020100208E
:100A60000201002002010020020100200203802078
:100A7000020FE0200300006003C000E000600300FC
:100A80000000000000000000020000200200002022
:100A900003FFFFE003FFFFE002010020020100204E
:100AA000020100000201000002010000020100003A
:100AB00002038000030FE0000300000003C00000F9
:100AC00000600000000000000007F800003FFE008A
:100AD0000070078001C001C0010000400300002039
:100AE000020000200200002002000020010020205F
:100AF0000100204003C03F8000303F800000200004
:100B000000002000020000200200002003FFFFE0A0
:100B100003FFFFE002008020020080200000800030
:100B20000000800000008000020080200200802081
:100B300003FFFFE003FFFFE00200002002000020AF
:100B400000000000000000000000000000000000A5
:100B5000020000200200002002000020020000200D
:100B600003FFFFE003FFFFE002000020020000207F
:100B70000200002002000020000000000000000031
:100B800000000000000000000000000E0000000F48
:100B90000000000F0000000102000001020000013F
:100BA000020000030200000603FFFFFC03FFFFF842
:100BB000020000000200000002000000020000002D
:100BC00000000000000000000200002002000020E1
:100BD00003FFFFE003FFFFE00200C020020100204E
:100BE00000078000000FE0000030F80002603E20A7
:100BF00003800F20030003E0020000E00200002059
:100C00000000002000000000020000200200002080
:100C100003FFFFE003FFFFE00200002002000020CE
:100C20000000002000000020000000200000002044
:100C30000000002000000060000000E00000030051
:100C400000000000020000200200002003FFFFE07F
:100C500003E0002003FF0020001FF0000001FF80E0
:100C600000000FE000001E000003E000003E002036
:100C700003E0002003FFFFE003FFFFE0020000208D
:100C800002000020020000200200002003FFFFE01D
:100C90000380002003F0002000FC0000001F000083
:100CA0000007C0000001F00000007C0002001F806F
:100CB000020007E003FFFFE0020000000200000066
:100CC0000000000000000000000FF800003FFE00E0
:100CD00000F00780018000C00100004002000020F9
:100CE000020000200200002002000020010000405D
:100CF000018000C000F00380003FFE00000FF800FC
:100D0000000000000000000002000020020000209F
:100D100003FFFFE003FFFFE00200802002008020CD
:100D200002008000020080000200800002008000BB
:100D3000030180000183000000FE0000007C000031
:100D40000000000000000000000FF800007FFF001E
:100D500000F00380018001C0010006400200042071
:100D60000200042002000620020003E0010000F857
:100D70000180005C00E0038C003FFF0C000FFC18BA
:100D8000000000000000000002000020020000201F
:100D900003FFFFE003FFFFE002010020020100204B
:100DA000020180000201E0000201FC0003033F8019
:100DB000018607E001FC00E000F8002000000020B0
:100DC00000000000000000000000000000780600A5
:100DD00000FE01E0018600C0030300400203002082
:100DE00002018020020180200201C0200200C020F8
:100DF0000100E060018070C003E03F8000001F0040
:100E000000000000000000000060000003800000FF
:100E10000300000002000000020000200200002089
:100E200003FFFFE003FFFFE00200002002000020BC
:100E300002000000020000000380000000E000004B
:100E400000000000020000000200000003FFFF009D
:100E500003FFFFC00200004002000060000000200D
:100E600000000020000000200000002002000040E0
:100E70000200008003FFFF000200000002000000EB
:100E8000000000000000000002000000020000005E
:100E900003C0000003FC0000023FC0000003F80094
:100EA00000007F80000007E000000780000078005D
:100EB0000203C000023C000003C00000020000006A
:100EC000020000000200000003C0000003FF8000D9
:100ED000023FFE0002007FE000000F000200F00071
:100EE00003EF000003FF8000020FFE0000003FE060
:100EF00000001F000207E00003F8000003000000EC
:100F0000020000000000000002000020020000209B
:100F1000038000E003F0032002FC0C20021F3000DD
:100F20000007C0000007F00002187C0002601F20CC
:100F3000038003E0020000E0020000200000002027
:100F4000000000000000000002000000030000009C
:100F500003C0000003F80000023E0020020FC02082
:100F60000001FFE000007FE000038020021C002061
:100F70000270000003800000020000000200000078
:100F8000000000000000000000000020006000E001
:100F9000038003E003000FA002003E200200F820BF
:100FA0000203E020020F8020023E00200278002091
:100FB00003E00060038000E0020003000000000086
:100FC0000000000000000000000000000000000021
:100FD0000000000000000000000000001FFFFFFCF8
:100FE00010000004100000041000000410000004B1
:100FF00010000004100000041000000400000000B5
:1010000000000000000000000000000000000000E0
:101010000700000003C0000000780000001E000070
:101020000003C0000000F00000001E000000078068
:10103000000000F00000003C00000006000000007E
:10104000000000000000000000000000100000048C
:101050001000000410000004100000041000000440
:1010600010000004100000041FFFFFFC000000003F
:101070000000000000000000000000000000000070
:101080000000000000000000000000000000000060
:101090000000000002000000040000000800000042
:1010A00018000000100000001800000018000000E8
:1010B000040000000200000000000000000000002A
:1010C000000000000000000100000001000000011D
:1010D000000000010000000100000001000000010C
:1010E00000000001000000010000000100000001FC
:1010F00000000001000000010000000100000001EC
:1011000000000001000000000000000000000000DE
:101110001000000010000000100000001800000087
:1011200008000000040000000000000000000000B3
:1011300000000000000000000000000000000000AF
:1011400000000000000000000000038000018FC0CC
:1011500000038C60000618200004102000041020FA
:101160000004202000042040000620400003FFC0AF
:101170000001FFE00000002000000020000000C08F
:10118000000000000000000002000000020000005B
:1011900003FFFFE007FFFFC0000180C00002006006
:1011A00000020020000400200004002000040020B1
:1011B00000060040000300C00001FF800000FE00A8
:1011C00000000000000000000000000000007E00A1
:1011D0000001FF80000381C00002004000060020E3
:1011E000000400200004002000040020000600206D
:1011F0000003C0400001C0800000030000000000A8
:1012000000000000000000000000000000007E0060
:101210000001FF80000380C0000600600004002081
:1012200000040020000400200204004002020080AC
:1012300003FFFFE007FFFFC0000000400000004088
:1012400000000000000000000000000000007E0020
:101250000001FF80000311C0000210400004106074
:1012600000041020000410200004102000061020AC
:10127000000310400001F0C00000710000000000F9
:10128000000000000000000000000000000400005A
:10129000000400200004002000040020007FFFE084
:1012A00001FFFFE0010400200304002002040020ED
:1012B00002040020020400000200000001C000003F
:1012C00001C0000000000000000000000000001C41
:1012D0000000E33E0003FFC200020CC3000404C18F
:1012E000000404C1000404C1000404C100060CC1D0
:1012F0000003F8C30005F0620006007E0006003C13
:101300000000000000000000020000200200002099
:1013100003FFFFE007FFFFE00001002000020020C4
:10132000000600000004000000040000000400208B
:10133000000600200003FFE00001FFE000000020A5
:10134000000000200000000000000000000000007D
:1013500000040020000400200004002000040020FD
:101360000387FFE0038FFFE00380002000000020E0
:10137000000000200000002000000000000000002D
:10138000000000000000000000000000000000005D
:10139000000000060000000700000001000000013E
:1013A0000004000100040001000400030004000622
:1013B0000387FFFC038FFFF803800000000000009C
:1013C00000000000000000000200002002000020D9
:1013D00003FFFFE007FFFFE00000082000001020EF
:1013E000000030000000FC0000058E00000707A090
:1013F000000601E0000400E00004002000000020DE
:1014000000000000000000000000000000000000DC
:101410000200002002000020020000200200002044
:1014200003FFFFE007FFFFE00000002000000020B6
:10143000000000200000002000000000000000006C
:101440000000000000000000000400200007FFE092
:10145000000FFFE000020020000400000004002054
:101460000007FFE00003FFE000020020000400008E
:10147000000400200007FFE00003FFE00000002060
:101480000000000000000000000400200004002014
:101490000007FFE0000FFFE0000100200002002035
:1014A000000200000004000000040000000400200E
:1014B000000600200003FFE00001FFE00000002024
:1014C00000000020000000000000000000007E007E
:1014D0000000FF80000381C00002004000060020E1
:1014E000000400200004002000040020000600206A
:1014F00000020040000381C00001FF8000007E0068
:1015000000000000000000000004000100040001D1
:101510000007FFFF000FFFFF000100C100020041B4
:10152000000400200004002000040020000400202B
:1015300000060040000301C00001FF8000007E00A3
:1015400000000000000000000000000000007E001D
:101550000001FF80000380C0000200600004002042
:1015600000040020000400200004002000020041CC
:10157000000300C10003FFFF0007FFFF00000001A0
:101580000000000100000000000400200004002012
:101590000004002000040020000FFFE0000FFFE027
:1015A0000000C020000100200002002000060020F2
:1015B0000004000000040000000700000003000019
:1015C000000000000000000000000000000003E038
:1015D0000001C0E00003E04000063020000430209D
:1015E00000041820000418200004182000040C2017
:1015F00000020C60000307C00007838000000000A9
:1016000000000000000000000000000000040000D6
:101610000004000000040000000C0000001FFF8018
:1016200000FFFFC000040060000400200004002050
:1016300000040020000400400000018000000000C1
:101640000000000000000000000400000004000092
:101650000007FF80000FFFC00000006000000020B6
:1016600000000020000000200000002000040040D6
:10167000000400800007FFE0000FFFC000000040F2
:101680000000004000000000000400000004000012
:10169000000780000007F0000004FE0000041FC0E7
:1016A000000003E00000038000001C000004600054
:1016B0000007800000060000000400000000000099
:1016C0000000000000040000000600000007C00049
:1016D0000007FC0000043F80000003E000040F80CE
:1016E0000006F0000007F0000007FF8000040FE094
:1016F0000000038000043C000007C000000600005A
:101700000004000000000000000000200004002091
:1017100000040060000700E0000783200007E600E7
:101720000004F80000003C0000045E20000587A0D3
:10173000000601E00004006000040020000000201A
:10174000000000000000000000040000000400038E
:10175000000700030007E0010004F80100041F0275
:10176000000007FC000000E0000007000004380053
:101770000007C00000060000000400000004000094
:101780000000000000000000000000000007806072
:10179000000600E0000403E0000407A000040E209F
:1017A00000043C20000470200005E0200007802099
:1017B00000070060000400E000000380000000005B
:1017C0000000000000000000000000000000000019
:1017D0000000000000000000000000000000000009
:1017E00000008000000080000001400007FE3FF87C
:1017F00008000004100000021000000200000000B9
:1018000000000000000000000000000000000000D8
:1018100000000000000000000000000000000000C8
:1018200000000000FFFFFFFF0000000000000000BC
:1018300000000000000000000000000000000000A8
:101840000000000000000000000000001000000286
:10185000100000020800000407FE3FF800014000ED
:101860000000800000008000000000000000000078
:101870000000000000000000000000000000000068
:101880000000000000000000180000003000000010
:101890004000000040000000400000002000000068
:1018A00030000000080000000400000002000000FA
:1018B00002000000020000000C0000001800000000
:1018C0000000000050413220627574746F6E207009
:1018D0007265737365642C207265717565737469C4
:1018E0006E6720636170747572652E2E2E0D0A006E
:1018F000000000000000F0BF0000000000000080B9
:101900000000000000000080000000000000000057
:10191000000000C05294EEBF00000048204E51BEAF
:10192000000000F86467BCBC00000000000000007C
:10193000000000208133EDBF00000080B3DB14BE47
:10194000000000506706A3BC00000000000000007B
:10195000000000D0E9DCEBBF00000008C39259BED4
:1019600000000080B0D3B8BC000000000000000000
:1019700000000070F98FEABF000000C0A51028BE6B
:10198000000000E8BFC0B0BC000000000000000084
:1019900000000070284CE9BF00000060134B42BEFD
:1019A000000000C03D20B8BC0000000000000000A6
:1019B00000000050FA10E8BF000000C05FF62BBE28
:1019C000000000905C71A7BC000000000000000057
:1019D00000000020FCDDE6BF000000C0F8F154BEAE
:1019E00000000018E9F6B9BC00000000000000008B
:1019F000000000D0C3B2E5BF00000070E43254BE66
:101A000000000050DB06B4BC000000000000000035
:101A100000000010EF8EE4BF00000020F36252BE11
:101A2000000000C02A879ABC0000000000000000EF
:101A3000000000B02272E3BF000000F0E8E056BEF4
:101A400000000028352DBDBC000000000000000093
:101A5000000000000A5CE2BF000000B0FA8E41BE48
:101A600000000040AE6FBDBC0000000000000000A0
:101A700000000000564CE1BF000000F015CD5FBE35
:101A800000000000141C90BC0000000000000000DA
:101A900000000040BD42E0BF00000030F93457BEF6
:101AA000000000E06C1E93BC00000000000000007D
:101AB000000000E0F57DDEBF000000B08A535EBE8E
:101AC00000000080DA77AABC0000000000000000DF
:101AD000000000C09D81DCBF00000000FFA226BE08
:101AE0000000006057E2B0BC0000000000000000F1
:101AF00000000060F98FDABF000000580A8151BE73
:101B0000000000F05F60B8BC0000000000000000B2
:101B10000000000098A8D8BF000000607A7F45BE92
:101B2000000000D05433A3BC0000000000000000FF
:101B3000000000600FCBD6BF000000D091CB40BEAC
:101B4000000000406D1BA0BC000000000000000071
:101B5000000000A0FBF6D4BF00000098C5CE52BE26
:101B6000000000003A397EBC0000000000000000C8
:101B7000000000E0FE2BD3BF0000004073872BBEA7
:101B800000000000926879BC000000000000000026
:101B900000000040C069D1BF00000058F16353BE8F
:101BA00000000080438D7CBC0000000000000000AD
:101BB00000000080D85FCFBF000000181F8354BE14
:101BC000000000B03F42A2BC000000000000000086
:101BD0000000008067FCCBBF00000060FAFF53BE2E
:101BE00000000050E00DB8BC000000000000000044
:101BF0000000000098A8C8BF000000607A7F35BED2
:101C0000000000C0543393BC00000000000000003E
:101C100000000000DC63C5BF00000058D6FF54BEC2
:101C200000000000396490BC0000000000000000CB
:101C3000000000C0AD2DC2BF00000080A45915BE39
:101C4000000000E0484BABBC0000000000000000BA
:101C5000000000801A0BBEBF00000050BF3C5ABEFF
:101C6000000000A0B364B6BC00000000000000004B
:101C70000000008004D6B7BF00000040BBCF36BED6
:101C80000000008076CEA8BC00000000000000002C
:101C90000000008032BBB1BF000000402A0043BEFC
:101CA00000000028C60CBDBC0000000000000000C1
:101CB000000000009473A7BF000000182B3B59BE22
:101CC000000000C0E55DA5BC0000000000000000B1
:101CD00000000000EE4397BF000000A0E6C340BE36
:101CE00000000020958DB5BC000000000000000041
:101CF00000000000000000800000000000000080E4
:101D00000000000000000080000000000000000053
:101D10000F400F400F401040103810381038103866
:101D200010301030103010281028102810281020E3
:101D3000102010201018101811181118111011105F
:101D400011101108110811081100110011001100E3
:101D50001100310031005100720072009200B20097
:101D6000B200D200F200F20012013201520152011F
:101D7000720192019201B201D201F301F301130247
:101D800033025302530273029302B302D302D3020B
:101D9000F302130333033303530373039403B403B2
:101DA000D403D403F40314043404540474047404F6
:101DB0009404B404D404F40414053405340554051F
:101DC0005405740574057305730573057205720572
:101DD0007205710591059105900590058F058F0598
:101DE0008F058E05AE05AE05AD05AD05AD05AC059F
:101DF000AC05AB05CB05CB05CA05CA05CA05C905A7
:101E0000C905C805E805E805E705E705E605E605AF
:101E1000E605E505E50504060406040603060306D3
:101E200002060206010621062106200620062006DB
:101E30002006200E200E400E40164016401E401E6A
:101E400040264026402E602E60366036603E603E62
:101E5000603E60466046604E804E80568056805E92
:101E6000805E80668066806EA06EA076A076A07E82
:101E7000A07EA086A086A08EC08EC096C096C09E72
:101E8000C09EC0A6C0AEC0AEE0B6E0B6E0BEE0BE4A
:101E9000E0C6E0C6E0CEE0CEE0D600D700DFE0DE70
:101EA000C0DEA0DE80DE80DE60E640E620E600E602
:101EB000E0E5C0E5A0E580E560E540E520E500E57A
:101EC000E0E4C0E4A0E480E460E440EC20EC00EC5A
:101ED000E0EBC0EBA0EB80EB60EB40EB20EB00EB2A
:101EE000E0EAC0EAA0EA80EA60EA40EA20F200F212
:101EF000E0F1C0F1A0F180F160F140F100F1E0F01B
:101F0000C0F0A0F080F060F040F020F00000FFFF93
:101F100046696C65206F70656E65642F63726561DC
:101F2000746564207375636365737366756C6C792F
:101F30002E0A000044617461207772697474656EC2
:101F4000207375636365737366756C6C792E2042BC
:101F500079746573207772697474656E3A2025759B
:101F60000A0000004661696C656420746F206F7020
:101F7000656E2F6372656174652066696C652E20DD
:101F80004572726F723A2025640A000046696C65DA
:101F9000206F70656E656420666F72207265616483
:101FA000696E67207375636365737366756C6C79AE
:101FB0002E0A0000446174612072656164207375AB
:101FC000636365737366756C6C792E2042797465F2
:101FD0007320726561643A2025750A004661696C58
:101FE000656420746F206F70656E2066696C652073
:101FF000666F722072656164696E672E2045727229
:102000006F723A2025640A0043617074757265200E
:102010007472696767657265642C2073746F707081
:10202000696E6720646973706C61792E2E2E0D0ABB
:10203000000000004361707475726520636F6D70FD
:102040006C6574652C20726573756D696E672064AC
:102050006973706C61792E0D0A0000004765744643
:1020600072616D654461746120737562706167654A
:10207000203120284368657373204D6F6465290DF6
:102080000A000000122008801A48704704200880C7
:10209000194870472DE9104000F028F827A004E007
:1020A0002DE9104000F022F829A02146F9F78FFE13
:1020B000204610BD38B51A20088010494C680868C1
:1020C00089680F4D081809D00822A91C00F022F8D1
:1020D000042205F11201204600F01CF8284632BD0A
:1020E0002DE9104000F002F81EA0DEE70A46054C7C
:1020F00070470000B4320020C8320020107AFF1F61
:10210000CC320020506C00202DE91040FFF7EEFF8C
:1021100017A0CAE730B500230CE0040F0A2C2CBF2F
:102120003734303401F8134001EB4305002400013B
:102130006C705B1C9342F0DB30BD000053544D3398
:1021400032204D6173732053746F726167650000B4
:1021500053544D6963726F656C656374726F6E6919
:10216000637300004D534320436F6E666967000040
:102170004D534320496E74657266616365000000CB
:1021800043554541414141434545454949494141FF
:102190004592924F4F4F5555594F554F9C4F9E9FCB
:1021A00041494F55A5A5A6A7A8A9AAABACADAEAF0E
:1021B000B0B1B2B3B4414141B8B9BABBBCBDBEBF06
:1021C000C0C1C2C3C4C54141C8C9CACBCCCDCECFA2
:1021D000D1D145454549494949D9DADBDCDD49DFFB
:1021E0004FE14F4F4F4FE6E8E85555555959EEEF3F
:1021F000F0F1F2F3F4F5F6F7F8F9FAFBFCFDFEFF67
:1022000010B5094C00F003F82070207810BD10B50F
:10221000054C01202070F2F771FB18B1207800F016
:10222000FE002070207810BDCC34002080B5084618
:1022300011461A030903F2F73DFC002002BD0846CF
:1022400080B511461A0392B20903F2F7C8FB0020C9
:1022500002BD0000002003290DD8DFE801F00D02C7
:1022600005094FF4006104E04FF480531360704798
:1022700010211160704704207047F0B402461068C6
:1022800095681318506803EB5004C0071CD54D44E3
:102290001AE013F8017B05F8017B491EF9D198B1CA
:1022A00013F8011BC6F38106032E08BF13F8016B58
:1022B00001EB06214942801C294405D011F8016B2D
:1022C00005F8016B401EF9D1A3420ED013F8016B43
:1022D00016F0030104BF13F8011BC91C30090F28B5
:1022E000DBD113F8010B0F30D7E7F0BC02F10C0083
:1022F0007047000080B5F2F700FB002002BD4FF4EC
:10230000006008604FF48051118000207047002069
:1023100070470020704738B500F013F825701A0395
:102320000903F2F7C7FB08E038B500F00AF81B070D
:1023300025701A0C0903F2F752FB002222700020CC
:1023400032BD0846014C114601257047AB70002094
:1023500000207047424D50206C696E65207772698D
:102360007465206661696C656420617420793D251F
:10237000643A2025640D0A00424D502070616420AB
:102380007772697465206661696C65642061742088
:10239000793D25643A2025640D0A0000FEE7FEE73A
:1023A000FEE7FEE7FEE770477047704700F00CB8A5
:1023B0000420F1F7CDBB0820F1F7CABB0148FAF7BA
:1023C00067BC0000786500200248416802788A18DE
:1023D000426070478832002010B5074979441831AF
:1023E000064C7C44163404E00A68081D11448847F2
:1023F0000146A142F8D110BD500000006C00000061
:10240000008002021F00000053544D202020202095
:1024100050726F64756374202020202020202020BB
:10242000302E30314EF68851CEF20001086840F46B
:1024300070000860BFF34F8FBFF36F8F4FF00070D5
:10244000E1EE100A70470000D712FFFFDC3B0000EE
:10245000D03400200000000023FEFFFFDC0100005C
:1024600090030000000000200248016841F4700160
:102470000160704788ED00E00000000000000000EF
:10248000010203040607080900F00DF8002801D036
:10249000FFF7A2FFAFF300800020AFF30080F1F759
:1024A0001FFC00F002F80120704700F001B80000A6
:1024B00007463846FCF73CFAFBE738B504460D46BC
:1024C000284600F005F8A84218BF0024204632BD77
:1024D0000149F2F756BB00BF843400200148804711
:1024E0000148004769240108ED240108AFF300808A
:1024F000FFF798FFFFF7C8FF000000000102030488
:10250000FFF7FEBFFFF7FEBFFFF7FEBFFFF7FEBFFF
:10251000FFF7FEBFFFF7FEBFFFF7FEBFFFF7FEBFEF
:10252000FFF7FEBFFFF7FEBFFFF7FEBFFFF7FEBFDF
:10253000FFF7FEBFFFF7FEBFFFF7FEBFFFF7FEBFCF
:10254000FFF7FEBFFFF7FEBFFFF7FEBFFFF7FEBFBF
:10255000FFF7FEBFFFF7FEBFFFF7FEBFFFF7FEBFAF
:10256000FFF7FEBFFFF7FEBFFFF7FEBFFFF7FEBF9F
:10257000FFF7FEBFFFF7FEBFFFF7FEBFFFF7FEBF8F
:10258000FFF7FEBFFFF7FEBFFFF7FEBFFFF7FEBF7F
:10259000FFF7FEBFFFF7FEBFFFF7FEBFFFF7FEBF6F
:1025A000FFF7FEBFFFF7FEBFFFF7FEBFFFF7FEBF5F
:1025B000FFF7FEBFFFF7FEBFFFF7FEBFFFF7FEBF4F
:1025C000FFF7FEBFFFF7FEBFFFF7FEBFFFF7FEBF3F
:1025D000FFF7FEBFFFF7FEBFFFF7FEBFFFF7FEBF2F
:1025E000FFF7FEBFFFF7FEBFFFF7FEBFFFF7FEBF1F
:1025F000FFF7FEBFFFF7FEBFFFF7FEBFFFF7FEBF0F
:10260000FFF7FEBFFFF7FEBFFFF7FEBFFFF7FEBFFE
:10261000FFF7FEBFFFF7FEBFFFF7FEBFFFF7FEBFEE
:10262000FFF7FEBFFFF7FEBFFFF7FEBFFFF7FEBFDE
:10263000FFF7FEBFFFF7FEBFF24E000113FFFF6280
:10264000F205F866F003FF3333733F0001F1FF0139
:10265000F1FF01F1FF01F1FF01F1FF01F1FF01F1D4
:10266000FF01F1FF01F1FF01F1FF01F1FF01F1FFB6
:1026700001F1FF01F1FF01F1FF01F1FF01F1FF01A4
:10268000F1FF01F1FF01F1FF01F1FF01F1FF01F1A4
:10269000FF01F1FF01F1FF01F1FF01F1FF01F1FF86
:1026A00001F1FF01F1FF01F1FF01F1FF01F1FF0174
:1026B000F1FF01F1FF01F1FF01F1FF01F1FF01F174
:1026C000FF01F1FF01F1FF01F1FF01F1FF01F1FF56
:1026D00001F1FF01F1FF01F106015E010932221053
:1026E00008100624F400852001088D0412A10412AC
:1026F000950412B50412E104100609210108120123
:1027000000022710084083042A5700020102033DFB
:10271000FC0409040309041A034E321007A18D00BA
:1027200008018E00083B0461268004138F00081DF9
:102730008F102101122710122F04123704123F04A8
:10274000101409022000010104C032090400000233
:10275000080650050705810280200107050107F1E1
:102760000520334000201107F30D090720430A0616
:10277000CC550010010200800910028000082001E1
:1027800012220BF3020812D4422614F1031C100388
:10279000F5220108FF0410030F2301081304121788
:1027A00004122904125104200300240108011C1101
:1027B00004122D04123F04125504F001084664006F
:1027C0000452FF01E376391414020000EE4A54115A
:1027D00083FC021704340020C833478537704373E5
:1027E000373C21011007020401014C6F00209C04BA
:1027F000524C04211B610812C860F212B464020139
:04000005080124EDDD
:00000001FF
