:020000040800F2
:10000000609C00209D010008A5580008F33C0008F2
:1000100041580008A50D0008AD940008000000003C
:10002000000000000000000000000000616B0008FC
:10003000A90D0008000000004F5B0008696E000871
:10004000B7010008B7010008B7010008B7010008B0
:10005000B7010008B7010008B7010008B7010008A0
:100060004912000853120008B7010008B701000840
:10007000B7010008B7010008B7010008B701000880
:10008000B7010008B7010008B7010008B701000870
:10009000B7010008B7010008B7010008B701000860
:1000A000B7010008B7010008B7010008B701000850
:1000B000B7010008B7010008B7010008B701000840
:1000C000B7010008B7010008B7010008B701000830
:1000D000B7010008B7010008B7010008B701000820
:1000E000B7010008B7010008B7010008B701000810
:1000F000B7010008B7010008B7010008B701000800
:10010000B7010008B7010008B7010008B7010008EF
:10011000B7010008B7010008B7010008B7010008DF
:10012000B7010008B7010008B7010008B7010008CF
:10013000B7010008B7010008B7010008B7010008BF
:10014000B7010008B7010008B7010008A958000866
:10015000B7010008B7010008B7010008B70100089F
:10016000B7010008B7010008B7010008B70100088F
:10017000B7010008B7010008B7010008000000003F
:10018000B7010008B7010008DFF80CD000F0CCFC84
:1001900000480047B5050108609C002006488047DC
:1001A00006480047FEE7FEE7FEE7FEE7FEE7FEE75C
:1001B000FEE7FEE7FEE7FEE7256F0008890100087D
:1001C0002DE9F05F0546002092469B46884606468C
:1001D000814640241BE0284641464746224600F01F
:1001E00076FB53465A46C01A914110D31146184621
:1001F000224600F05DFB2D1A67EB01084F462246B0
:100200000120002100F054FB17EB00094E41201E95
:10021000A4F10104DFDC484631462A464346BDE8E6
:10022000F09F40EA01039B0703D009E008C9121FB1
:1002300008C0042AFAD203E011F8013B00F8013BA0
:10024000521EF9D27047D2B201E000F8012B491ECC
:10025000FBD270470022F6E710B513460A46044663
:100260001946FFF7F0FF204610BD421C10F8011B95
:100270000029FBD1801A7047F0B480EA0102D40F44
:100280004200B2EB410F02D20246084611464A0034
:1002900042D0C30DDDB2C1F3C752AD1A202D35DAFD
:1002A000C1F3160141F4000204B15242C5F1200627
:1002B00002FA06F12A411044B3EBD05F23D0C4B157
:1002C000012DA0EBC35009DCF0BC4FF0004202EA64
:1002D000C352DBB200F5000000F024BB400000F187
:1002E000807000EBC350A0F1807040EAD1704900EB
:1002F00009E0490841EAC071A0EBC35000F50000D5
:10030000400800EBC350F0BC00F003BB6142012287
:1003100002EB4101001BF6E7F0BC704781F00041A1
:10032000AAE780F00040A7E780EA010210B502F0DA
:100330000043400022D04A001FD0010E01EB1261A1
:10034000C0F35600C2F3560240F4000042F400022B
:10035000A0FB022000047F39140400D0401C50EAA6
:10036000124001D44000491EC2B20C0604EBD0106A
:10037000401C4008802A02D003E0002010BD20F07D
:100380000100002900DA0020184310BD30B480EAD3
:10039000010202F0004530F0004221F0004013D08D
:1003A00090B1C30DD40DC2F31601C0F31600E41AC8
:1003B00041F4000140F400027D34914201D3641CF9
:1003C00000E04900002C02DA30BC002070474FF4F6
:1003D00000000023914201D3891A034340084FEAE9
:1003E0004101F7D151B1914202D14FF0004105E0F6
:1003F00002D24FF0010101E06FF0010103EBC450A4
:10040000284430BC00F085BA2DE9FE4F804681EAD1
:100410000300C00F0C46009021F0004123F000457E
:10042000B8EB0200A94105D24046214690461C4641
:100430000B46024623F00040104347D0270DC7F378
:100440000A00C3F30A510290401A019040286BDA67
:10045000C3F3130040F4801B0098924620B10023A0
:10046000D2EB030A63EB0B0B01985946C0F1400233
:10047000504600F01DFA06460D4650465946019A70
:1004800000F035FA10EB08006141002487EA1152B0
:1004900084EAE7731A4340D0009A62B3019A012AB2
:1004A0004FEA075215DC001B61EB02014FF00042DE
:1004B00002EA0752CDE90042001C41F580113246A4
:1004C0002B4600F09BFA03B0BDE8F08F4046214672
:1004D000F9E7001B61EB0201001C41F580130018D5
:1004E0005B412018A2F5001747EB030140EAD570E5
:1004F000B6196D4111E06D084FEA360645EAC07540
:100500004FEA0752001B61EB0201001C41F580110C
:1005100049084FEA30000019514132462B4603B0DA
:10052000BDE8F04F00F05BBA0098012240000023C4
:10053000D0EB020263EBE073009821464FEAE074CF
:10054000B8EB000061EB0401E9E783F000435BE7EF
:1005500081F0004158E72DE9FE4F81EA030404F0E1
:10056000004421F0004100944FF0000B23F00043C1
:1005700050EA01045ED052EA03045BD0C3F30A548C
:10058000C1F30A552C44A4F2F3340194A0FB0254A5
:10059000C1F3130141F48011C3F3130343F4801337
:1005A00001FB024400FB034E840A970A44EA81548B
:1005B00047EA8357A4FB076802958D0A05FB078568
:1005C0004FEA932C04FB0C542705029D4FEA065872
:1005D00047EA1637B5EB08056EEB070C870E920E4F
:1005E00047EA811742EA8312A7FB0201B6EB0B012F
:1005F00064EB00042B0D43EA0C335E1844EB1C50F3
:10060000DA465146E7FB0201C5F313044FEA0B3308
:1006100043EA14534FEA0432019C43EA0603A4F16F
:100620000C040294009CCDE900B400F0E7F903B09B
:10063000BDE8F08F00200146F9E72DE9F04D81EA91
:10064000030404F0004B21F0004514464FF0000A6B
:1006500023F0004150EA050220D054EA01021DD0E7
:10066000C5F30A570246C5F31303C1F31300C1F3E0
:100670000A5640F4801543F48013A7EB0608101BBC
:10068000D64608F2FD3873EB050002D308F10108E5
:1006900001E092185B41B8F1000F03DA0020014637
:1006A000BDE8F08D00204FF48011064684460EE030
:1006B000171B73EB050705D3121B63EB05030643FA
:1006C0004CEA010C49084FEA300092185B4150EAAD
:1006D0000107EDD152EA030012D082EA040083EA56
:1006E0000501084305D0101BAB4106D201220023AF
:1006F00006E000224FF0004302E06FF001025310C9
:100700001AEB06004CEB085110EB0A0041EB0B0111
:10071000BDE8F04D00F063B9C10F80EAE070084415
:10072000CA079623002100F0FDB896230022114647
:1007300000F0F8B80EB5C10F80EAE0700844CA07AF
:10074000002140F233438DE80E000A460B4600F0CC
:1007500055F903B000BD0EB540F2334102910021BE
:10076000CDE900110A460B4600F048F903B000BD80
:1007700000F0004220F00040C10DC0F3160040F42C
:1007800000007F2901DA00207047962903DCC1F1BF
:100790009601C84001E096398840002AF4D04042D2
:1007A000704720F00040C10DC0F3160040F4000077
:1007B0007F2901DA00207047962903DCC1F19601F8
:1007C000C8407047963988407047C1F30A5210B547
:1007D000C1F3130140F2FF3341F480119A4201DA70
:1007E000002010BD40F233439A42A2F2334203DCB0
:1007F000524200F06CF810BD904010BD00F0004275
:1008000030F000400AD0C10D01F56071C0F3160050
:1008100042EA0151C20840071143704700200146D7
:10082000704701F0004330B421F0004150EA01026A
:1008300006D00A0DA2F56072C1F31301002A02DC92
:1008400030BC00207047440F44EAC104C100E018E6
:1008500030BC00EBC25000F05CB80000002801DBA7
:10086000C0F10040002901DBC1F100418142704725
:10087000002801DBC0F10040002901DBC1F100418B
:100880008842704730B50B460146002020220124E3
:1008900009E021FA02F59D4205D303FA02F5491B4E
:1008A00004FA02F52844151EA2F10102F1DC30BD64
:1008B000202A04DB203A00FA02F100207047914020
:1008C000C2F1200320FA03F3194390407047202A15
:1008D00004DB203A21FA02F00021704721FA02F3EA
:1008E000D040C2F120029140084319467047202AA7
:1008F00006DBCB17203A41FA02F043EAE07306E048
:1009000041FA02F3D040C2F1200291400843194657
:1009100070470029A8BF7047401C490008BF20F05D
:100920000100704710B4B0FA80FC00FA0CF050EAF5
:10093000010404BF10BC704749B1CCF1200421FA76
:1009400004F411FA0CF118BF012121430843A3EB71
:100950000C01CB1D4FEA00614FEA102042BF00207E
:1009600010BC704700EBC35010440029A4BF10BC5A
:100970007047401C490008BF20F0010010BC7047C0
:10098000F0B4002802DCF0BC00207047C0F3C7516F
:10099000C0F3160040F40000CA0701D14000491E10
:1009A0003F2202EB6105002211464FF4000626FAB1
:1009B00001F31344D418844201D8001B1A464000A6
:1009C000491C1729F3DD5100814202D24FF0FF315B
:1009D00000E0002102EBC550F0BCFFF79ABF10B554
:1009E000141E73F1000408DA401C41F10001921852
:1009F0005B411A4301D120F0010010BD2DE9F04DFB
:100A000092469B4611B1B1FA81F202E0B0FA80F24F
:100A100020329046FFF74CFF04460F4640EA0A009A
:100A200041EA0B0153465A46084313D0114653EA94
:100A3000010019D0C8F140025046FFF748FF0546B3
:100A40000E46504659464246FFF732FF084305D04E
:100A5000012004E020463946BDE8F08D0020054322
:100A600046EAE0762C4337430A986305E40AA0EB94
:100A700008000022FD0A44EA47540A3002D500204B
:100A80000146E9E7010510196941DDE9084500194A
:100A90006941BDE8F04DA2E770B521F00043034382
:100AA0000CD0C1F30A550024D5EB040564EB040314
:100AB000D617AD1AB34102DB0020014670BD2018E5
:100AC00041EB025170BDC1F30A52C1F3130140F270
:100AD000FF3341F480119A4202DA00200146704748
:100AE00040F233439A42A2F2334202DC5242FFF711
:100AF000EEBEFFF7DDBE000030B5041E71F100044C
:100B000004DB4FF00044404264EB0101141E73F11A
:100B1000000405DB1C464FF00043524263EB040324
:100B2000994208BF904230BD064C074D06E0E06890
:100B300040F0010394E8070098471034AC42F6D324
:100B4000FFF726FBC8550108E85501082DE9F04DCF
:100B500000231A461B1A8A4103DB00200146BDE828
:100B6000F08DC1F30A52C1F3130141F480154FF027
:100B7000000BD10702D100186D41521E0027044618
:100B800040F2FF11384601EB620A3E4680460246BB
:100B900000204FF48011FFF79AFEC2197141BB1873
:100BA00046EB0100B4EB030C75EB000C04D3E41A24
:100BB00065EB000517460E46241908F101006D414A
:100BC00080463428E3DDF91946EB0600091BA841ED
:100BD00003D24FF0FF32134601E0002213461BEB15
:100BE000070046EB0A51BDE8F04DFFF7F8BE70B5BF
:100BF0008C1810F8015B15F0070301D110F8013BC8
:100C00002A1106D110F8012B03E010F8016B01F84E
:100C1000016B5B1EF9D12B0705D40023521E0DD4A6
:100C200001F8013BFAE710F8013BCB1A921C03E0F4
:100C300013F8015B01F8015B521EF9D5A142D8D32C
:100C4000002070BD55494A6822F440324A604A6823
:100C500043681A434A600268526822F4807203684B
:100C60005A6002685368026943EA022203685A60C4
:100C70000268526822F0407203685A600268526843
:100C800083681A4303685A600268926822F400621B
:100C900003689A6002689268C3681A4303689A609E
:100CA0003F4B826A9A4218D00268926822F07062C2
:100CB00003689A6002689268836A1A4303689A60BC
:100CC0000268926822F0405203689A600268926853
:100CD000C36A1A4303689A600BE00268926822F0C4
:100CE000706203689A600268926822F0405203685A
:100CF0009A600268926822F0020203689A600268B1
:100D00009368027E43EA420203689A602022125CE2
:100D1000A2B10268526842F4006203685A60026835
:100D2000526822F4604203685A6002685368426A5B
:100D3000521E43EA423203685A6005E00268526874
:100D400022F4006203685A600268D26A22F47002D8
:100D50000368DA620268D36A828B521E43EA025247
:100D60000368DA620268926822F4007203689A608B
:100D70000268936890F8302043EA422203689A6040
:100D80000268926822F4806203689A60026893683D
:100D9000426943EA822203689A6070470023014057
:100DA0000100000F00BFFEE7704700002DE9F04F83
:100DB0008DB07E4E7E4D4FF0000A4FF0000B0020AC
:100DC0000C90002712E07B4850F8278031464046BF
:100DD000FFF74EFD01D24646BA4629464046FFF788
:100DE0003DFD01D24546BB46781C87B2B7F5407F32
:100DF000E9DB29463046FFF731FD04D16E4928462C
:100E0000FFF73AFA064629463046FFF787FA0746C3
:100E100039466A48FFF7BAFA814669494846FFF7FA
:100E200027FD01D2DFF898914846FFF7BAFC84B25B
:100E3000EF2340F23F12002108460FF067F92346E6
:100E40002A4605210CA800F055F92B4605220A2157
:100E50000CA8009400F014F92B46052214210CA8CC
:100E6000009400F00DF92B462B221E210CA80094B3
:100E700000F006F92B46052274210CA8009400F01E
:100E8000FFF8782000BF0746FF2305223946A0203F
:100E900000F0D4F82B462F227E210CA8009400F0FD
:100EA000EFF82B460522DC210CA8009400F0E8F8AE
:100EB0002B460522E6210CA8009400F0E1F8002161
:100EC000504600F085F94FF4FC61584600F080F977
:100ED0003C480068FFF792FC07463A460B463AA1A9
:100EE0000AA809F0E7FCFE20102339A2DC210090BB
:100EF00004200FF098FAFE2010230AAADC210090AB
:100F00001C200FF090FA2846FFF778FC07463A4677
:100F10000B4630A107A809F0CDFCFE2010232FA21C
:100F2000DC21009050200FF07EFAFE20102307AA4B
:100F3000DC21009076200FF076FA3046FFF75EFC59
:100F400007463A460B4623A104A809F0B3FCFE204D
:100F5000102324A2DC210090AA200FF064FAFE20C6
:100F6000102304AADC210090D0200FF05CFA1F4867
:100F70000068FFF743FC07463A460B4615A101A857
:100F800009F098FCFE20102319A2DC210090FA2021
:100F90000FF049FAFE20102301AADC2100904FF443
:100FA0008B700FF040FA0DB0BDE8F08F00007AC4EE
:100FB00000007A4498340020CDCCCC3D00201E4562
:100FC00000FF7F4718000020252E32660000000039
:100FD000653D0000252E3166000000004D696E3A27
:100FE000000000004D61783A000000000C00002075
:100FF00054613A002DE9F04105460C46174600BF02
:1010000000BF2646611C88B200BF80463A46314682
:1010100028460BF065FF691C88B23A4631460BF052
:101020005FFF3A46414628460BF05AFF691C88B2DA
:101030003A4641460BF054FFBDE8F0812DE9F041FE
:1010400005460E4614469846281B87B206E04246DF
:10105000314638460BF044FF781C87B22819B84255
:10106000F5DA301B87B206E04246394628460BF0D7
:1010700037FF781C87B23019B842F5DABDE8F08145
:101080002DE9F04704460E4617469846DDF82090B5
:1010900000250CE006EB450291B24B464246206823
:1010A00000F009F82068C4302060681C85B2BD4299
:1010B000F0DBBDE8F0872DE9F04705460F46904686
:1010C00099460026002411E04B4642462946304608
:1010D00000F06EF982464FF6FF7101EA4400524675
:1010E0003946FFF787FFC636601C84B2A02CEBDBC5
:1010F000BDE8F0872DE9FF4F83B0054689460026FD
:101100005EE04FF6FF7000EA4604286802904FF058
:101110000008002712E04046DDE90523029900F0AF
:1011200047F982464FF6FF7101EA470052462146D1
:10113000FFF760FF08F1C608781C87B2102FEADBC2
:1011400000271AE0214830F81700019007F120002D
:1011500080B2009000BF00BFA246611C88B200BFF1
:1011600083465146DDE900020BF0BAFE5946DDE93F
:1011700000020BF0B5FE781C87B2FF2FE2DD46F6C9
:101180009A688F2715E04046DDE90523029900F0B3
:101190000FF98246A7F18F014FF48F7202EB4101E4
:1011A00088B252462146FFF725FF08F1C608781C91
:1011B00087B2A02FE7DB2868C4302860701C86B295
:1011C0004E459EDB07B0BDE8F08F00006452010879
:1011D0002DE9F041044688461F2C01DCBDE8F08172
:1011E0002046E11704EBD1614911A4EB4111144AE7
:1011F000515C4E00E11704EBD1614911114A515C79
:101200004D0000BF00BFF01F87B206E042462946EE
:1012100038460BF065FE781C87B2F01D8742F5DD7D
:10122000E81F87B206E04246394630460BF058FECA
:10123000781C87B2E81D8742F5DD00BFCEE70000CD
:10124000645401088454010810B5042000F05AFBCE
:1012500010BD10B5082000F055FB10BD72B600BFE0
:10126000FEE730B504460D4600222946204600F030
:1012700001F830BDF0B50346012500241148407A3D
:1012800001281CDA00200F4E767A0E4FB8553846EA
:10129000467A001D40F82630001F467A08308255F5
:1012A0003E46707A461C7E72044604F13000087097
:1012B0003A2048702F2088700020C87000252846EA
:1012C000F0BD0000508C002070B504461D46002380
:1012D000B5F5804F13D154F822300C480340D1E9C2
:1012E000000640EA06108E6840EA06208E8940EA31
:1012F00006408E693043034344F8223003E06FF028
:10130000704044F82200002070BD00000000F0CFC3
:1013100010B503460022086853F820201248024006
:10132000D1E901042043CC6820430C6920434C6977
:1013300020438C692043CC6920430C6A20434C6ACB
:1013400020438C6A2043CC6A2043CC6B20430C6B37
:10135000204302438868082801D142F0400208680F
:1013600043F82020002010BD8000F0FF30B5034678
:101370000024501C53F8204004F04044D1E90005FB
:1013800040EA05108D6840EA05208D8940EA054550
:10139000088A401E45EA0055087D801E45EA006027
:1013A0008D6928430443501C43F82040002030BD81
:1013B0002DE9F04F91B005460E4690469946C5F38B
:1013C00087201090C6F3872AC5F3090BC6F30900DE
:1013D0000F90CBF580600E900F98C0F580600D9057
:1013E0001098C0F11F0000EB4A14012C7EDB04F1C1
:1013F0002000B0F5407F79DA401EB0F5407FFADA80
:101400000F98FFF792F908905846FFF78EF906906B
:1014100004F11F0005F0AEFB05900699FEF784FF6E
:1014200007900899FEF780FF0A900D98FFF77DF965
:1014300006905846FFF779F90490601E05F09AFB74
:1014400003900499FEF770FF05900699FEF76CFF74
:1014500008900F98FFF769F904900E98FFF765F967
:10146000029004F1200005F085FB01900299FEF73F
:101470005BFF03900499FEF757FF06900D98FFF766
:1014800054F904900E98FFF750F90290204605F0A9
:1014900071FB01900299FEF747FF03900499FEF754
:1014A00043FF05900699FEF7E7FE07900899FEF7BF
:1014B000E3FE09900A99FEF7DFFE0C904FF093418E
:1014C0000C98FEF763FF0B904846FFF72EF9414654
:1014D00008900B98FEF722FF07900899FEF724FF6B
:1014E0000C490990FEF752FF0A9000E00EE0FFF76A
:1014F0003FF90746002F00DA0027FF2F00DDFF2706
:10150000054830F8170011B0BDE8F08F0248008898
:10151000F9E70000000020416452010870B50A4854
:101520000468001D0568001D0668344454B1082293
:101530000649204602F05FFE042204491031284685
:1015400002F059FE70BD0000107AFF1F62000020FB
:1015500038B502460020009000BF92F83C000128F8
:1015600001D1022038BD012082F83C0000BF08688C
:10157000092816D91068C0680C780A3C04EB4405A9
:101580000724AC40A0431468E0600C780A3C04EBEC
:1015900044048868A0401468E46820431468E0604C
:1015A00013E0106800690C7804EB44050724AC4094
:1015B000A043146820610C7804EB44048868A040C0
:1015C000146824692043146820614868072817D2EA
:1015D0001068406B0C79641E04EB84051F24AC403A
:1015E000A04314686063088880B20C79641E04EB21
:1015F0008404A0401468646B20431468606331E085
:1016000048680D2817D21068006B0C79E41F04EBB2
:1016100084051F24AC40A04314682063088880B26E
:101620000C79E41F04EB8404A0401468246B20436D
:101630001468206316E01068C06A0C790D3C04EB56
:1016400084051F24AC40A0431468E062088880B27F
:101650000C790D3C04EB8404A0401468E46A204338
:101660001468E062194B1A4C1068A04206D1086851
:10167000122803D1586840F480005860144C106858
:10168000A0421CD10868102802D00868112816D181
:10169000586840F400005860086810280FD10D48C1
:1016A00000680D4CB0FBF4F000EB800040000090AF
:1016B00002E00098401E009000980028F9D100BF79
:1016C000002082F83C0000BF00BF4BE70023014030
:1016D00000200140AC00002040420F0070B50446DD
:1016E00000250CB9012070BD1549A06A884200D0C0
:1016F00000BF206C30B9204600F024F80020606460
:1017000084F83C00206C00F0100088B9206C20F4B4
:10171000885040F0020020642046FFF793FA002032
:101720006064206C20F0020040F00100206400E0C2
:10173000012500BF002084F83C0000BF2846D2E706
:101740000100000F10B586B00446142101A8FEF771
:1017500081FD1949206888422BD100BF00200090EC
:101760001648006840F48070144908600846006814
:1017700000F48070009000BF00BF00BF0020009008
:101780000E481438006840F001000C491439086014
:101790000846006800F00100009000BF00BF012073
:1017A0000190032002900020039001A9044800F05A
:1017B000B7F806B010BD00000020014044380240D8
:1017C0000000024070B5044600F0B2F90646254616
:1017D000681C10B104480078054400BF00F0A8F967
:1017E000801BA842FAD370BDA800002000B587B0C6
:1017F000142102A8FEF72EFD2A48006808B107B0A0
:1018000000BD01202749086000BF00200190264844
:10181000006840F00100244908600846006800F0B4
:101820000100019000BF00BF8814029002200390C5
:1018300000200490032005900C20069002A91B486C
:1018400000F06EF84FF680700290022003900020A6
:101850000490032005900C20069002A9144800F083
:101860005FF84CF233700290022003900020049045
:10187000032005900C20069002A90E4800F050F8B5
:101880004FF4805002900220039000200490032027
:1018900005900C20069002A9074800F041F800BF0F
:1018A000ADE7000024000020383802400014024058
:1018B00000100240000C02400018024010B504461F
:1018C000042C05D103A008F0E5FF01200C490870A5
:1018D00010BD000050413220627574746F6E20702C
:1018E0007265737365642C207265717565737469B4
:1018F0006E6720636170747572652E2E2E0D0A005E
:101900000000002010B5044604480068204020B1C3
:10191000024804602046FFF7D1FF10BD143C01408F
:10192000F8B502460B460025002400200021D5E032
:10193000012606FA01F51E6806EA0504AC4274D1D8
:101940001E7906F00306012E04D01E7906F0030668
:10195000022E13D190684F000326BE40B0434F00C3
:10196000DE68BE4030439060506801268E40B04330
:101970001E79C6F300168E40304350601E7906F083
:101980000306032E09D0D0684F000326BE40B043A3
:101990004F009E68BE403043D0601E7906F00306BB
:1019A000022E13D1CF0802F1200656F827004E0769
:1019B000F70E0F26BE40B0434F07FF0E1E69BE4014
:1019C0003043CF0802F1200646F8270010684F0088
:1019D0000326BE40B0431E7906F003064F00BE400A
:1019E000304310605E6806F44036002E75D000BFAC
:1019F000002600963B4E366846F48046394F3E60DE
:101A00003E46366806F48046009600BF00BF364E5C
:101A10008F0856F827008E07370F0F26BE40B043B9
:101A2000324EB24202D1002624E056E0304EB2429D
:101A300001D101261EE02F4EB24201D1022619E04B
:101A40002D4EB24201D1032614E02C4EB24201D1F8
:101A500004260FE02A4EB24201D105260AE0294EA3
:101A6000B24201D1062605E0274EB24201D1072637
:101A700000E008268F073F0FBE4030431A4E8F0804
:101A800046F82700214E3068A0435E6806F4803691
:101A900006B120431D4E3060361D3068A0435E689D
:101AA00006F4003606B12043184E361D3060361D50
:101AB0003068A0435E6806F4801606B12043134EDA
:101AC00008363060361D3068A0435E6806F40016A4
:101AD00006B120430D4E0C363060491C1029FFF42E
:101AE00027AFF8BD443802400838014000000240EA
:101AF0000004024000080240000C024000100240B6
:101B00000014024000180240001C0240003C01404A
:101B100010B5426921EA020302EA010443EA0443E0
:101B2000836110BD0AB1816101E00B0483617047DC
:101B30000148006870470000A000002070B504460E
:101B40000CB9012070BD94F83D0028B9002084F83C
:101B50003C00204600F006FB242084F83D0020686D
:101B6000006820F00100216808602068006840F4E7
:101B70000040216808602068006820F40040216867
:101B8000086001F001FB05465C496068884206D8A0
:101B90005B48854201D2012007E0002005E059485A
:101BA000854201D2012000E00020012800D1C9E7D0
:101BB0005548B5FBF0F62068406820F03F00304300
:101BC000216848604D496068884201D8701C07E070
:101BD0004FF4967070434FF47A71B0FBF1F0401CF3
:101BE0002168096A21F03F010843216808624349DE
:101BF0006068884214D8681E61684900B0FBF1F043
:101C0000401CC0F30B00042801D204203DE0681EF4
:101C100061684900B0FBF1F0401CC0F30B0034E0F8
:101C2000A06838B9681E616801EB4101B0FBF1F0B2
:101C3000401C0AE0681E616801EBC10202EB011161
:101C4000B0FBF1F0401C40F48040C0F30B0008B939
:101C500001201AE0A06848B9681E616801EB4101E3
:101C6000B0FBF1F0401CC0F30B000CE0681E616893
:101C700001EBC10202EB0111B0FBF1F0401CC0F31B
:101C80000B0040F4804040F400402168C9694CF6E4
:101C9000FF72914308432168C861D4E907010843F2
:101CA0002168096821F0C001084321680860D4E96F
:101CB000031008432168896848F2FF3291430843C2
:101CC00021688860D4E9050108432168C96821F0CA
:101CD000FF0108432168C8602068006840F00100E7
:101CE0002168086000202064202084F83D00002046
:101CF000206384F83E0000BF24E70000A0860100B6
:101D000080841E0000093D0040420F002DE9FC5F69
:101D100004460F4690469946DDE90CAB0E9EFFF750
:101D200007FF054694F83D00202870D119230122B1
:101D3000B0492046009502F04BF910B10220BDE8F1
:101D4000FC9F00BF94F83C00012801D10220F6E777
:101D5000012084F83C0000BF2068006800F001000A
:101D600028B92068006840F00100216808602068F8
:101D7000006820F4006021680860222084F83D009B
:101D8000402084F83E0000202064C4F824A0A4F879
:101D90002AB0608D20859848E0624B46424639461D
:101DA0002046CDE9006501F0C5FF08B10120C6E776
:101DB000208D88B900BF0020019020684069019003
:101DC00020688069019000BF00BF2068006840F46F
:101DD00000702168086040E0208D012818D120683B
:101DE000006820F480602168086000BF0020019036
:101DF00020684069019020688069019000BF00BFA1
:101E00002068006840F400702168086025E0EFE079
:101E1000208D022816D12068006820F48060216897
:101E200008602068006840F400602168086000BF16
:101E3000002001902068406901902068806901902D
:101E400000BF0AE000BF00200190206840690190B7
:101E500020688069019000BF00BFBAE0208D032890
:101E60007ED8208D012815D12A463146204602F021
:101E700054F908B1012062E720680069616A0870BE
:101E8000606A401C6062208D401E2085608D401E6F
:101E900060859EE0208D02282AD1334600225749D2
:101EA0002046009502F094F808B1012047E7206829
:101EB000006840F400702168086020680069616A69
:101EC0000870606A401C6062208D401E2085608D15
:101ED000401E608520680069616A0870606A401C65
:101EE0006062208D401E2085608D401E608570E000
:101EF0003346002241492046009502F069F808B1B6
:101F000001201CE72068006820F4806021680860D8
:101F100020680069616A0870606A401C6062208DF8
:101F2000401E2085608D401E608533460022334967
:101F30002046009502F04CF808B10120FFE6206829
:101F4000006840F400702168086020680069616AD8
:101F50000870606A401C6062208D401E208500E091
:101F600010E0608D401E608520680069616A08701D
:101F7000606A401C6062208D401E2085608D401E7E
:101F8000608526E02A463146204602F0C6F808B1B0
:101F90000120D4E620680069616A0870606A401C0C
:101FA0006062208D401E2085608D401E6085206807
:101FB0004069C0F3800060B120680069616A087000
:101FC000606A401C6062208D401E2085608D401E2E
:101FD0006085208D00287FF441AF202084F83D00EB
:101FE000002084F83E0000BF84F83C0000BFA6E655
:101FF0000220A4E6020010000000FFFF0400010020
:102000002DE9FC5F04460F4690469946DDE90CAB8E
:102010000E9EFFF78DFD054694F83D0020287DD1EA
:10202000192301224D492046009501F0D1FF10B13E
:102030000220BDE8FC9F00BF94F83C00012801D1BC
:102040000220F6E7012084F83C0000BF2068006809
:1020500000F0010028B92068006840F00100216804
:1020600008602068006820F4006021680860212072
:1020700084F83D00402084F83E0000202064C4F82D
:1020800024A0A4F82AB0608D20853548E0624B4634
:10209000424639462046CDE9006501F0FBFE08B115
:1020A0000120C6E731E02A463146204602F075F8A5
:1020B00050B1206C042805D12068006840F40070FD
:1020C000216808600120B4E7606A0078216808612F
:1020D000606A401C6062208D401E2085608D401E1D
:1020E000608520684069C0F3800070B1208D60B1C8
:1020F000606A007821680861606A401C6062208D17
:10210000401E2085608D401E6085208D0028CAD12C
:102110002A463146204601F02DFF00E01CE050B178
:10212000206C042805D12068006840F40070216804
:10213000086001207DE72068006840F40070216895
:102140000860202084F83D00002084F83E0000BF95
:1021500084F83C0000BF6CE702206AE70200100030
:102160000000FFFF10B586B00446142101A8FEF759
:1021700071F81B492068884230D100BF00200090D0
:102180001848006840F002001649086008460068D8
:1021900000F00200009000BF00BF4FF440600190CB
:1021A0001220029000200390032004900420059048
:1021B00001A90D48FFF7B4FB00BF002000900948BB
:1021C0001030006840F4800006491031086008466D
:1021D000006800F48000009000BF00BF06B010BD92
:1021E00000580040303802400004024003480068B4
:1021F000034909780844014908607047A00000209D
:10220000A800002010B50D48006840F400700B498C
:1022100008600846006840F480600860084600686E
:1022200040F480700860032000F0A2F80F2000F056
:1022300007F800F02BF8002010BD0000003C024021
:1022400070B504460E4800784FF47A71B1FBF0F097
:102250000C490968B1FBF0F5284601F049FC08B1CA
:10226000012070BD102C07D200222146501E00F024
:1022700041F80548046001E00120F2E70020F0E7A2
:10228000A8000020AC000020A400002008B500BF7A
:10229000002000900E48006840F480400C4908601F
:1022A0000846006800F48040009000BF00BF00BFF7
:1022B00000200090081F006840F08050091F08604F
:1022C0000846006800F08050009000BF00BF08BDC5
:1022D0004438024001460846002809DB00F01F038D
:1022E00001229A4043099B0003F1E023C3F8002137
:1022F00000BF70472DE9F05F80460D461646002767
:1023000008F000FB074639462A46334601F007002D
:10231000C0F1070ABAF1040F02D94FF0040A01E034
:10232000C0F1070AD14600F1040ABAF1070F02D240
:102330004FF0000A01E0A0F1030AD4464FF0010A71
:102340000AFA09FAAAF1010A0AEA020A0AFA0CFAD6
:102350004FF0010B0BFA0CFBABF1010B0BEA030B7B
:102360004AEA0B042146404608F0D4FABDE8F09F43
:1023700000BF00F00702064B19684FF6FF03194033
:10238000044B0B4343EA0221014B196000BF704725
:102390000CED00E00000FA0570470246106841624B
:1023A00000207047F0B5034615461868446A21B905
:1023B00044EA05401E68B06219E01868806A04EBC0
:1023C0001044002208E0186800F5827050F82200DE
:1023D00004EB1044501CC2B2481E9042F3D844EAA9
:1023E0000547186800F582704E1E40F826700020E0
:1023F000F0BD10B50446D4F8040405F093FA10BDFE
:1024000070B504460D46C5EBC50304F13C0101EB74
:102410008301CA682946D4F8040405F0CBF970BDDD
:1024200070B504460D46C5EBC50304F5FE7101EB1E
:102430008301CA682946D4F8040405F02CFA70BD5B
:1024400010B50446D4F8040405F06FFA10BD70B559
:1024500004460E4606F0800080280AD106F00F00E0
:10246000C0EBC00104F13C0000EB81050120687065
:1024700009E006F00F00C0EBC00104F5FE7000EBB0
:1024800081050020687006F00F00287000BF94F8E6
:10249000BC03012801D1022070BD012084F8BC03D7
:1024A00000BF2946206806F0DDF800BF002084F850
:1024B000BC0300BF00BFEFE770B504460E4606F050
:1024C0000F006168884201D9012070BD06F08000CC
:1024D00080280AD106F00F00C0EBC00104F13C00D7
:1024E00000EB81050120687009E006F00F00C0EBE9
:1024F000C00104F5FE7000EB81050020687000202B
:10250000A87006F00F00287000BF94F8BC030128E3
:1025100001D10220D9E7012084F8BC0300BF29467D
:10252000206806F085FB00BF002084F8BC0300BFD4
:1025300000BFCAE770B504460D4600BF94F8BC035F
:10254000012801D1022070BD012084F8BC0300BF26
:1025500005F08000802805D105F00F01206806F005
:10256000BDFD02E0206806F0A1FD00BF002084F858
:10257000BC0300BF00BFE6E7024601F00F00C0EB5E
:10258000C00302F5FE7000EB8300806970472DE9FF
:10259000F04705460E4690461F464FF0000906F0EC
:1025A000800080280AD106F00F00C0EBC00105F1C1
:1025B0003C0000EB81040120607009E006F00F0090
:1025C000C0EBC00105F5FE7000EB810400206070D7
:1025D00006F00F002070C4F80880E770607808B13A
:1025E0002078E080022F01D10020207100BF95F8F3
:1025F000BC03012802D10220BDE8F087012085F844
:10260000BC0300BF2146286805F044FF00BF00203E
:1026100085F8BC0300BF4846EEE72DE9F0410446CB
:102620000E461746984606F00F00C0EBC00104F5B1
:10263000FE7000EB8105EF60C5F814800020A861F2
:10264000687006F00F0028702069012800D12F6102
:1026500006F00F0028B9227C2946206806F0C4F94C
:1026600004E0227C2946206806F076FB0020BDE8C5
:10267000F08170B504460D4605F00F006168884290
:1026800001D9012070BD05F0800080280AD105F035
:102690000F00C0EBC00104F13C0000EB81060120FB
:1026A000707007E0C5EBC50104F5FE7000EB810614
:1026B000002070700120B07005F00F00307000BF76
:1026C00094F8BC03012801D10220DBE7012084F843
:1026D000BC0300BF3146206806F0F1FA05F00F0098
:1026E00028B9217C04F57172206806F069FA00BFF0
:1026F000002084F8BC0300BF00BFC3E72DE9F04110
:1027000004460E461746984606F00F00C0EBC0017F
:1027100004F13C0000EB8105EF60C5F81480002057
:10272000A8610120687006F00F0028702069012858
:1027300000D12F6106F00F0028B9227C29462068BD
:1027400006F052F904E0227C2946206806F004FBDA
:102750000020BDE8F0812DE9FE4F0446206802907C
:10276000029D206806F0E7FC00287DD1206806F075
:1027700021FD08B9BDE8FE8F206806F01BFD00F0C2
:102780000200022805D12068406900F0020021689B
:102790004861206806F00EFD00F01000102846D1B8
:1027A0002068806920F01000216888610298D0F8C4
:1027B000209009F00F00C0EBC00104F5FE7000EBA3
:1027C000810AC9F3434002281AD147F6F07009EA9A
:1027D000000030B3C9F30A12DAF80C10029806F0C0
:1027E000EEFCC9F30A11DAF80C000844CAF80C0030
:1027F000C9F30A11DAF818000844CAF8180010E002
:10280000C9F3434006280CD1082204F571710298DF
:1028100006F0D5FCC9F30A11DAF818000844CAF822
:1028200018002068806940F01000216888612068E5
:1028300006F0C0FC00F40020B0F5002F52D10026B5
:10284000206806F087FC834649E00BF00100E8B3FE
:10285000F1B2206806F0A1FC804608F0010058B1F2
:10286000012105F5306000E021E200EB46108160B7
:102870003146204603F052F808F00800082809D134
:10288000082105F5306000EB461081603146204696
:1028900003F012F808F01000102805D1102105F5FA
:1028A000306000EB4610816008F02000202805D140
:1028B000202105F5306000EB4610816008F40050DF
:1028C000B0F5005F08D14FF4005100E004E005F5D9
:1028D000306000EB46108160761C4FEA5B0BBBF169
:1028E000000FB2D1206806F065FC00F48020B0F53E
:1028F000802F7ED1206806F023FC8346002683E0EB
:102900000BF0010000287CD0F1B2206806F02CFC0E
:10291000804608F00100F0B306F00F010120884066
:10292000019040F634004159019821EA000040F638
:1029300034014851012105F5106000EB461081601B
:102940002069012824D1C6EBC60104F13C0000EB4C
:102950008100C6EBC602C16804F13C0000EB8200B6
:1029600080680144C6EBC60204F13C0000EB820023
:10297000C1606EB9C6EBC60104F13C0000EB8100FA
:10298000406928B904F571720121206806F018F930
:10299000F1B2204600E001E0FFF732FD08F0080048
:1029A000082805D1082105F5106000EB461081606C
:1029B00008F01000102805D1102105F5106000EB7B
:1029C0004610816008F04000402805D1402105F5FF
:1029D000106000EB4610816008F00200022805D16B
:1029E000022105F5106000EB4610816008F08000C0
:1029F00001E00DE005E0802803D13146204603F0D8
:102A00004BF8761C4FEA5B0BBBF1000F7FF478AFFD
:102A1000206806F0CFFB00F00040B0F1004F1CD161
:102A200040F60400405920F0010140F604004151F5
:102A300094F8F403012807D1002084F8F40300215E
:102A40002046FFF7A9FC02E0204600F063FA206868
:102A5000406900F0004021684861206806F0AAFB48
:102A600000F40060B0F5006F0ED140F60800405948
:102A700000F0010010B1204600F0A4FA206840697F
:102A800000F4006021684861206806F093FB00F4C0
:102A90008050B0F5805F7DD140F60400405920F0B1
:102AA000010140F6040041511021206806F016FB98
:102AB00000273EE04FF67F3105F5106000EB471030
:102AC000816005F5106000EB4710006820F40011EC
:102AD00005F5106000EB4710016005F5106000EB94
:102AE0004710006840F0006105F5106000EB4710EA
:102AF00001604FF67F3105F5306000EB47108160D3
:102B000005F5306000EB4710006820F4001105F572
:102B1000306000EB4710016005F5306000EB4710B6
:102B2000006840F0006105F5306000EB471001607F
:102B30007F1C6068B842BDD840F61C00405940F088
:102B4000011140F61C004151206B70B1D5F884088A
:102B500040F00B01C5F8841840F64400405940F09D
:102B60000B0140F6440041510FE040F6140040597B
:102B700042F22B01084340F614014851081F405906
:102B800040F00B014FF401604151D5F8000820F4EA
:102B9000FE6000E00DE0C5F80008217C04F57172CC
:102BA000206806F00DF82068406900F48050216824
:102BB0004861206806F0FEFA00F40050B0F5005FAE
:102BC00017D1206805F0CEFC206806F0A1FAE0607D
:102BD00000F0D4FA0090227B2068009906F072FB86
:102BE000204600F07FF92068406900F40050216819
:102BF0004861206806F0DEFA00F00800082808D1D5
:102C0000204600F08EF92068406900F00800216835
:102C10004861206806F0CEFA00F48010B0F5801FFD
:102C20000AD100263146204600F043F8206840696A
:102C300000F4801021684861206806F0BBFA00F4B7
:102C40000010B0F5001F0AD100263146204600F0E2
:102C500039F82068406900F4001021684861206854
:102C600006F0A8FA00F08040B0F1804F08D120466D
:102C7000FFF7BFFB2068406900F080402168486191
:102C8000206806F097FA00F0040004280FD12068AD
:102C9000D0F8049009F00400042802D12046FFF780
:102CA000CFFB2068406840EA09002168486000BF07
:102CB00060E570B504460D462946D4F8040404F0D6
:102CC000B1FE70BD70B504460D462946D4F8040423
:102CD00004F0C0FE70BD70B58AB0044614B901207E
:102CE0000AB070BD266894F8BD0328B9002084F8A6
:102CF000BC03204600F0A2F8032084F8BD03F06B6B
:102D000000F4807008B900212161206805F064FE9C
:102D1000282204F110016846FDF783FA94E80F00B9
:102D200005F034FC20B1022084F8BD030120D7E770
:102D30000021206806F073FA002531E00121C5EB7F
:102D4000C50204F13C0000EB82004170C5EBC501F7
:102D500004F13C0000F82150C5EBC50100EB8100F7
:102D6000C5800021C5EBC50204F13C0000EB8200E8
:102D7000C170C5EBC50204F13C0000EB820081602C
:102D8000C5EBC50204F13C0000EB8200C160C5EB5D
:102D9000C50204F13C0000EB82004161681CC5B231
:102DA0006068A842CAD800252AE00021C5EBC50208
:102DB00004F5FE7000EB82004170C5EBC50104F51F
:102DC000FE7000F821500021C5EBC50200EB820027
:102DD000C170C5EBC50204F5FE7000EB8200816096
:102DE000C5EBC50204F5FE7000EB8200C160C5EBC7
:102DF000C50204F5FE7000EB82004161681CC5B29B
:102E00006068A842D1D8282204F110016846FDF775
:102E100008FA94E80F0005F0EFFC20B1022084F8D6
:102E2000BD0301205CE7002084F83800012084F80D
:102E3000BD03206805F0CEFC002051E710B586B038
:102E40000446142101A8FDF705FA2068B0F1A04F4F
:102E500042D100BF002000902048006840F00100EF
:102E60001E4908600846006800F00100009000BF9D
:102E700000BF4FF4C0500190022002900020039048
:102E8000032004900A20059001A91548FEF748FD8B
:102E900000BF1248001D006840F080000F49091D66
:102EA000086000BF002000900C481430006840F417
:102EB00080400A49143108600846006800F48040E8
:102EC000009000BF00BF00BF002211464320FFF763
:102ED00011FA4320FFF7FEF906B010BD303802406A
:102EE0000000024070B504460125E06808B90025DD
:102EF00006E0E068022801D1012501E0FEF7AEF905
:102F00002946D4F8040404F044FED4F8040404F080
:102F1000E9FD70BD10B50446D4F8040404F018FEB1
:102F200010BD10B50446D4F8040404F01CFE10BD16
:102F300070B504460D4600BF94F8BC03012801D1CA
:102F4000022070BD012084F8BC0300BF84F8385013
:102F50002946206806F097F900BF002084F8BC03DA
:102F600000BF00BFEDE710B5044604F57171D4F859
:102F7000040404F025FE10BD70B50446256800BFAA
:102F800094F8BC03012801D1022070BD012084F80F
:102F9000BC0300BFA06A012806D1A069012803D0A4
:102FA000A86B40F48030A863206806F077F82068AA
:102FB00005F0FEFB00BF002084F8BC0300BF00BF8B
:102FC000E3E7000010B50446D4F8040404F055FE0D
:102FD0002068D0F8000E40F001002168C1F8000E12
:102FE000206A28B10348006840F0060001490860E3
:102FF00010BD000010ED00E070B504460D460CB9A0
:10300000012070BD5848006800F00700A84209D2AE
:1030100055490D700846006800F00700A84201D02D
:103020000120EEE7207800F0020002281DD1207870
:1030300000F00400042805D14C48006840F4E0503A
:103040004A490860207800F00800082805D1474860
:10305000006840F46040454908604448006820F03A
:10306000F000A168084341490860207800F00100A1
:10307000A8B36068012807D13C4808380068C0F34D
:103080004040B8B90120BCE76068022802D06068FF
:10309000032807D1354808380068C0F3406048B9B4
:1030A0000120AEE7314808380068C0F3400008B995
:1030B0000120A6E72D48006820F00300616808435E
:1030C0002A490860FEF734FD064609E0FEF730FDA8
:1030D000801B41F28831884202D9032091E707E042
:1030E0002248006800F00C006168B0EB810FEDD160
:1030F0001D48006800F00700A84209D91A490D7060
:103100000846006800F00700A84201D0012078E7D7
:10311000207800F00400042807D11448006820F447
:10312000E050E168084311490860207800F0080089
:10313000082808D10D48006820F46040216940EA61
:10314000C1000A49086000F03FF808490968C1F366
:103150000311074A515CC8400649086006480068E8
:10316000FFF76EF800204CE7003C024008380240B0
:10317000031A0108AC000020A400002001480068E8
:1031800070470000AC00002000B5FFF7F7FF0449CE
:103190000968C1F38221034A515CC84000BD0000A8
:1031A00008380240131A010800B5FFF7E7FF044989
:1031B0000968C1F34231034A515CC84000BD0000B8
:1031C00008380240131A01082DE9F04700240025B1
:1031D0000026A1462548006800F00C0020B1042814
:1031E00005D008283AD105E0DFF8849039E0DFF80F
:1031F000849036E01D48001F006800F03F041B4823
:10320000001F006800F4800078B11A481749091FB0
:103210000968C1F38811A0FB017001462246002312
:103220003846FCF7CDFF05460EE011480F49091F4F
:103230000968C1F38811A0FB0170014622460023F2
:103240003846FCF7BDFF05460848001F0068C0F37C
:103250000140401C4600B5FBF6F902E0DFF8109093
:1032600000BF00BF4846BDE8F087000008380240B4
:103270000024F40040787D01F8B504460CB9012023
:10328000F8BD207800F00100002874D0F9480068EB
:1032900000F00C0004280DD0F648006800F00C0087
:1032A000082813D1F348001F006800F48000B0F52F
:1032B000800F0BD1EF4808380068C0F34040002869
:1032C00059D06068002856D10120D9E700BF606856
:1032D000B0F5803F08D1E7480838006840F48030F6
:1032E000E449083908601EE06068B0F5A02F0DD1F0
:1032F000E0480838006840F48020DE49083908605A
:103300000846006840F4803008600CE0D94808386E
:10331000006820F48030D749083908600846006802
:1033200020F48020086000BF606890B1FEF700FCC8
:10333000054606E0FEF7FCFB401B642801D903208C
:103340009EE7CC4808380068C0F340400028F1D020
:1033500011E0FEF7EDFB054606E0FEF7E9FB401B3A
:10336000642801D903208BE7C24808380068C0F3FD
:1033700040400028F1D1207800F0020002285FD1FF
:10338000BC48006800F00C0058B1BA48006800F072
:103390000C0008281CD1B748001F006800F480000A
:1033A000B0B9B44808380068C0F3400020B1E06804
:1033B000012801D0012063E7AE480838006820F0FA
:1033C000F800216940EAC100AA490839086037E0DD
:1033D000E06800B30120A8490860FEF7A9FB054694
:1033E00006E0FEF7A5FB401B022801D9032047E7B2
:1033F000A04808380068C0F340000028F1D09D487C
:103400000838006820F0F800216940EAC1009949B5
:103410000839086014E0002097490860FEF788FB2F
:10342000054606E0FEF784FB401B022801D9032075
:1034300026E7904808380068C0F340000028F1D122
:10344000207800F0080008282CD16069A8B101207C
:103450008A490860FEF76CFB054606E0FEF768FB4C
:10346000401B022801D903200AE782486C3000681B
:10347000C0F340000028F1D014E000207F4908602C
:10348000FEF756FB054606E0FEF752FB401B0228FE
:1034900001D90320F4E677486C300068C0F340009F
:1034A0000028F1D1207800F00400042870D1002712
:1034B00070483830006800F0805090B900BF00209C
:1034C00000906C483830006840F0805069493831CD
:1034D00008600846006800F08050009000BF00BF00
:1034E00001276748006800F48070B0B9644800683C
:1034F00040F4807062490860FEF71AFB054606E05A
:10350000FEF716FB401B022801D90320B8E65C48F1
:10351000006800F480700028F2D000BFA068012885
:1035200008D154486830006840F0010051496831C2
:1035300008601DE0A06805280DD14E48683000687D
:1035400040F004004B49683108600846006840F0CC
:10355000010008600CE047486830006820F0010076
:103560004449683108600846006820F0040008609B
:1035700000BFA068A8B1FEF7DBFA054609E0FEF738
:10358000D7FA401B41F28831884202D9032077E6FE
:1035900026E0384868300068C0F340000028EED0CC
:1035A00013E0FEF7C5FA054608E0FEF7C1FA401B36
:1035B00041F28831884201D9032061E62D48683004
:1035C0000068C0F340000028EFD1012F07D129483F
:1035D0003830006820F0805026493831086000BF3C
:1035E000A069002845D02348006800F00C00082896
:1035F0005DD0A069022845D100201F490866FEF76A
:1036000097FA054606E0FEF793FA401B022801D917
:10361000032035E6174808380068C0F340600028EA
:10362000F1D1D4E907010843616A40EA811101221E
:10363000A06AC2EB500041EA00412C20005D41EA43
:1036400000600C49091F086001200B490866FEF75D
:103650006FFA054606E0FEF76BFA401B022801D917
:1036600003200DE6034808380068C0F340600028D6
:10367000F1D049E00838024000004742800E47423E
:1036800000700040002021490866FEF751FA054607
:1036900006E0FEF74DFA401B022801D90320EFE5B2
:1036A0001B480068C0F340600028F2D12CE0A069FC
:1036B000012800D1E4E51648001D0668A06901282C
:1036C00020D006F48001E06981421BD106F03F0161
:1036D000206A814216D147F6C0703040616AB0EB73
:1036E000811F0FD106F440310122A06AC2EB5000C5
:1036F000B1EB004F06D106F070612C20005DB1EBFC
:10370000006F01D00120BBE50020B9E50000474271
:103710000038024010B504460CB9012010BD606AA3
:1037200038B96068B0F5827F00D105E00021E16121
:1037300002E00021216161610021A16294F8510041
:1037400028B9002084F85000204600F047F80220F5
:1037500084F851002068006820F04000216808606B
:10376000A08800F48270218901F404410843A189F2
:1037700001F400610843217C01F002010843217D2E
:1037800001F001010843218B01F400710843217FFE
:1037900001F0380108432021095D01F08001084350
:1037A000218D01F400510843216808600421A069BB
:1037B00001EA104094F8241001F010010843216838
:1037C00048602068C06920F400602168C86100205A
:1037D0006065012084F8510000209FE710B586B095
:1037E0000446142101A8FCF735FD1B4920688842D6
:1037F00030D100BF002000901848006840F400401D
:10380000164908600846006800F40040009000BFB8
:1038100000BF00BF0020009010481038006840F042
:1038200004000E49103908600846006800F00400E2
:10383000009000BF00BF4FF4E050019002200290C2
:1038400000200390032004900620059001A904485D
:10385000FEF766F806B010BD003C0040403802405C
:10386000000802402DE9FF5F0446884691461D4648
:103870000E9E012002900020019000BF94F850009D
:10388000012803D1022004B0BDE8F09F012084F894
:10389000500000BFFEF74CF9074694F851B060683D
:1038A0000390AA46BBF1010F0BD00398B0F5827FBD
:1038B00004D1A06810B9BBF1040F02D0022001901E
:1038C000DBE0B8F1000F03D0B9F1000F00D015B95B
:1038D00001200190D1E094F85100042802D0052085
:1038E00084F8510000206065C4F83890E587A5870A
:1038F000C4F83080E586A58620646064206800688E
:1039000000F04000402805D02068006840F04000EA
:1039100021680860E068B0F5006F4AD1606810B1B6
:10392000BAF1010F09D1206B00882168C860206BB3
:10393000801C2063E08E401EE08633E020688068B3
:1039400000F00200022810D1E08E70B10298012828
:103950000BD1206B00882168C860206B801C20631D
:10396000E08E401EE086002002902068806800F013
:10397000010068B1E08F58B12068C068A16B088071
:10398000A06B801CA063E08F401EE08701200290A6
:10399000FEF7CEF8C01BB04204D3701C10B1032058
:1039A00001906AE0E08E0028C8D1E08F0028C5D1E0
:1039B0004AE0606810B1BAF1010F09D1206B0078BC
:1039C00021680873206B401C2063E08E401EE08657
:1039D00034E02068806800F00200022810D1E08EF8
:1039E00070B1029801280BD1206B00782168087310
:1039F000206B401C2063E08E401EE0860020029079
:103A00002068806800F0010068B1E08F58B120683C
:103A1000C068A16B0870A06B401CA063E08F401EC3
:103A2000E08701200290FEF783F8C01BB04201D36B
:103A3000701C00B916B9032001901EE0E08E00282A
:103A4000C7D1E08F0028C4D13A463146204602F063
:103A5000A1FF20B101200190202060650DE0A06849
:103A600050B900BF002000902068C0680090206816
:103A70008068009000BF00BF00BF012084F85100A3
:103A800000BF002084F8500000BF0198FBE670B52D
:103A900004460E4615460CB9012070BD94F8490045
:103AA00028B9002084F84800204600F01CF804F1F2
:103AB00008012068FDF72CFC3146A2682068FDF75C
:103AC00055FC2946236BD4E90102FDF7FDFBA168F3
:103AD000206850F8210040F00100A268216841F8F8
:103AE00022000020D9E710B50446FDF77FFE10BD87
:103AF00070B504462546681EB0F1807F01D30120D1
:103B00000FE0681E4FF0E02148610F214FF0FF30B9
:103B100006F000FF00204FF0E021886107200861D7
:103B2000002070BD10B504460CB9012010BDA0697D
:103B300000B100E000BF94F83D0028B9002084F8EF
:103B40003C00204600F028F8242084F83D0020683E
:103B5000C06820F400502168C860204603F0E4F9F2
:103B60002068006920F4904021680861206840695D
:103B700020F02A00216848612068C06840F40050A5
:103B80002168C86000202064202084F83D0084F86B
:103B90003E000020CAE7000010B586B0044614219C
:103BA00001A8FCF757FB1B49206888422FD100BFB2
:103BB000002000901848006840F020001649086076
:103BC0000846006800F02000009000BF00BF00BF62
:103BD0000020009010481438006840F004000E499E
:103BE000143908600846006800F00400009000BF27
:103BF00000BFC0200190022002900020039003200B
:103C000004900820059001A90448FDF789FE06B03C
:103C100010BD00000014014044380240000802407A
:103C20002DE9F84F04460E46174699464FF0000A14
:103C300094F83D0020285AD106B117B90120BDE8FB
:103C4000F88F00BF94F83C00012801D10220F6E76C
:103C5000012084F83C0000BF00202064212084F86B
:103C60003D00FDF765FF8246A784E784A068B0F5B4
:103C7000805F04D1206910B90025B04602E03546C6
:103C80004FF0000800BF002084F83C0000BF1BE09C
:103C90005346002280212046CDF8009003F05AFAC6
:103CA00008B10320CBE745B9B8F80000C0F308001D
:103CB0002168486008F1020803E02878216848601C
:103CC0006D1CE08C401EE084E08C0028E0D153465F
:103CD000002240212046CDF8009003F03BFA08B1C5
:103CE0000320ACE7202084F83D000020A7E7022055
:103CF000A5E700BFFEE7014608684069C0F38020E1
:103D0000B0B16FF480600A68506100200863202021
:103D100081F83D00002081F83E00086C40F004006E
:103D2000086400BF002081F83C0000BF01207047FC
:103D30000020FCE72DE9F84304460F461546994656
:103D4000DDE908862068006840F48060216808602A
:103D50002068006840F480702168086043460022B3
:103D60004FF001112046009600F032F960B1206852
:103D7000006800F48070B0F5807F02D14FF40070CD
:103D800020640320BDE8F88307F0FE002168086185
:103D9000334642463E49204600F05DF908B1012015
:103DA000F0E700BF00200090206840690090206884
:103DB0008069009000BF00BF32464146204600F0B7
:103DC000ECF950B1206C042805D12068006840F45B
:103DD0000070216808600120D4E7B9F1010F03D118
:103DE000E8B22168086117E0C5F30720216808617F
:103DF00032464146204600F0D0F950B1206C0428EC
:103E000005D12068006840F4007021680860012036
:103E1000B8E7E8B22168086132464146204600F022
:103E2000BCF950B1206C042805D12068006840F42A
:103E30000070216808600120A4E72068006840F451
:103E4000807021680860434600224FF0011120462F
:103E5000009600F0BDF858B12068006800F480704A
:103E6000B0F5807F02D14FF400702064032089E711
:103E7000F8B240F001002168086133464246044927
:103E8000204600F0E8F808B101207BE7002079E740
:103E9000020001002DE9F84304468846154699467C
:103EA000DDE908672068006840F4807021680860D8
:103EB000334600224FF001112046009700F088F8A9
:103EC00060B12068006800F48070B0F5807F02D196
:103ED0004FF4007020640320BDE8F88308F0FE0072
:103EE000216808613B4632462149204600F0B3F87C
:103EF00008B10120F0E700BF002000902068406971
:103F0000009020688069009000BF00BF3A463146AB
:103F1000204600F042F950B1206C042805D12068F9
:103F2000006840F40070216808600120D4E7B9F10E
:103F3000010F03D1E8B22168086117E0C5F307203B
:103F4000216808613A463146204600F026F950B112
:103F5000206C042805D12068006840F400702168B6
:103F600008600120B8E7E8B2216808610020B3E7E3
:103F70000200010070B504460D46164620E02046BA
:103F8000FFF7B9FE08B1012070BD681CC0B1FDF794
:103F9000CFFD801BA84200D895B9002020632020C7
:103FA00084F83D00002084F83E00206C40F02000A2
:103FB000206400BF002084F83C0000BF0120E3E73C
:103FC00020684069C0F380000028D8D00020DBE7DB
:103FD0002DE9F04104460D4617461E46DDF81880CF
:103FE0001CE0701CD0B1FDF7A3FDA0EB0800B042AF
:103FF00000D89EB900202063202084F83D000020D6
:1040000084F83E00206C40F02000206400BF0020B7
:1040100084F83C0000BF0120BDE8F081C5F30740F3
:1040200001280AD120684069A9B20840A9B2884293
:1040300001D101200BE0002009E020688069A9B2CD
:104040000840A9B2884201D1012000E00020B84216
:10405000C7D00020E0E72DE9F04104460D461646A2
:104060001F463DE020684069C0F38020E8B1206829
:10407000006840F40070216808606FF48060216877
:10408000486100202063202084F83D00002084F84F
:104090003E00206C40F00400206400BF002084F843
:1040A0003C0000BF0120BDE8F081701CC0B1FDF7ED
:1040B0003FFDC01BB04200D896B9002020632020ED
:1040C00084F83D00002084F83E00206C40F0200081
:1040D000206400BF002084F83C0000BF0120E2E71C
:1040E000C5F3074001280AD120684069A9B20840F9
:1040F000A9B2884201D101200BE0002009E020682C
:104100008069A9B20840A9B2884201D1012000E02B
:1041100000200028A6D00020C5E770B504460D4653
:10412000164632E020684069C0F30010A0B16FF07D
:1041300010002168486100202063202084F83D00A1
:10414000002084F83E00206C206400BF002084F82A
:104150003C0000BF012070BDFDF7EAFC801BA842B7
:1041600000D895B900202063202084F83D0000206D
:1041700084F83E00206C40F02000206400BF002046
:1041800084F83C0000BF0120E5E720684069C0F3E7
:1041900080100028C6D00020DDE770B504460D462B
:1041A000164620E02046FFF7A6FD08B1012070BDAD
:1041B000681CC0B1FDF7BCFC801BA84200D895B9B3
:1041C00000202063202084F83D00002084F83E0079
:1041D000206C40F02000206400BF002084F83C00E8
:1041E00000BF0120E3E720684069C0F3C010002849
:1041F000D8D00020DBE730B50B46002100BF16E029
:104200000A24B4EB107F05D9302404EB107403F8B2
:10421000114005E0412404EB10740A3C03F81140FE
:10422000000100254C00641C1D554C1CE1B291425C
:10423000E6DB30BD2DE9F04F85B004460E469146D1
:104240009A4600254AE134F81500C0F3471814F8DF
:104250001500A0EB4810C7B2B9F1010F7ED1B8F13B
:10426000000F26D137B934F81510D6F8840046F877
:10427000210031E11F2F06D134F81510D6F8F800CF
:1042800046F8210028E134F81520213256F8221092
:1042900034F815201F3256F82200FBF7EDFF834655
:1042A0004FF08041FCF772F834F8151046F8210001
:1042B00012E1B8F1170F26D137B934F81510D6F836
:1042C000040B46F8210007E11F2F06D134F8151022
:1042D000D6F8780B46F82100FEE034F815201F3A96
:1042E00056F8221034F81520213A56F82200FBF730
:1042F000C3FF83464FF08041FCF748F834F81510AF
:1043000046F82100E8E0AFB934F81520213256F81C
:10431000221034F815201F3A56F82200FBF7ACFFA4
:1043200083464FF08041FCF731F834F8151046F819
:104330002100D1E01F2F17D134F815201F3256F875
:10434000221034F81520213A56F82200FBF794FF8A
:1043500083464FF08041FCF719F800E025E034F87F
:10436000151046F82100B7E034F81500213856F84A
:104370002000019034F815001F3856F820000290F4
:1043800034F815001F3056F82000039034F815005B
:10439000213056F820000490042101A806F02DFADF
:1043A00034F8151046F8210096E04FB934F815009E
:1043B000401C56F8200034F8151046F821008BE018
:1043C000012F01D01E2F15D134F81520521C56F89C
:1043D000221034F81520521E56F82200FBF74CFF2D
:1043E00083464FF08041FBF7D1FF34F8151046F8B3
:1043F000210071E01F2F09D134F81500401E56F836
:10440000200034F8151046F8210065E034F8151046
:10441000891E88B2514605F06BF9D0BB34F81510EF
:10442000891C88B2514605F063F990BB34F8152019
:10443000921C56F8221034F81520521C56F822000F
:10444000FBF76CFF019034F81520921E56F82210ED
:1044500034F81520521E56F82200FBF75FFF029039
:10446000029806F00CFA8346019806F008FA5946BD
:104470000090FCF7FDF90DD234F81520521E56F8C5
:1044800022000299FBF7F8FE34F8151046F82100D7
:1044900022E00CE034F81520521C56F82200019955
:1044A000FBF7EAFE34F8151046F8210014E034F862
:1044B0001520521C56F8221034F81520521E56F8BA
:1044C0002200FBF7D9FE83464FF08041FBF75EFFE9
:1044D00034F8151046F82100681CC5B234F81500F0
:1044E0004FF6FF7188427FF4AEAE05B0BDE8F08FA5
:1044F0000FB5A9B02998B0F882061290DDE929011C
:1045000000F014FD2890DDE9290100F093FC2790CC
:10451000FE492798FBF7B0FE269026990846FBF740
:1045200003FF269026990846FBF7FEFE2690F749E2
:104530002C98FBF7A1FE259025990846FBF7F4FE81
:10454000259025990846FBF7EFFE2590DDE925012A
:10455000FBF7E4FE0B902B99FBF718FF0C902599C5
:10456000FBF7DFFE24902A9890F84C0F0790FCF799
:10457000F2F802460B46CDE9080100204FF08041D9
:104580000CF056FBCDE90A01FCF74BF911902A9883
:1045900000F5805090F84D020790FCF7DCF80246D9
:1045A0000B46CDE9080100204FF080410CF040FBA4
:1045B000CDE90A01FCF735F910902A9890F84A06DF
:1045C0000790FCF7C8F802460B46CDE90801002029
:1045D0004FF080410CF02CFBCDE90A01FCF721F9EA
:1045E0000F902A98C06ACA490A90FBF79DFE4FF0C7
:1045F0007E510B90FBF740FE01460C904FF07E5031
:10460000FBF7C4FE14904FF07E5015902A98B0F935
:1046100044000A90FCF780F80B902A98006B014642
:104620000A900B98FBF780FE4FF07E510C90FBF741
:1046300023FE16902A98B0F94610B0F94400081AE3
:104640000990FCF769F80A902A98406B0146099096
:104650000A98FBF769FE4FF07E510B90FBF70CFEBA
:104660000C90169801460B900C98FBF75DFE179086
:104670002998B0F814060C90FCF757F82390A54938
:104680002398FCF7F5F805D24FF08F412398FBF7FC
:1046900045FE23902A98B0F914000B90FCF73CF8E3
:1046A0000C902399FBF772FE23902998B0F88006AE
:1046B00000F4805040111E902998B0F810060C901C
:1046C000FCF733F821902998B0F850060C90FCF7CD
:1046D0002CF8229000200C9024E021A90C9851F88D
:1046E00020008C490B90FCF7C3F80CD221A90C9840
:1046F00051F820004FF08F410B90FBF70FFE21AADD
:104700000C9942F8210021A90C9851F820000B9037
:104710002399FBF709FE21AA0C9942F821000C9875
:10472000401C0C900C980228D7DB7B492898FBF79B
:10473000F5FD08902A98C069014607900898FBF794
:10474000F3FD4FF07E510990FBF796FD73490B90F6
:104750002798FBF7E3FD06902A98006A014605902A
:104760000698FBF7E1FD4FF07E510790FBF784FDC3
:1047700009902A9800F58050B0F958020790FBF78D
:10478000CBFF08900999FBF7CFFD0A900B99FBF737
:10479000CBFD0C90219801460B900C98FBF7C1FDC6
:1047A00021902A9890F825101E9881423DD15A49AF
:1047B0002898FBF7B3FD08902A98C0690146079036
:1047C0000898FBF7B1FD4FF07E510990FBF754FDBF
:1047D00052490B902798FBF7A1FD06902A98006A92
:1047E000014605900698FBF79FFD4FF07E5107901C
:1047F000FBF742FD099041F258212A980844B0F98C
:1048000002000790FBF788FF08900999FBF78CFDE1
:104810000A900B99FBF788FD0C90229801460B90AB
:104820000C98FBF77EFD229047E03B492898FBF768
:1048300075FD08902A98C069014607900898FBF713
:1048400073FD4FF07E510990FBF716FD33490B9035
:104850002798FBF763FD06902A98006A01460590A9
:104860000698FBF761FD4FF07E510790FBF704FDC2
:10487000099041F258212A980844B0F902000690A4
:10488000FBF74AFF07902A9800F58050D0F85C02A9
:10489000014606900798FBF7EFFC08900999FBF793
:1048A00043FD0A900B99FBF73FFD0C9022980146BF
:1048B0000B900C98FBF735FD229000200C90E8E15E
:1048C0000C98C1170A9000EBD16041110C98C217E7
:1048D0000B9000EB92608011A1EB400040B21D9064
:1048E0000C980B9000EBD07041100C98A0EB41019C
:1048F0001D98414048B21C900C98801CC11708902C
:1049000000EB917081100C98C01C09E03393884330
:104910000000204200FEFF46333353400000C841F0
:10492000C217099000EB9270A1EBA0010C98401CFB
:10493000C2170A9000EB927001EBA0010C98C2170D
:104940000B9000EB9270A1EBA0011D984000C0F10C
:104950000100414348B21A901E9810B91D981B904F
:1049600001E01C981B902998B0F882161B98814290
:104970007DD10C99299830F811000B90FBF7D5FEEA
:104980002090C7492098FBF773FF05D24FF08F4165
:104990002098FBF7C3FC209023992098FBF7C4FCD8
:1049A00020902A9800F64C400C9940560A90FBF74C
:1049B000B3FE0B901199FBF7E9FC0E902A9800F6D4
:1049C0004D700C9940560A90FBF7A6FE0B9010997B
:1049D000FBF7DCFC0D90B3492898FBF79FFC079090
:1049E0000D99FBF7A1FC4FF07E510890FBF744FCBA
:1049F000AD490A902798FBF791FC05900E99FBF7BB
:104A000093FC4FF07E510690FBF736FC08902A98F5
:104A100000F24C600C9930F911000690FBF77CFE17
:104A200007900899FBF780FC09900A99FBF77CFC3A
:104A30000B902099FBF775FC20902A9890F8251090
:104A40001E9881422AD01A98FBF766FE099041F21F
:104A50005C212A9808444068014608900998FBF7B1
:104A600063FC0B901D984000401E079000E00DE194
:104A7000FBF752FE089041F25C212A9808448068B6
:104A8000014607900898FBF74FFC09902099FBF727
:104A9000F3FB0A900B99FBF741FC209021A9129897
:104AA00051F820000A902A98806909900A99FBF72A
:104AB0003BFC0B902099FBF734FC20902B9920981D
:104AC000FBF764FC20902A984A300C9930F81100CA
:104AD0000990FBF72AFE0B9074480F99FBF724FC12
:104AE0000A900B99FBF752FC1F906F492798FBF730
:104AF00015FC09902A98806A014608900998FBF7EE
:104B000013FC4FF07E510A90FBF7B6FB0B901F99F8
:104B1000FBF70AFC1F9024991F98FBF705FC0990EE
:104B20002099FBF7A9FB0B901F990846FBF7FCFBAC
:104B300009901F99FBF7F8FB0A900B99FBF7F4FB20
:104B40001990199805F09FFE0A9005F09CFE0B90B5
:104B50002A98006B01460A900B98FBF7E5FB199029
:104B60002A98006B52490390FBF7DEFB4FF07E5111
:104B70000490FBF7D6FB05901F99FBF7D5FB069039
:104B80001999FBF779FB014607902098FBF7FEFB8C
:104B900008902499FBF770FB099005F074FE0A90C9
:104BA00005F071FE42490B90FBF7B8FB18902A986C
:104BB000B0F942000A90FBF7AFFD0B901899FBF794
:104BC00057FE02D2002013901DE02A98B0F944004D
:104BD0000A90FBF7A1FD0B901899FBF749FE02D252
:104BE000012013900FE02A98B0F946000A90FBF7D5
:104BF00093FD0B901899FBF73BFE02D20220139015
:104C000001E0032013902A984030139930F91100E5
:104C10000190FBF781FD02901899FBF782FB03904E
:104C20002A982C30139950F82100014602900398DD
:104C3000FBF77AFB4FF07E510490FBF71DFB14A9A4
:104C40000690139851F82000014604901F98FBF736
:104C50006BFB05900699FBF767FB014607902098D0
:104C6000FBF794FB08902499FBF706FB099005F0ED
:104C70000AFE0A9005F007FE0D490B90FBF74EFB6C
:104C800018900C9A2E99189841F822000C98401C04
:104C90000C900C98B0F5407FFFF612AE2DB000BD21
:104CA00000FEFF46333353400000C841BD37863510
:104CB0003393884370B505460C4623464FF4507233
:104CC0004FF41051284600F095F970BD70B50446B8
:104CD0000D4600262946204604F05CFE2946204663
:104CE00004F07CFF2946204604F0D4FE29462046E5
:104CF00004F032FE2946204605F078FD294620467C
:104D000004F0D2FE2946204604F0ECFE2946204657
:104D100004F024FD2946204604F0CAFF2946204617
:104D200005F017FA2946204605F00EFC29462046D4
:104D300005F0EFFA2946204604F046FE29462046B3
:104D400005F058F90646304670BD2DE9FC41804615
:104D50000D4601270124002600270EE06B460122A4
:104D6000D103404600F046F9044614B12046BDE8A0
:104D7000FC81BDF8000000F00807002FEED026E00F
:104D800030224FF40041404600F064F90446601CB4
:104D900008B92046EBE72B464FF450724FF4806180
:104DA000404600F027F904460CB12046DFE76B4689
:104DB0000122D103404600F01DF904460CB1204603
:104DC000D5E7BDF8000000F00807701CC6B20FB1AF
:104DD000052ED5DB042E02DD6FF00700C7E701AB1F
:104DE000012248F20D01404600F004F90446BDF8E6
:104DF0000400A5F88006BDF8000000F00100A5F849
:104E000082060CB12046B2E7B5F88206AFE7F8B5E6
:104E100006466B46012248F20D01304600F0EAF8E2
:104E200005460DB12846F8BDBDF80000C0F3C21418
:104E30002046F8E72DE9F04F89B081460C4621461F
:104E4000484600F073F80690B9F84006FBF76DFC91
:104E5000079032490798FBF70BFD05D24FF08F41C1
:104E60000798FBF75BFA0790B9F80006FBF75DFCC3
:104E700082462A495046FBF7FBFC05D24FF08F4192
:104E80005046FBF74BFA82460022254B1046590349
:104E90000BF0CEFE0746884621690798FBF744FAD7
:104EA00051460190FBF7E8F9014602900798FBF79D
:104EB0006DFA0390FBF7A2FC3A464346CDE90401A4
:104EC000FBF749FB0546FBF7ACFC8246A089FBF7E4
:104ED0002CFC804613490698FBF720FA0590616880
:104EE000FBF722FA07464FF07E51FBF7C5F906465D
:104EF00031465046FBF74AFA05464146FBF70EFAA3
:104F000083465846A168FBF741FA05460649FBF778
:104F1000B3F98346584609B0BDE8F08F00FEFF465E
:104F200000003240333353400000C8412DE9F04FB8
:104F300087B005460C46B5F85406FBF7F6FB064667
:104F400028493046FBF794FC05D24FF08F4130469C
:104F5000FBF7E4F90646B5F88006C0F3812A50460F
:104F6000FBF7E8FB07463A460B4600204FF080412E
:104F70000BF05EFECDE9020194F82400FBF7EBFB99
:104F800007463A460B4600204FF080410BF050FE9A
:104F9000CDE90001DDE90223FBF74FFBCDE9040178
:104FA000FBF73FFC8146B4F90000FBF7B5FB059029
:104FB000B4F90200FBF7B0FB834631464846FBF7E5
:104FC000B3F959460490FBF7A9F980460599FBF718
:104FD000DDF907460449FBF74FF90646304607B0AE
:104FE000BDE8F08F00FEFF463333534010B500F0AC
:104FF000A5FB10BD2DE9FE4F8046894615461F468C
:105000003E464FF0000A00244FF6FF7101EA4500CA
:10501000CDE900600291002040EA480110234A4691
:105020000B48FCF773FE8246BAF1000F02D0601EF7
:10503000BDE8FE8F002405E0611C705C325D725497
:105040003055A41CB4EB450FF6DB0020F0E7000060
:10505000304100202DE9FF4105460E4614464FF031
:105060000008002040EA4500C7B220128DF80C006D
:10507000E0B28DF80D004FF6FF70022103AA102355
:10508000CDE900210290324639460D48FCF7B8FFC1
:105090008046B8F1000F04D04FF0FF3004B0BDE8F7
:1050A000F081084B012231462846FFF7A3FF05484F
:1050B0000088A04202D06FF00100EFE70020EDE78A
:1050C00030410020A0010020F8B506466B460122C1
:1050D00048F20D013046FFF78DFF054655B9BDF882
:1050E000000040F48054224648F20D013046FFF79C
:1050F000B1FF05462846F8BDF8B507460C466007DF
:10510000850D6B46012248F20D013846FFF772FF0C
:10511000064666B9BDF800004FF67F4108400543DA
:10512000AAB248F20D013846FFF794FF0646304612
:10513000F8BD70B50546D5F8BC4204B970BD41F262
:1051400010002044007B50B941F2100020448068D8
:1051500028B1607A18B90121284602F06CFD81213E
:10516000284602F068FD607A022807D1812128468E
:1051700002F061FD0121284602F05DFD00BFDDE780
:1051800070B50546D5F8BC4204B970BD41F21000B7
:105190002044406841F230012144486041F210004F
:1051A0002044806841F23001214488600121284672
:1051B00002F0DEFB1F2816D141F2100000592E49E3
:1051C000884210D141F210002044407B01280AD8C7
:1051D00041F210002044807B28B141F210002044AD
:1051E000807B10280ED941F210002044417B2023FF
:1051F0000522284601F08AF9022060722846FFF74E
:1052000098FF36E041F210002044417B41F210004B
:1052100022180F32284600F05DFD00280BDA207AB4
:10522000052804D10121284600F0E6F821E02846AF
:10523000FFF77FFF1DE0207A022819D0207A01288D
:1052400016D0207A032813D0E06830B104F11001A1
:105250002846E26800F0F4F80BE0E06820B900218D
:10526000284600F0C9F804E02846FFF762FF00E096
:105270008BE700BF89E700005553424370B50646EF
:105280000D46D6F8BC4204B970BD607A022808D138
:105290008121304602F0CFFC0121304602F0CBFCE8
:1052A0000CE005F08000802807D1607A012804D046
:1052B0000121304600F0A0F800E0E5E700BFE3E799
:1052C00070B505460E46D5F8BC4204B970BD207ACB
:1052D000022804D0032815D0042818D111E041F287
:1052E00010002044417B41F2100022180F32284662
:1052F00000F0F0FC002803DA0121284600F07CF8D9
:1053000006E000BF0021284600F076F800E000BF6C
:1053100000BF00BFDAE770B505460E46D5F8BC42BF
:1053200004B970BD207A10B1012816D103E02846D7
:10533000FFF726FF12E041F210002044417B41F2CA
:10534000100022180F32284600F0C4FC002803DAAF
:105350000121284600F050F800E000BF00BF00BF68
:10536000DFE70146D1F8BC0208B1002202727047A3
:1053700070B50546D5F8BC4204B970BD0020207256
:105380006072002141F261000155401E0155801CF0
:105390000155D5F8C0020168002088470121284640
:1053A00002F0D3FA8121284602F0CFFA1F2341F2FE
:1053B000100022180121284602F07CFB00BFDCE728
:1053C00070B50546D5F8BC4204B970BD0020207206
:1053D000012060728121284602F0C6F90121284689
:1053E00002F0C2F91F2341F21000221801212846C1
:1053F00002F060FB00BFE8E770B505460E46D5F841
:10540000BC4204B970BD0D4941F230000151204445
:105410000673002020720D2341F2300022188121F2
:10542000284602F034FC1F2341F21000221801210B
:10543000284602F03FFB00BFE4E70000555342530B
:105440002DE9F04106460F461546D6F8BC4241F21A
:10545000100020448068A84204D241F21000204489
:10546000806800E0284680460CB9BDE8F08141F232
:10547000300020448068401B41F2300121448860A4
:10548000002041F230012144087304202072434679
:105490003A468121304602F0FAFB00BFE5E7000002
:1054A0001FB5002000900190029003901548164906
:1054B00008604FF48030486000211348816001612A
:1054C000017680F82010C162104981620021C1601C
:1054D0000121C161002180F8301001214161FCF7F8
:1054E000FDF808B1FBF7BAFE002000900120019002
:1054F0000020029069460448FCF72AF808B1FBF73F
:10550000ADFE1FBD00200140984000200100000FAB
:1055100010B503490348FBF7A4FE0349087010BD0A
:10552000A3010020AC010020A201002000B587B03B
:105530001C216846FAF78EFE4FF02040184908609B
:10554000184848600620886000211548C160016144
:105550001021416100218161C161016241624FF40A
:10556000805181620021C1620163416381634164B2
:10557000012000900F200190012002900390102044
:1055800004901120059000200690002269460448EE
:10559000FEF77DFA08B1FBF761FE07B000BD000021
:1055A000E0400020040100A000B587B0142102A84B
:1055B000FAF750FE00BF002001905D48006840F0FF
:1055C00080005B4908600846006800F08000019098
:1055D00000BF00BF00BF002001900846006840F0F7
:1055E000010008600846006800F00100019000BF5B
:1055F00000BF00BF002001900846006840F0200076
:1056000008600846006800F02000019000BF00BF5D
:1056100000BF002001900846006840F010000860BC
:105620000846006800F01000019000BF00BF00BFF6
:10563000002001900846006840F00200086008461B
:10564000006800F00200019000BF00BF00BF002012
:1056500001900846006840F00800086008460068AD
:1056600000F00800019000BF00BF00BF00200190C3
:105670000846006840F0040008600846006800F032
:105680000400019000BF00BF00BF00200190084649
:10569000006840F0400008600846006800F04000E4
:1056A000019000BF00BF002202212248FCF73AFA15
:1056B00000224FF400412048FCF734FA0122D103C4
:1056C0001C48FCF72FFA48F20200029001200390D8
:1056D00004900020059002A91648FCF721F90C203F
:1056E00002904FF4041003900120049002A9114885
:1056F000FCF716F94FF4004002900120039004904B
:105700000020059002A90C48FCF70AF90022114676
:105710000820FCF7EFFD0820FCF7DCFD0022114615
:105720000920FCF7E7FD0920FCF7D4FD07B000BD18
:1057300030380240000002400004024010B50B481F
:105740000B4908600B484860002109488160C1602E
:105750004FF480410161002141618161C1610162B9
:10576000FCF7ECF908B1FBF779FD10BD00580040DB
:105770003041002040420F0010B50E480E4908602D
:105780004FF48270486000210B488160C160016164
:1057900041614FF4007181611021C16100210162FA
:1057A000416281620A21C162FDF7B4FF08B1FBF7D3
:1057B00055FD10BD003C00408441002010B50B4851
:1057C0000B4908604FF4E1304860002108488160CF
:1057D000C16001610C21416100218161C161FEF75D
:1057E000A1F908B1FBF73AFD10BD0000001401401B
:1057F000DC41002010B500220D490E4801F097FF52
:1058000008B1FBF72BFD0C490A4802F0ACFB08B1CC
:10581000FBF724FD0949074802F0DDFA08B1FBF760
:105820001DFD044802F080FC08B1FBF717FD10BD18
:105830002C00002020420020B40000208000002026
:1058400000BFFEE710B50122D1030248FCF76AF958
:1058500010BD00000000024010B500224FF40041CE
:105860000148FCF75FF910BD0000024010B50122AD
:10587000D1030248FCF756F910BD000000000240B9
:1058800001B582B0002001903220012301AA02A9B3
:1058900000900348FDF7E6FF9DF804000EBD0000F0
:1058A0008441002000BFFEE710B50248FCF753FF1B
:1058B00010BD0000F04600202DE9F04704460D46DB
:1058C00026683746D6F8408007F5306000EB451073
:1058D000D0F80890104880450BD909F40040B0F585
:1058E000004F06D14FF4004107F5306000EB451042
:1058F00081602046FDF737FB0748804508D92069BD
:10590000012805D104F571720121206803F058F9CE
:105910000020BDE8F08700000A30544F2DE9F04721
:1059200005460C46D5F800804646D8F8409006F566
:10593000306000EB441087682869012873D107F0B4
:10594000080008280FD1524881450BD907F40040C0
:10595000B0F5004F06D14FF4004106F5306000EB82
:105960004410816091E007F02000202806D120211A
:1059700006F5306000EB4410816086E007F02800F7
:1059800000280ED1424881450CD907F40040B0F5FB
:10599000004F07D14FF4004106F5306000EB441092
:1059A000816072E0C4EBC40105F5FE7000EB81007C
:1059B000816806F5306000EB44100069C0F3120006
:1059C000091AC4EBC40205F5FE7000EB8200816188
:1059D000C4EBC40105F5FE7000EB8100C4EBC4020A
:1059E000C16805F5FE7000EB820080680144C4EBDD
:1059F000C40205F5FE7000EB8200C1606CB9C4EB17
:105A0000C40105F5FE7000EB8100406928B905F579
:105A100071720121286803F0D3F8E1B22846FCF73F
:105A2000FFFC32E0FFE71B4881451BD107F4004033
:105A3000B0F5004F07D14FF4004106F5306000EBA0
:105A40004410816021E007F02000202805D12021AA
:105A500006F5306000EB44108160E1B22846FCF7A7
:105A6000DFFC12E06CB9C4EBC40105F5FE7000EB7D
:105A70008100406928B905F571720021286803F09A
:105A80009FF8E1B22846FCF7CBFC0020BDE8F08788
:105A90000A30544F0A31544F2DE9F84F07460E464D
:105AA000D7F80090C846C6EBC60107F13C0000EBF2
:105AB0008104D4E90510884202D90120BDE8F88F9D
:105AC000D4E90501451AA068A84200D2A568E81CDF
:105AD0004FEA900A17E0D4E90501451AA068A842E8
:105AE00000D2A568E81C4FEA900A387CABB2F2B24B
:105AF00000904846E16803F059FCE0682844E06003
:105B0000A0692844A06108F5106000EB4610806988
:105B100080B2504506D3D4E90510884202D26069AC
:105B20000028D8D1D4E9050188420ED806F00F012B
:105B3000012000FA01FB40F6340050F8080020EA8A
:105B40000B0040F6340141F808000020B6E770472A
:105B500030B503460C46D3F8BC1211B94FF0FF30F4
:105B600030BD107920B9002541F26200455403E0B0
:105B7000012541F2620045540020C86000BFEFE7F4
:105B80002DE9F0410446884615461E46D4F8BC72FD
:105B90001FB94FF0FF30BDE8F081A91941F268004C
:105BA000C059814208D9212305224146204600F0F0
:105BB000ADFC4FF0FF30EEE70020ECE72DE9F047B9
:105BC000064689461446D6F8BC521DB94FF0FF3040
:105BD000BDE8F08741F210002844806858B941F2CE
:105BE00010002844417B20230522304600F08EFC23
:105BF0004FF0FF30ECE7607800F00100E0B1A078F2
:105C000028B906221749284600F02DFD28E0A07883
:105C1000802805D108221449284600F024FD1FE001
:105C200041F210002844417B24230522304600F035
:105C30006DFC4FF0FF30CBE7D6F8C002C06909EB2E
:105C4000C90100EB8107387900F10508207940454A
:105C500001DC94F8048042463946284600F003FDF2
:105C60000020B5E7560100205C0100202DE9F0413D
:105C7000054688461446D5F8BC721B261FB94FF05E
:105C8000FF30BDE8F081207AB04200DC267A32464F
:105C90000249384600F0E7FC0020F2E77B010020D3
:105CA0002DE9F041054688461446D5F8BC72172602
:105CB0001FB94FF0FF30BDE8F0812079B04200DC21
:105CC000267932460249384600F0CDFC0020F2E742
:105CD000640100202DE9F041054688461646D5F8B6
:105CE000BC721FB94FF0FF30BDE8F0813078252835
:105CF00059D00FDC1A2841D005DCE0B1032821D0AF
:105D0000122873D125E01B282AD01E282FD0232843
:105D10007BD141E05A2838D006DC282851D02A28E7
:105D20005DD02F2871D169E09E2843D0A8284FD09C
:105D3000AA286AD15BE032464146284600F053FC6F
:105D400004466CE032464146284600F07BFB0446A0
:105D500065E0324641462846FFF730FF04465EE0E4
:105D600032464146284600F000FC044657E03246E1
:105D700041462846FFF7ECFE044650E032464146D5
:105D80002846FFF78DFF044649E032464146284643
:105D9000FFF76CFF044642E032464146284600F0D9
:105DA00002FB04463BE032464146284600F032FA08
:105DB000044634E032464146284600F07FFA044665
:105DC0002DE032464146284600F016F9044626E00A
:105DD00032464146284600F092F904461FE032461A
:105DE0004146284600F07FFC044618E00DE03246AC
:105DF0004146284600F01DFD044610E0324641466B
:105E0000284600F044FC044609E0202305224146D0
:105E1000284600F07BFB02207872C41E00BF00BF42
:105E2000204661E72DE9F04106460F46D6F8BC4210
:105E300041F27000005941F26401095B00FB01F579
:105E40001CB94FF0FF30BDE8F081B5F5805F01D29D
:105E5000284601E04FF48050054641F26400005BA3
:105E6000B5FBF0F01FFA80F841F26C000259D6F849
:105E7000C002434604F11001D0F810C03846E04794
:105E8000002808DA112304223946304600F03EFB90
:105E90004FF0FF30D7E72B4604F110028121304646
:105EA00001F0F5FE41F26400005BB5FBF0F141F258
:105EB0006C000059014441F26C00015141F2640050
:105EC000005BB5FBF0F141F270000059411A41F25C
:105ED0007000015141F2300020448068401B41F2C3
:105EE00030012144886041F27000005908B9032054
:105EF00020720020A7E72DE9F04106460F46D6F8AC
:105F0000BC4241F27000005941F26401095B00FBA0
:105F100001F51CB94FF0FF30BDE8F081B5F5805FA9
:105F200001D2284601E04FF48050054641F264005A
:105F3000005BB5FBF0F01FFA80F841F26C000259EB
:105F4000D6F8C002434604F11001D0F814C0384618
:105F5000E047002808DA032304223946304600F0DF
:105F6000D5FA4FF0FF30D7E741F26400005BB5FB94
:105F7000F0F141F26C000059014441F26C00015112
:105F800041F26400005BB5FBF0F141F27000005992
:105F9000411A41F27000015141F230002044806802
:105FA000401B41F230012144886041F270000059E9
:105FB00020B900213046FFF71FFA1BE041F27000C4
:105FC000005941F26401095B4843B0F5805F07D294
:105FD00041F27000005941F26401095B484301E05D
:105FE0004FF4805005462B4604F110020121304643
:105FF00001F060FD00208FE72DE9F04106460F46D5
:106000001546D6F8BC421CB94FF0FF30BDE8F08110
:10601000207A00286BD141F210002044007B00F070
:10602000800080280BD041F210002044417B2023C7
:106030000522304600F06AFA4FF0FF30E6E741F201
:106040006200005D022808D13A2302223946304618
:1060500000F05CFA4FF0FF30D8E7D6F8C002816854
:106060003846884740B13A2302223946304600F08C
:106070004DFA4FF0FF30C9E7A8780006E97840EA0A
:106080000140297940EA01206979084341F26C0115
:106090000851287AE97940EA012141F27000015162
:1060A0000359001F025939463046FFF769FD0028A1
:1060B00002DA4FF0FF30A9E741F27000005941F2D7
:1060C0006401095B484341F2100121448968884218
:1060D0000BD041F210002044417B202305223046A2
:1060E00000F014FA4FF0FF3090E7022020724FF4D6
:1060F0008050E06039463046FFF794FE86E72DE990
:10610000F04106460F461546D6F8BC421CB94FF082
:10611000FF30BDE8F081207A002873D141F21000F1
:106120002044007B00F0800080280BD041F210005A
:106130002044417B20230522304600F0E7F94FF050
:10614000FF30E6E741F26200005D022808D13A2301
:1061500002223946304600F0D9F94FF0FF30D8E737
:10616000D6F8C00281683846884740B13A230222F7
:106170003946304600F0CAF94FF0FF30C9E7A87839
:106180000006E97840EA0140297940EA012069796E
:10619000084341F26C010851A8790006E97940EA08
:1061A0000140297A40EA0120697A084341F27001EE
:1061B000085108460359001F025939463046FFF777
:1061C000DFFC002802DA4FF0FF30A2E741F2700056
:1061D000005941F26401095B484341F21001214436
:1061E000896888420CD041F210002044417B202372
:1061F0000522304600F08AF94FF0FF3089E701E0D0
:10620000022020724FF48050E06039463046FFF79C
:1062100009FE7EE72DE9F04105460F469046D5F888
:10622000BC421CB94FF0FF30BDE8F081D5F8C00288
:10623000436841F264002218001D2118384698472F
:10624000064626B941F26200005D022808D13A23D1
:1062500002223946284600F059F94FF0FF30E3E7B3
:1062600041F268000059401E000E207441F268009F
:106270000059401E010C617441F26800005B401E31
:10628000010AA17441F26800005D401EE07441F211
:106290006400005B0116217541F26400005B01148B
:1062A000617541F26400005B0112A17541F2640066
:1062B000015DE1750820E0600020B5E72DE9F047B9
:1062C000074689461546D7F8BC421CB94FF0FF3047
:1062D000BDE8F087D7F8C002436841F26400221895
:1062E000001D2118484698478046B8F1000F04D198
:1062F00041F26200005D022808D13A230222494699
:10630000384600F003F94FF0FF30E1E7A87A0006C5
:10631000E97A40EA0140297B40EA0120697B084391
:10632000E060002605E0002104F110008155701C9A
:10633000C6B2E068B042F6D841F268000059401E8B
:10634000010E217541F268000059401E010C617573
:1063500041F26800005B401E010AA17541F268002D
:10636000005D401EE07541F26400005B011621767D
:1063700041F26400005B0114617641F26400005B4D
:106380000112A17641F26400015DE176A87A00066F
:10639000E97A40EA0140297B40EA0120697B084311
:1063A000E060002094E72DE9FC47064688469146C8
:1063B000D6F8BC421CB94FF0FF30BDE8FC87D6F8D8
:1063C000C00201AA6946436840469847074627B974
:1063D00041F26200005D022808D13A2302224146C0
:1063E000304600F093F84FF0FF30E6E7002505E077
:1063F000002104F110004155681C85B20C2DF7D323
:106400000821E1740098401E010E21750098401E7D
:10641000010C61750098401E010AA1750098401E8C
:10642000E07502212176BDF8040001146176BDF803
:1064300004000112A176BDF80400E0760C20E060B3
:106440000020BAE72DE9F041074688461646D7F8FE
:10645000BC421CB94FF0FF30BDE8F08141F21000A2
:106460002044806858B941F210002044417B202329
:106470000522384600F04AF84FF0FF30ECE70025DF
:1064800005E0002104F110004155681CC5B2122D31
:10649000F7D3702020740C21E1754FF48350015D17
:1064A000401C005D814228D04FF48350015D04F50B
:1064B000825010F83110A1744FF48350015D04F53F
:1064C000825000EBC100017921774FF48350015DC8
:1064D00004F5825000EBC100417961774FF483509D
:1064E000005D401CC1B24FF483500155005D04288B
:1064F00003D100214FF4835001551220E060307920
:10650000122801D83079E0600020A5E7F0B50446F4
:10651000D4F8BC0200B9F0BD41F261052E5C00F573
:10652000825505F8362041F261052E5C00F5825552
:1065300005EBC6052B71002641F261052F5C00F5C5
:10654000825505EBC7056E7141F261052D5C6D1C2E
:10655000EEB241F261052E542D5C042D03D10026CC
:1065600041F261052E5400BFD5E7F0B506460F464F
:106570001546D6F8BC4214B94FF0FF30F0BD41F2D9
:106580006200005D01280DD1287900F00300022887
:1065900008D12423052239463046FFF7B7FF4FF0D4
:1065A000FF30EBE7287900F00300012804D1002137
:1065B00041F26200015512E0287900F00300022840
:1065C00004D1022141F26200015508E0287900F06F
:1065D0000300032803D1002141F26200015500208D
:1065E000E06000BFCAE72DE9F04105460E461746B8
:1065F000D5F8BC421CB94FF0FF30BDE8F08141F244
:1066000010002044806858B141F210002044417BC2
:10661000202305222846FFF779FF4FF0FF30ECE7F3
:1066200041F26200005D022809D13A23022231467C
:106630002846FFF76BFF05202072801FDDE7D5F8A5
:10664000C00281683046884748B13A230222314669
:106650002846FFF75BFF05202072801FCDE7002052
:10666000E06000BFC9E730B503460C46114613B9D8
:106670004FF0FF3030BDD96005E0481E81B2655C47
:1066800003F1100045540029F7D10020F2E72DE96D
:10669000F04105460F461646D5F8BC421CB94FF0EE
:1066A000FF30BDE8F081707800F00200022808D1C8
:1066B0002423052239462846FFF728FF4FF0FF30F4
:1066C000EFE741F270000359001F0259394628468E
:1066D000FFF756FA002802DA4FF0FF30E1E700201A
:1066E000E06000BFDDE72DE9F0410646884615462B
:1066F000D6F8BC421CB94FF0FF30BDE8F081207ADB
:1067000000287CD141F210002044806858B941F241
:1067100010002044417B202305223046FFF7F6FE7F
:106720004FF0FF30E9E741F210002044007B00F019
:10673000800080280BD141F210002044417B2023AF
:1067400005223046FFF7E2FE4FF0FF30D5E7D6F8DE
:10675000C00281684046884740B13A230222414640
:106760003046FFF7D3FE4FF0FF30C6E7D6F8C00241
:10677000C1684046884740B127230222414630463F
:10678000FFF7C4FE4FF0FF30B7E7A8780006E978BE
:1067900040EA0140297940EA01206979084341F241
:1067A0006C010851287AE97940EA012141F2700030
:1067B00001510359001F025941463046FFF7E0F9E5
:1067C000002802DA4FF0FF3097E741F270000059DD
:1067D00041F26401095B00FB01F741F21000204423
:1067E0008068B8420CD041F210002044417B202345
:1067F00005223046FFF78AFE4FF0FF307DE711E0BB
:10680000B7F5805F01D2384601E04FF4805007466B
:10681000012020723B4604F110020121304601F0B4
:1068200049F904E041463046FFF765FB65E7002083
:1068300063E72DE9F041064688461546D6F8BC4286
:106840001CB94FF0FF30BDE8F081207A00287ED1DE
:1068500041F210002044806858B941F210002044F1
:10686000417B202305223046FFF750FE4FF0FF30DA
:10687000E9E741F210002044007B00F0800080280E
:106880000BD141F210002044417B202305223046E9
:10689000FFF73CFE4FF0FF30D5E7D6F8C002816825
:1068A0004046884748B13A23022241463046FFF726
:1068B0002DFE05202072801FC5E7D6F8C002C168F2
:1068C0004046884748B12723022241463046FFF719
:1068D0001DFE05202072801FB5E7A8780006E97824
:1068E00040EA0140297940EA01206979084341F2F0
:1068F0006C010851A8790006E97940EA0140297A3B
:1069000040EA0120697A084341F2700108510846C3
:106910000359001F025941463046FFF731F900285C
:1069200002DA4FF0FF308EE741F27000005941F279
:106930006401095B00FB01F741F21000204480680C
:10694000B8420DD041F210002044417B00E019E034
:10695000202305223046FFF7D9FD4FF0FF3072E7C4
:10696000B7F5805F01D2384601E04FF4805007460A
:10697000012020723B4604F110020121304601F053
:1069800099F804E041463046FFF7B5FA5BE700208E
:1069900059E700007CB504460D46164616480068C7
:1069A0001821B0FBF1F01549B0FBF1F04FF47A710A
:1069B000484301906068B0F5827F0DD12B460022DC
:1069C00080212046009600F01BF898B1606D40F0E1
:1069D0002000606503207CBD00BF019800B908E07D
:1069E0000198401E019020688068C0F3C010002804
:1069F000F3D100BF0020EEE7AC00002040420F00C2
:106A00002DE9F84F04460D4690461E46DDF82890C5
:106A1000FBF78EF8A0EB0900371AFBF789F88246DE
:106A20002C480068C0F3CB307843009045E0701CE0
:106A3000002842D0FBF77CF8A0EB0A00B84200D255
:106A4000A7BB2068406820F0E000216848606068CB
:106A5000B0F5827F0DD1A068B0F5004F03D0A068DB
:106A6000B0F5806F05D12068006820F040002168F3
:106A70000860A06AB0F5005F0DD100BF2068006813
:106A800020F40050216808602068006840F400503D
:106A90002168086000BF012084F8510000BF002079
:106AA00084F8500000BF0320BDE8F88FFFE700988E
:106AB00000B900270098401E009020688068284098
:106AC000A84201D1012000E000204045AFD10020C4
:106AD000EAE70000AC00002003464FF400600860C5
:106AE00040001080002070470020704710B5044619
:106AF00002F0DEFC002010BD014600207047014678
:106B0000002070472DE9F04107460C4615461E4609
:106B100001200649087032032903204602F0F2FCE6
:106B2000002002490870BDE8F08100007C000020D0
:106B30002DE9F04107460D4616461C46012007493F
:106B400008704FF6FF7000EA04323103284602F065
:106B500047FD002001490870BDE8F0817C0000205D
:106B6000704730B501460A461378521C147843EA40
:106B7000042030BD0146002902DBB1F5407F01DB76
:106B800000207047014850F82100FAE798340020AF
:106B90002DE9F05FADF5B45D7A480788B0F8028062
:106BA00007EB4709C9F1000000F0030A09EB0A00EE
:106BB00000FB08F10DF58050C0F87C16D0F87C067B
:106BC00000F136010DF58050C0F8781644F64251B8
:106BD000A0F86816D0F87816C0F86A160021A0F858
:106BE0006E16A0F870163621C0F872162821C0F86B
:106BF0004016C0F84476C0F848860121A0F84C162B
:106C00001821A0F84E160021C0F85016D0F87C16B6
:106C1000C0F8541640F61331C0F85816C0F85C1688
:106C20000021C0F86016C0F864160E2200F5CD6190
:106C30005548F9F7F6FA28220DF5B25152480E30B0
:106C4000F9F7EFFA514802680068401C4F4B50A119
:106C500018600DF5B15003F02DFE0A220DF5B1516B
:106C60000DF5BE6005F062FA04463CB121464CA029
:106C700003F010FE0DF5B45DBDE8F09F0DF2EC538E
:106C800036224149181D05F08FFC044644B12146C7
:106C90004BA003F0FFFD0DF5BE6004F0BFFEE9E779
:106CA000A8F1010656E0002530E0B1B2A8B209F023
:106CB00033F81FFA80FB4FEADB20C0EB00201F21D6
:106CC00090FBF1F0C1B21191CBF34510C0EB002065
:106CD0003F2190FBF1F0C1B210910BF01F00C0EB0F
:106CE00000201F2190FBF1F0C1B20F9105EB450090
:106CF00012AA0F99115405EB4500401C109911542C
:106D000005EB4500801C119911546D1CBD42CCDB74
:106D10000DF2EC534A4612A9181D05F045FC044635
:106D20002CB1224631462EA003F0B4FD14E0BAF196
:106D3000000F0ED00DF2EC5352463249181D05F0EB
:106D400033FC04462CB1224631462FA003F0A2FDAD
:106D500002E0761E002EA6DA00BF4CB90DF5BE602B
:106D600005F0D2FB0DF5B15130A003F093FD03E027
:106D7000214635A003F08EFD0DF5BE6004F04EFEF9
:106D800000BF77E7C05B0020D0010020200000207A
:106D9000303A494D47253033642E424D50000000B3
:106DA0004661696C656420746F206F70656E204267
:106DB0004D502066696C653A2025640D0A0000007C
:106DC000424D502068656164657220777269746510
:106DD000206661696C65643A2025640D0A00000034
:106DE000424D50206C696E6520777269746520662B
:106DF00061696C656420617420793D25643A2025C1
:106E0000640D0A00DC190108424D502070616420B5
:106E10007772697465206661696C656420617420AD
:106E2000793D25643A2025640D0A0000536176659A
:106E3000642073637265656E20696D6167653A20D1
:106E400025730D0A000000004661696C65642074BA
:106E50006F207361766520424D502066696C653AFB
:106E60002025640D0A00000010B5FBF7BFF910BD26
:106E700000B593B0302107A8F9F7ECF9142102A866
:106E8000F9F7E8F900BF002001902448006840F0BD
:106E90008050224908600846006800F08050019048
:106EA00000BF00BF00BF002001901D48006840F4F3
:106EB00080401B4908600846006800F4804001904B
:106EC00000BF00BF012007900004089002200D9031
:106ED00041050E9119210F914FF4A87110910221D3
:106EE00011910721129107A8FCF7C6F908B1FAF72A
:106EF000B5F90F20029002200390002004904FF477
:106F0000A05005904FF480500690052102A8FCF790
:106F100073F808B1FAF7A2F913B000BD4038024087
:106F200000700040704700002DE9F84F04462068CB
:106F3000006920F44050E168084321680861216934
:106F4000A068084361690843E1690843009020682C
:106F5000C06849F20C618843009908432168C86001
:106F60002068406920F44070A169084321684861A5
:106F700076492068884203D075492068884203D149
:106F8000FCF712F9814602E0FCF7FEF88146E06961
:106F9000B0F5004F6CD102206168A0FB01500346A0
:106FA0001920A9FB007001462A463846F9F708F96E
:106FB0006421B0FBF1F04FEA001A02206168A0FBE7
:106FC00001510B461920A9FB00712A463846F9F7F2
:106FD000F7F8834602206168A0FB015003461920A0
:106FE000A9FB00712A463846F9F7EAF86421B0FB9C
:106FF000F1F000EBC00101EB0010ABEB800032219F
:1070000001EBC0006421B0FBF1F000F0F8000AEBE6
:10701000400A02206168A0FB015003461920A9FB29
:10702000007001462A463846F9F7CAF8834602201E
:107030006168A0FB015003461920A9FB00712A4694
:107040003846F9F7BDF86421B0FBF1F000EBC00160
:1070500001EB0010ABEB8000322101EBC00064219A
:10706000B0FBF1F000F007005044216888606AE04E
:1070700004206168A0FB015003461920A9FB0070A1
:1070800001462A463846F9F79BF882460420616893
:10709000A0FB015003461920A9FB007001462A46B7
:1070A0003846F9F78DF86421B0FBF1F000EBC00130
:1070B00001EB0010AAEB8000322101EB00106421EB
:1070C000B0FBF1F000F0F00A04206168A0FB017051
:1070D00003461920A9FB00513A462846F9F770F8F3
:1070E0006421B0FBF1F00AEB001A04206168A0FBF8
:1070F00001510B461920A9FB00712A463846F9F7C1
:107100005FF8834604206168A0FB01500346192004
:10711000A9FB007001462A463846F9F751F8642168
:10712000B0FBF1F000EBC00101EB0010ABEB800015
:10713000322101EB00106421B0FBF1F000F00F00F0
:10714000504421688860BDE8F88F000000100140BD
:10715000001401402DE9F04104460D4617469846BB
:10716000069E34E0701C88B32EB1FAF7E1FCA0EB68
:107170000800B0422BD900BF00BF21680C3151E894
:10718000001F21F4D07021680C3141E80002002A70
:10719000F3D100BF00BF00BF2168143151E8001FC8
:1071A00021F001002168143141E80002002AF3D1E6
:1071B00000BF202084F83D0084F83E0000BF00207E
:1071C00084F83C0000BF0320BDE8F081FFE72068A1
:1071D00000682840A84201D1012000E00020B84208
:1071E000C0D00020F0E770B504460D46D4F8B802D0
:1071F00028B1D4F8B80229464268204690470020BA
:1072000070BD70B504460D4694F89C02012804D068
:10721000022803D003280CD101E000BF00BF68881A
:10722000012805D10020C4F8A402204600F04AF845
:1072300004E02946204600F01BF800BF00BF70BDE7
:1072400070B506460C4615462B46224600213046B0
:1072500000F030FC002070BD70B506460C461546A7
:107260002B4622460021304600F011FD002070BD63
:1072700070B504460D468021204600F0DCFC00215C
:10728000204600F0D8FC70BD10B504460520C4F8B7
:10729000940200231A461946204600F00BFC0020F9
:1072A00010BD70B504460E4615460220C4F894027F
:1072B000A561E5612B4632460021204600F0E7FC3F
:1072C000002070BD10B504460420C4F894020023C9
:1072D0001A461946204600F0DAFC002010BD0000D6
:1072E00070B505460C462DB92246064906A000F0A9
:1072F000DEF904E02246034903A000F0D8F9014872
:1073000070BD0000F04400204D534320436F6E6673
:10731000696700000246122008800148704700009B
:107320004800002070B505460C462DB92246064996
:1073300006A000F0BCF904E02246034903A000F0D7
:10734000B6F9014870BD0000F04400204D534320C1
:10735000496E746572666163650000000246042030
:1073600008800148704700005C00002070B50546A9
:107370000C462246024903A000F099F9004870BD6E
:10738000F044002053544D6963726F656C656374FB
:10739000726F6E696373000070B505460C462DB9B7
:1073A0002246064906A000F082F904E0224603497D
:1073B00003A000F07CF9014870BD0000F0440020FB
:1073C00053544D3332204D6173732053746F726187
:1073D0006765000070B505460C461A202080FAF754
:1073E0009DF8014870BD00006000002070B50446A3
:1073F0000D46E888012804D029462046FFF738FFCB
:107400001EE094F89C02012804D0022803D003282F
:1074100010D109E000BF0020A060012204F10801A2
:107420002046FFF73EFF0AE00122211D2046FFF71C
:1074300038FF04E029462046FFF71AFF00BF00BFCF
:1074400070BDF8B504460E460020009000270025C8
:1074500070880012082875D2DFE800F0C7040C20FD
:10746000C7C7A5B5207CD4F8B4120A68694690470E
:107470000746C1E0207C40B9D4F8B802816A68466A
:10748000884707460220787007E0D4F8B802C16A3E
:1074900068468847074602207870ADE0B078062835
:1074A00078D2DFE800F00316293C5063D4F8B40228
:1074B000406838B1207CD4F8B4124A6869469047D5
:1074C000074605E031462046FFF7D2FE681CC5B2EC
:1074D00067E0D4F8B402806838B1207CD4F8B412E4
:1074E0008A6869469047074605E031462046FFF71F
:1074F000BFFE681CC5B254E0D4F8B402C06838B10D
:10750000207CD4F8B412CA6869469047074605E063
:1075100031462046FFF7ACFE681CC5B241E0D4F806
:10752000B402006938B1207CD4F8B4120A69694603
:107530009047074605E031462046FFF799FE681C54
:10754000C5B22EE051E0D4F8B402406938B1207CD5
:10755000D4F8B4124A6969469047074605E03146B7
:107560002046FFF785FE681CC5B21AE0D4F8B402C5
:10757000806940B1207CD4F8B4128A69694690478A
:10758000074606E006E031462046FFF771FE681C1C
:10759000C5B206E031462046FFF76AFE681CC5B258
:1075A00000BF00BF28E0207C30B9D4F8B802416B9E
:1075B00068468847074605E031462046FFF758FEF3
:1075C000681CC5B218E0207C40B9D4F8B802016B41
:1075D0006846884707460720787005E03146204610
:1075E000FFF746FE681CC5B206E031462046FFF7AD
:1075F0003FFE681CC5B200BF00BF05B1F8BDF088F2
:10760000C0B1BDF8000080B1F088BDF8001088421C
:1076100002DDBDF8000000E0F0880090BDF8002019
:1076200039462046FFF73DFE07E031462046FFF78A
:107630001FFE02E02046FFF745FE00BFDEE70146E1
:1076400000200A4602E0431CD8B2521C1378002BDB
:10765000F9D1704770B504460D4694F89C02012894
:1076600004D0022803D003281AD101E000BF00BFD4
:10767000E888022804D029462046FFF7F9FD14E0E7
:107680000120E060D4F8A40218B1E06840F00200E4
:10769000E060022204F10C012046FFF702FE04E044
:1076A00029462046FFF7E4FD00BF00BF70BD2DE96D
:1076B000F04107460D46904600240FB9BDE8F08121
:1076C0003E463046FFF7BBFF022101EB4000A8F821
:1076D000000098F800002855601CC4B2032028550B
:1076E000601CC4B208E030782855761C601CC4B217
:1076F00000202855601CC4B230780028F3D100BFA8
:10770000DCE70146002031B1012906D0022906D06C
:10771000032908D105E0002007E0032005E001204F
:1077200003E0032001E0032000BF00BF70472DE904
:10773000F04104460D46164614B90320BDE8F08119
:107740000020C4F8B802C4F8C002C4F8CC020DB1DD
:10775000C4F8B452012084F89C022670204600F040
:1077600011F907463846E9E72DE9F04104460D4690
:10777000002600272946D4F8C402FAF79DFE0646E3
:107780003046FFF7BEFF07463846BDE8F0812DE9D9
:10779000F04104460D46002600272946D4F8C402CD
:1077A000FAF755FE06463046FFF7ABFF0746384668
:1077B000BDE8F0812DE9F04104460F469046002FC8
:1077C00054D104F11405D4F89402022843D1D5E928
:1077D000020188420FD9D5E90201401AA86041464A
:1077E0002046AA68FFF738FD00231A4619462046AE
:1077F00000F060F92FE0D5E90210884217D1E9685E
:107800006868884213D36868D4F8981288420ED208
:10781000002211462046FFF71FFD0020C4F8980201
:1078200000231A461946204600F044F913E094F864
:107830009C02032808D1D4F8B802C06820B1D4F85B
:10784000B802C168204688478021204600F0F3F93D
:107850002046FFF719FD94F8A002012819D120460F
:1078600000F098FB002084F8A00212E094F89C023B
:1078700003280ED1D4F8B802406950B1D4F8B80248
:107880003946426920469047064616B13046BDE863
:10789000F0810020FBE72DE9F04105460F469046B8
:1078A0005FBB05F5AA74D5F89402032838D1D4E952
:1078B0000201884210D9D4E90201401AA060D4E93B
:1078C0000201884201D2A06800E0E0680246414619
:1078D0002846FFF7B5FC23E095F89C02032808D161
:1078E000D5F8B802006920B1D5F8B8020169284678
:1078F00088472846FFF7E6FC12E095F89C0203282B
:107900000ED1D5F8B802806950B1D5F8B802394621
:10791000826928469047064616B13046BDE8F08198
:107920000020FBE701460020704710B50446012007
:1079300084F89C02D4F8B80228B12179D4F8B802AE
:10794000426820469047002010BD2DE9F0410446D2
:107950000D46002600272946D4F8C402FAF7EAFDAE
:1079600006463046FFF7CDFE07463846BDE8F081B3
:1079700070B504460D462946D4F8C402FAF7FCFD5A
:1079800070BD000010B50446207800282AD11648A2
:10799000C0F80444C4F8C4024FF0A0401249086083
:1079A0000420486002211048C160002101610221C9
:1079B00081610021C16101624162C1620163FBF723
:1079C0008AF908B1F9F74AFC80210748FAF7E5FC83
:1079D000402200210448FAF7E5FC802201210248F8
:1079E000FAF7E0FC002010BDF046002010B502467A
:1079F000D2F8C43201F08000802809D101F07F0064
:107A0000C0EBC00403F13C0000EB8400807810BDA3
:107A100001F07F00C0EBC00403F5FE7000EB8400B2
:107A20008078F4E770B504460D46D4F8B80208B97A
:107A3000032070BD94F89C02032809D1D4F8B80241
:107A4000006A28B1D4F8B8022946026A2046904755
:107A50000020EEE770B504460D46D4F8B80208B928
:107A6000032070BD94F89C02032809D1D4F8B80211
:107A7000406A28B1D4F8B8022946426A20469047A5
:107A80000020EEE72DE9F04704460F4615461E4656
:107A90004FF00008C1462B4632463946D4F8C4029E
:107AA000FAF775FD80464046FFF72BFE81464846B3
:107AB000BDE8F0872DE9F04704460D4616461F46FF
:107AC0004FF00008C1463B4632462946D4F8C4026E
:107AD000FAF7A3FD80464046FFF713FE814648466D
:107AE000BDE8F08710B50446012084F89C02002010
:107AF000C4F894026060C4F8A402D4F8B80208B9CB
:107B0000032010BDD4F8BC0248B1D4F8B8024068D4
:107B100028B12179D4F8B802426820469047402322
:107B2000002211462046FFF7ADFF01214FF4B2704D
:107B300001534021001F0151402300228021204693
:107B4000FFF7A0FF0121A184402121620020D8E796
:107B5000014691F89C02042803D191F89D0281F816
:107B60009C020020704710B50446D4F8B80208B94A
:107B7000032010BD94F89C02032808D1D4F8B80261
:107B8000C06920B1D4F8B802C169204688470020F6
:107B9000EFE702461174002070472DE9F0410446DA
:107BA0000D46002600272946D4F8C402FBF7C0F989
:107BB00006463046FFF7A5FD07463846BDE8F0818A
:107BC00070B504460D46294604F2AA2000F0B0F92B
:107BD0000120C4F894024FF42C70005BC4F89802A2
:107BE00094F8AA0200F01F0020B1012809D0022851
:107BF00015D10DE004F2AA21204600F09BFA0646BA
:107C000016E004F2AA21204600F0FDFB06460FE034
:107C100004F2AA21204600F0E0FA064608E094F8B3
:107C2000AA0200F08001204600F005F8064600BFD9
:107C300000BF304670BD2DE9F04104460D460026D8
:107C400000272946D4F8C402FAF713FD0646304649
:107C5000FFF757FD07463846BDE8F08170B504468A
:107C600000250026D4F8C402FBF786F9054628460D
:107C7000FFF747FD0646304670BD014691F89C026D
:107C800081F89D02042081F89C02002070472DE9B4
:107C9000F04704460D4616461F464FF00008C14601
:107CA0003B4632462946D4F8C402FAF727FD8046FF
:107CB0004046FFF726FD81464846BDE8F08770B58F
:107CC00004460D4629462046FDF7FAFA002070BD0D
:107CD00070B504460D4629462046FDF71CFB0020E2
:107CE00070BD70B504460D4601212046FFF74FFDDB
:107CF0000021A4F8781181212046FFF748FD0021DA
:107D00002187D4F8BC0248B12046FDF72AFBD4F8FD
:107D1000BC0200F0B7FB0020C4F8BC02002070BD1C
:107D200001460A2008800148704700004C010020ED
:107D30000146202008800148704700000C01002007
:107D4000014620200880014870470000EC00002018
:107D50000146202008800148704700002C010020C7
:107D600070B504460E4641F2740000F08DFB0546E6
:107D700025B90020C4F8BC02022070BDC4F8BC5272
:107D8000207C90B94FF40073022201212046FFF7B6
:107D900079FE0121A4F878114B02022281212046AC
:107DA000FFF770FE0121218710E04023022201210C
:107DB0002046FFF767FE0121A4F878114023022234
:107DC00081212046FFF75EFE012121872046FDF735
:107DD000CFFA0020D1E7024609B903207047C2F864
:107DE000C0120020FAE7F8B505460C46D5F8BC628B
:107DF0000027002000900EB90320F8BD207800F085
:107E0000600000283DD0202871D16078FE2802D083
:107E1000FF282ED11AE0608890B9E08801280FD1A0
:107E2000207800F0800080280AD1D5F8C012886937
:107E300080473060012231462846FFF732FA04E0DD
:107E400021462846FFF714FA032718E0608850B946
:107E5000E08840B9207800F08000802803D02846D0
:107E6000FDF7AEFA04E021462846FFF701FA0327A2
:107E700005E021462846FFF7FBF9032700BF00BFB6
:107E800053E0607830B1012832D00A2812D00B2894
:107E90003DD11FE095F89C02032805D102226946D6
:107EA0002846FFF7FEF904E021462846FFF7E0F9EF
:107EB000032732E095F89C02032805D10122311DE9
:107EC0002846FFF7EEF904E021462846FFF7D0F9EF
:107ED000032722E095F89C02032802D1A078706065
:107EE00004E021462846FFF7C3F9032715E016E012
:107EF00095F89C02032809D1608838B92179284671
:107F0000FFF723FD21792846FDF7B8F905E0214662
:107F10002846FFF7ADF9032700BF00BF05E0214663
:107F20002846FFF7A5F9032700BF00BF384664E7DE
:107F300070B505460E46344620782870641C2078BB
:107F40006870641C2046FEF70CFE6880641C641C8C
:107F50002046FEF706FEA880641C641C2046FEF73F
:107F600000FEE88070BD38B504460D460020009044
:107F70000DB9032038BDC4F8B852D4F8B802C06AAD
:107F800030B1D4F8B802C16A68468847C4F8CC0258
:107F90000020EFE701460020704770B504460D460B
:107FA000A88810BBE88800BB688880281DD2A87804
:107FB00000F07F0694F89C02032804D1294620464D
:107FC000FFF756F915E084F89E6231462046FFF728
:107FD000E4FD2046FFF776F91EB1022084F89C02EA
:107FE00007E0012084F89C0203E029462046FFF7C1
:107FF0003FF970BD70B504460D460326D4F8B802AB
:1080000030B1D4F8B80229460268204690470646A7
:10801000304670BD70B504460E460025B0783B4929
:10802000087008460078012805D931462046FFF738
:108030001FF9032070BD94F89C02022802D0032887
:1080400056D11CE031480078A8B130480078606013
:108050002E4801782046FFF7CDFF054625B1314671
:108060002046FFF705F909E02046FFF72BF903202A
:1080700084F89C0202E02046FFF724F943E02348FD
:10808000007870B9022084F89C0220480078606073
:108090001E4801782046FFF7A6F82046FFF712F9A0
:1080A00025E01A490978606888421DD02179204668
:1080B000FFF799F815480078606014480178204669
:1080C000FFF798FF05465DB131462046FFF7D0F82F
:1080D00021792046FFF787F8022084F89C0206E009
:1080E0002046FFF7EFF802E02046FFF7EBF80AE042
:1080F00031462046FFF7BCF8044801782046FFF7D8
:1081000072F8032500BF00BF284693E7B0000020A7
:1081100070B505460C466088012804D1C5F8A40254
:108120002846FFF7CFF870BD10B504462046FFF78C
:1081300095FD10BD70B505460C460026207800F070
:10814000600068B1202802D040283ED100E000BF86
:10815000D5F8B8022146826828469047064639E09D
:1081600060780A282AD2DFE800F01A24291F290A99
:108170000529150F21462846FFF763F923E021461C
:108180002846FFF70AFF1EE021462846FFF742FF78
:10819000064618E021462846FFF728F913E0214655
:1081A0002846FFF757FA0EE021462846FFF7B0FFB2
:1081B00009E021462846FFF724F804E02146284636
:1081C000FFF756F800BF00BF04E021462846FFF73E
:1081D0004FF800BF00BF304670BD2DE9F0410546A5
:1081E0000E464FF000083479307800F0600068B136
:1081F000202802D0402871D100E000BFD5F8B80295
:1082000031468268284690478046F8E0707800281A
:1082100065D001282FD0032870D195F89C02022840
:1082200002D0032820D110E054B1802C08D0214680
:108230002846FFF700FD80212846FFF7FCFC03E0FD
:1082400031462846FFF714F813E0708840B93CB176
:10825000802C05D0F08818B921462846FFF7EBFCA2
:108260002846FFF72FF804E031462846FFF700F8CC
:1082700000BF00BFBCE095F89C02022802D0032892
:1082800025D110E054B1802C08D021462846FFF7B4
:10829000D2FC80212846FFF7CEFC03E03146284679
:1082A000FEF7E6FF18E0708880B904F07F0018B18F
:1082B00021462846FFF758FA2846FFF703F8D5F875
:1082C000B8023146826828469047804604E031462D
:1082D0002846FEF7CDFF00BF00BF89E08AE095F891
:1082E0009C02022802D0032876D126E03CB1802CE3
:1082F00005D031462846FEF7BBFF72E073E004F07C
:108300008000802808D104F07F0000EB800105F197
:10831000140000EB810007E004F07F0000EB800117
:1083200005F5AA7000EB81000746002038600222A4
:1083300039462846FEF7B5FF53E004F08000802858
:108340000ED104F00F0000EB800105F1140000EBEA
:108350008100008A98B931462846FEF789FF40E03F
:1083600004F00F0000EB800105F5AA7000EB81001E
:10837000008A20B931462846FEF77AFF31E004F042
:108380008000802808D104F07F0000EB800105F117
:10839000140000EB810007E004F07F0000EB800197
:1083A00005F5AA7000EB810007460CB1802C02D1C4
:1083B0000020386009E021462846FFF717FB10B17E
:1083C0000120386001E0002038600222394628464A
:1083D000FEF767FF05E0FFE731462846FEF748FF56
:1083E00000BF00BF04E031462846FEF741FF00BF52
:1083F00000BF04E031462846FEF73AFF00BF00BF49
:108400004046BDE8F08170B505460C460026207850
:1084100000F0600030B1202802D040282AD100E0CE
:1084200000BF00BF95F89C02012804D0022803D0A9
:10843000032818D101E000BF00BF207901280DD822
:10844000D5F8B80221468268284690470646E0885B
:1084500040B93EB92846FEF735FF03E021462846DD
:10846000FEF706FF04E021462846FEF701FF00BFA5
:1084700000BF04E021462846FEF7FAFE00BF00BF19
:10848000304670BD7047000001460148704700004B
:10849000F84A002070B504460B46224619785878F1
:1084A00001282CD140F61C0080581D7805F00F06DD
:1084B0000125B540ADB2284340F61C05A85002F591
:1084C000106000EB4110006800F40040F0BB188918
:1084D000C0F30A00DD7840EA854040EA815040F070
:1084E000805040F4004002F5106505EB41152D6801
:1084F000284302F5106505EB411528602DE040F694
:108500001C0080581D7805F00F060125B540144E5B
:1085100006EA0545284340F61C05A85002F53060E0
:1085200000EB4110006800F4004078B91889C0F3EE
:108530000A00DD7840EA854040F0805040F4004079
:1085400002F5306505EB41152D6800E005E0284394
:1085500002F5306505EB41152860002070BD000074
:108560000000FFFF01460A464FF410608058C30A1E
:10857000DB024FF41060835040F60400805840F452
:10858000807340F604008350002070470FB470B52C
:1085900004460A98012817D1A06B20F48030A0630C
:1085A000E0681A490840E060E06820F44010E060AC
:1085B0001198012803D1E06840F48010E060204663
:1085C00000F026F8054612E0E06840F04000E06068
:1085D000204600F01DF805460E9820B9A06B40F427
:1085E0008030A06303E0A06B20F48030A063089883
:1085F000012807D1A06840F00600A060A06840F004
:108600002000A060284670BC5DF814FBBFFFBDFFD2
:1086100008B501460020009000BF0098401C104A99
:108620000090904201D9032008BD086900F0004085
:108630000028F2D000200090086940F00100086195
:1086400000BF0098401C064A0090904201D90320C8
:10865000EAE7086900F001000028F2D100BFE3E773
:10866000400D030070B504460B4622461978587831
:10867000012848D102F5106000EB4110006800F0BD
:108680000040B0F1004F17D102F5106000EB41102F
:10869000006840F0006502F5106000EB41100560D5
:1086A00002F5106000EB4110006840F0804502F5D3
:1086B000106000EB4110056040F63C0080581D78CA
:1086C00005F00F060125B540ADB2A84340F63C05C4
:1086D000A85040F61C0080581D7805F00F060125B3
:1086E000B540ADB2A84340F61C05A85002F5106095
:1086F00000EB411000682B4D284002F5106505EB9A
:10870000411528604BE002F5306000EB4110006835
:1087100000F00040B0F1004F17D102F5306000EBDF
:108720004110006840F0006502F5306000EB411038
:10873000056002F5306000EB4110006840F08045B4
:1087400002F5306000EB4110056040F63C008058B7
:108750001D7805F00F060125B540134E06EA0545C4
:10876000A84340F63C05A85040F61C0085581878F0
:1087700000F00F060120B0400B4E06EA0040854392
:1087800040F61C00855002F5306000EB4110006897
:10879000064D284002F5306505EB411528600020A4
:1087A00070BD0000007833EC0000FFFF0078F3EFAD
:1087B00001460A46D2F8000E20F00300C2F8000E6F
:1087C00040F60400805820F0020340F60400835075
:1087D0000020704701460A46D2F8000E20F0030040
:1087E000C2F8000E40F60400805840F0020340F644
:1087F00004008350002070470FB4F0B505460027F1
:108800002E46002405E0002105F5827040F8241072
:10881000641C0F2CF7D31098A0B940F604008059BF
:1088200040F0020140F604008151A86B40F40010B2
:10883000A863A86B20F40020A863A86B20F4802014
:10884000A86307E0A86B20F40010A863A86B40F4AD
:108850000020A8630020C6F8000ED6F80008C6F86D
:1088600000080B9801280BD1089820B90021284650
:1088700000F01EFD08E00121284600F019FD03E08C
:108880000321284600F014FD1021284600F026FCA4
:1088900000B10127284600F009FC00B101270021A2
:1088A0004FF401608151001D815140F61C0081513F
:1088B00000242EE006F5106000EB4410006800F084
:1088C0000040B0F1004F10D13CB94FF0006106F507
:1088D000106000EB441001600DE04FF0904106F590
:1088E000106000EB4410016005E0002106F5106007
:1088F00000EB44100160002106F5106000EB44100D
:1089000001614FF67F3106F5106000EB4410816085
:10891000641C0698A042CDD800242EE006F53060F5
:1089200000EB4410006800F00040B0F1004F10D19F
:108930003CB94FF0006106F5306000EB4410016077
:108940000DE04FF0904106F5306000EB44100160FF
:1089500005E0002106F5306000EB441001600021C5
:1089600006F5306000EB441001614FF67F3106F5EB
:10897000306000EB44108160641C0698A042CDD8A2
:108980004FF40160805920F480714FF401608151EF
:108990000020A8616FF080406861099818B9A86943
:1089A00040F01000A861A86909490843A8610C9823
:1089B00018B1A86940F00800A8611098012803D1F7
:1089C000A86904490843A8613846F0BC5DF814FB67
:1089D00000383C80040000400146886820F0010017
:1089E0008860002070470000F0B505460B4614462D
:1089F0002A4619785878012875D1586920BB02F5A4
:108A0000106000EB411000696C4E304002F51066BA
:108A100006EB4116306102F5106000EB4110006971
:108A200040F4002602F5106000EB4110066102F5EB
:108A3000106000EB41100069C60CF60402F51060EE
:108A400000EB4110066137E002F5106000EB4110C9
:108A50000069C60CF60402F5106000EB41100661D7
:108A600002F5106000EB41100069544E304002F5F1
:108A7000106606EB411630619E685869B04201D914
:108A80009868586102F5106000EB4110006940F4ED
:108A9000002602F5106000EB4110066102F510603F
:108AA00000EB411000695E69C6F31206304302F51F
:108AB000106606EB41163061012C15D1186928B1FA
:108AC00002F5106000EB41101E69466102F510606E
:108AD00000EB4110006840F0044602F5106000EB26
:108AE0004110066068E01BE002F5106000EB4110E9
:108AF000006840F0044602F5106000EB411006608B
:108B00005869002858D040F6340080581E7806F086
:108B10000F070126BE40304340F63406B0504BE00C
:108B200002F5306000EB41100069C60CF60402F556
:108B3000306000EB4110066102F5306000EB41103F
:108B400000691E4E304002F5306606EB411630617A
:108B5000586908B19868586102F5306000EB41101F
:108B6000006940F4002602F5306000EB4110066118
:108B700002F5306000EB411000699E68C6F31206F2
:108B8000304302F5306606EB41163061012C07D107
:108B9000D86828B102F5306000EB4110DE6846610C
:108BA00002F5306000EB4110006840F0044602F529
:108BB000306000EB411006600020F0BDFFFF07E0D1
:108BC00070B503460C4619461D6C1848854209D9F4
:108BD0004FF43060405800F00040B0F1004F01D138
:108BE000002070BD0026C1F8106BD1F8100B40F4C6
:108BF0000026C1F8106BD1F8100B40F01806C1F830
:108C0000106BD1F8100B40F0C046C1F8106B012C6E
:108C100009D1C1F8142B4FF43060405840F0802641
:108C20004FF4306046500020DBE700000A30544F1C
:108C300030B504460B4622461978587801281ED1D3
:108C400002F5106000EB4110006820F4001502F5F9
:108C5000106000EB41100560D878032802D0D87866
:108C600002282AD102F5106000EB4110006840F0A4
:108C7000805502F5106000EB411005601DE002F523
:108C8000306000EB4110006820F4001502F5306000
:108C900000EB41100560D878032802D0D87802286C
:108CA0000BD102F5306000EB4110006840F08055B8
:108CB00002F5306000EB41100560002030BD30B59A
:108CC00004460B46224619785878012821D102F52E
:108CD000106000EB4110006800F0004060B959B12D
:108CE00002F5106000EB4110006820F0804502F5AD
:108CF000106000EB4110056002F5106000EB4110C0
:108D0000006840F4001502F5106000EB41100560AA
:108D100020E002F5306000EB4110006800F00040F8
:108D200060B959B102F5306000EB4110006820F0E5
:108D3000804502F5306000EB4110056002F53060BF
:108D400000EB4110006840F4001502F5306000EBC4
:108D500041100560002030BD2DE9F84381460E46E4
:108D600017464D463478707801287DD1706920BB54
:108D700005F5106000EB44100069C749084005F58F
:108D8000106101EB4411086105F5106000EB44101F
:108D9000006940F4002105F5106000EB441001610A
:108DA00005F5106000EB44100069C10CC90405F51D
:108DB000106000EB4410016155E005F5106000EB18
:108DC00044100069C10CC90405F5106000EB4410A3
:108DD000016105F5106000EB44100069AE490840E0
:108DE00005F5106101EB44110861B1687069084430
:108DF000401EB0FBF1F0A849C94301EAC04005F5A7
:108E0000106101EB44110969084305F5106101EB9C
:108E10004411086105F5106000EB441000697169A8
:108E2000C1F31201084305F5106101EB441108611B
:108E3000F078012817D105F5106000EB44100069A7
:108E400020F0C04105F5106000EB4410016105F50C
:108E5000106000EB4410006940F0005105F510600F
:108E600000EB4410016100E07FE0012F36D1306952
:108E700028B105F5106000EB441031694161F078CC
:108E800001281ED140F60800405900F4807060B9F6
:108E900005F5106000EB4410006840F0005105F546
:108EA000106000EB441001600BE005F5106000EB72
:108EB0004410006840F0805105F5106000EB44104C
:108EC000016005F5106000EB4410006840F00441BB
:108ED00005F5106000EB44100160DAE005F5106064
:108EE00000EB4410006840F0044105F5106000EB11
:108EF00044100160F07801280FD070690028ECD090
:108F000040F634004059317801F00F0201219140C0
:108F1000084340F634014851BBE040F60800405990
:108F200000F4807060B905F5106000EB4410006833
:108F300040F0005105F5106000EB441001600BE0BB
:108F400005F5106000EB4410006840F0805105F515
:108F5000106000EB441001600097B08A83B2327851
:108F60004846F16800F022FA93E005F5306000EB26
:108F700044100069C10CC90405F5306000EB4410D1
:108F8000016105F5306000EB44100069424908407A
:108F900005F5306101EB441108617069D0B905F540
:108FA000306000EB44100069B168C1F3120108435E
:108FB00005F5306101EB4411086105F5306000EB07
:108FC0004410006940F4002105F5306000EB4410C6
:108FD000016126E0B16870690844401EB0FBF1F001
:108FE0001FFA80F805F5306000EB441000692A494B
:108FF000C94301EAC841084305F5306101EB44115A
:10900000086105F5306000EB44100069B16801FBB0
:1090100008F1C1F31201084305F5306101EB441179
:109020000861012F07D1F06828B105F5306000EB29
:109030004410F1684161F07801281ED140F6080023
:10904000405900F4807060B905F5306000EB4410C1
:10905000006840F0005105F5306000EB44100160FD
:109060000BE005F5306000EB4410006840F08051E3
:1090700005F5306000EB4410016005F5306000EB51
:109080004410006840F0044105F5306000EB4410E6
:1090900001600020BDE8F883FFFF07E00146886813
:1090A00040F00100886000207047000008B50146CC
:1090B000002000901020086100BF0098401C064A64
:1090C0000090904201D9032008BD086900F010000B
:1090D0001028F2D00020F7E7400D030008B5024643
:1090E00000200090202040EA8110106100BF00980D
:1090F000401C064B0090984201D9032008BD10691E
:1091000000F020002028F2D00020F7E7400D0300F7
:1091100010B501460B4640F60804E45804F0060278
:109120000AB9002006E0022A01D0062A01D1022055
:1091300000E00F2010BD0146486900F001007047B3
:1091400001460B4640F61800C258001DC0580240A8
:1091500090B2704701460B4640F61800C258001DF9
:10916000C0580240100C704770B5024613464FF4C9
:109170000166F45840F63406F55801F00F0625FA5A
:1091800006F606F0010644EAC61403F5106606EB7F
:109190004116B66806EA040070BD10B502461346D3
:1091A00003F5306404EB4114A06840F61404E4585D
:1091B000204010BD014648698A69104070472DE97A
:1091C000F04104460D46274628464FEA920C02F02D
:1091D000030300210AE04FF4805858F80780C0F8D4
:1091E0000080401C401C401C401C491C6145F2D3BF
:1091F0009BB100214FF4805858F8076000BF4FEA38
:10920000C10826FA08F880F80080491C401CA3F128
:1092100001081FFA88F3002BF1D1BDE8F08170B589
:1092200004460E460025E06820F0C040E060012EB4
:1092300010D1E06840F00050E06000BF0120F8F776
:10924000C1FA6D1C2046FFF776FF012815D0322D9C
:10925000F4D312E07EB9E06840F08040E06000BFE7
:109260000120F8F7AFFA6D1C2046FFF764FF20B12C
:10927000322DF5D301E0012070BD322D01D1012046
:10928000FAE70020F8E710B502460B461146D1F880
:10929000000820F4FE60C1F80008D1F800084FF47F
:1092A000FE6404EA03142043C1F80008002010BD46
:1092B00002461346D3F800080843C3F8000800200C
:1092C0007047000030B503461446022C49D12D48A2
:1092D000814204D32C48814201D20F2245E02A4822
:1092E000814204D32948814201D20E223DE0274821
:1092F000814204D32648814201D20D2235E0244820
:10930000814204D32348814201D20C222DE021481E
:10931000814204D32048814201D20B2225E01E481D
:10932000814204D31D48814201D20A221DE01B481C
:10933000814204D31A48814201D2092215E018481B
:10934000814204D31748814201D208220DE015481A
:10935000814204D31448814201D2072205E006224B
:1093600003E00CB9092200E00922D86820F470500B
:10937000D860D8684FF4705505EA82252843D86034
:10938000002030BDC0ACD800C0E1E4000024F400EF
:1093900080730601A0491A01002D310140A44C013F
:1093A00000366E0120ABA6010048E8012DE9F0432C
:1093B00004460D461E46DDF81CC0A0462946BCF1F9
:1093C000000F12D1F01C870800230CE0D1F80090A8
:1093D00008F5805000EB0230C0F80090491C491C91
:1093E000491C491C5B1CBB42F0D30020BDE8F08344
:1093F00010B50446204600F033F8024908700846CC
:10940000007810BDA801002010B50346002031B13E
:10941000012905D0022907D003290CD108E00CE06E
:109420004FF40064146008E04FF48054146004E0CA
:109430001024146001E0042000BF00BF10BD2DE91E
:10944000F04781460C4615461E462F034FEA063864
:1094500042463946204600F055F80020BDE8F08726
:1094600010B5044601200749087000F06EF828B1D5
:109470000448007820F00100024908700148007893
:1094800010BD0000A80100202DE9F04781460C46E0
:1094900015461E462F034FEA06381FFA88F2394652
:1094A000204600F09DF80020BDE8F08700BFFEE7F1
:1094B00010B5FCF7C7F910BD2DE9F04104460E4682
:1094C000174600F0E9F8FCF7C7F90220FCF7D8F9D5
:1094D000C4F30740FCF7D4F9C4F30720FCF7D0F934
:1094E000E0B2FCF7CDF9002504E0705DFCF7C8F9A7
:1094F000681C85B2BD42F8DBFCF7B8F900F058F8FB
:10950000BDE8F0812DE9F04106460C4617460025DE
:10951000FCF7A2F90320FCF7B3F9C4F30740FCF70A
:10952000AFF9C4F30720FCF7ABF9E0B2FCF7A8F9F8
:1095300000BF04E0FF20FCF7A3F970556D1CBD428D
:10954000F8D3FCF793F9BDE8F08110B5FCF784F986
:109550009F20FCF795F9FF20FCF792F904462402BE
:10956000FF20FCF78DF904432402FF20FCF788F963
:109570000443FCF77BF9204610BD10B5044600F00B
:109580008BF82403FCF768F92020FCF779F9C4F381
:109590000740FCF775F9C4F30720FCF771F9E0B256
:1095A000FCF76EF9FCF762F900F002F810BD00005C
:1095B00010B5FCF751F90520FCF762F9074C02E001
:1095C000641E04B906E0FF20FCF75AF900F0010020
:1095D0000028F5D100BFFCF749F910BDA0860100B5
:1095E0002DE9F05F81460F461646DFF8A8B04FEA36
:1095F0001738C7F30B0ACAF58054A64200DC34467C
:1096000044E04FEA08314FF480525846FFF77AFFA2
:10961000002508E00AEB05001BF80000FF2800D039
:1096200003E0681C85B2A542F4DB00BFA54216DA50
:109630004046FFF7A2FF002507E019F8050005EBFB
:109640000A010BF80100681C85B2A542F5DB4FEA60
:1096500008314FF48052584600F027F804E02246C3
:109660003946484600F021F8A64200D10FE008F143
:1096700001084FF0000AA1442744301B86B2B6F51A
:10968000805F02DD4FF4805400E03446B9E700BF4C
:10969000BDE8F09FCE5B002010B5FCF7DDF806209A
:1096A000FCF7EEF8FCF7E2F810BD2DE9F0410746B3
:1096B0000E461446F0B2C0F58075AC4200DC25467B
:1096C00012E02A4639463046FFF7F6FEAC4200D19A
:1096D0000BE02F442E44601B84B2B4F5807F02DD82
:1096E0004FF4807500E02546EBE700BFBDE8F08150
:1096F00002460B46002110E041F27220184430F877
:109700001100904206D041F26820184430F8110050
:10971000904201D101207047491C0529ECDB002053
:10972000F9E702460B46D11A11F1220F05DD11F1BE
:109730001E0F02DA6FF00500704711F1020F04DD11
:10974000022902DA6FF00500F6E71E2904DD22295E
:1097500002DA6FF00500EFE70020EDE72DE9F04FAA
:109760008BB004460D46B4F840001B2101EB1030CD
:109770000490B4F87400C0F30900ADF81C00BDF902
:109780001C00B0F5007F06DBBDF81C00A0F5806072
:1097900000B2ADF81C00B4F87400800AADF81E00E9
:1097A000BDF91E001F2805DDBDF81E00403800B2BF
:1097B000ADF81E00BDF81E00BDF81C10084400B234
:1097C000ADF81E00B4F87210C1F30900F6F7A4FF5B
:1097D00008905E490898F7F74BF805D24FF0894199
:1097E0000898F6F79BFD08900498F6F7B4FF024638
:1097F0000B46CDE9000100204FF0804107F018FA38
:10980000CDE902010898F6F7F9FF0746DDE90223E2
:10981000F6F713FF8246F7F704F80890B4F87210D1
:10982000880AF6F779FF099049490998F7F720F86F
:1098300005D24FF085410998F6F770FD09904FF079
:1098400086410998F6F7A2FD80464FF07E51F6F763
:1098500013FD07460899F6F767FD099094F876001E
:10986000F6F75AFF05903B490598F7F701F805D23E
:109870004FF087410598F6F751FD059094F8700078
:10988000C0F3031000F108063046F6F764FF824685
:1098900052460B4600204FF0804107F0C9F9CDE950
:1098A00000010598F6F7AAFF0746DDE90023F6F761
:1098B000C4FECDE90201F6F7B4FF2862B4F87610D1
:1098C000080AF6F729FF069022490698F6F7D0FF16
:1098D00005D24FF087410698F6F720FD0690B4F8C0
:1098E0007000C0F303294846F6F735FF02460B46E1
:1098F000CDE9000100204FF0804107F099F9824640
:109900008B460698F6F77AFF52465B46CDE9020190
:10991000F6F793FE0746F6F784FFE86141F2502020
:109920000899415141F25021294409984860BDF8F5
:109930001C1041F258204153BDF81E0041F258213D
:10994000294448800BB0BDE8F08F00000080FF4341
:109950000000F8410000FE4270B504460D4694F840
:109960007800F6F7D9FE064609493046F6F780FF3B
:1099700005D24FF087413046F6F7D0FC06464FF04F
:1099800084413046F6F702FD0646AE6170BD000028
:109990000000FE4230B50A46B0F8664021B2B0F889
:1099A0006640210A7F2902DDA1F5807421B24C01B5
:1099B00021B290F86630A3F580744FF40055C5EBE2
:1099C00044131180538030BDFEB504460D46A08A75
:1099D00000F40060061186F0800694F86A1001F029
:1099E0003F00F6F799FE009028490098F6F740FFEF
:1099F00005D24FF085410098F6F790FC00904FF0AB
:109A000083410098F6F7C2FC0090B4F86A10C1F3E5
:109A10008410F6F781FE01901D490198F6F728FFA2
:109A200005D24FF084410198F6F778FC01904FF091
:109A300080410198F6F7AAFC0190B4F86A10C80AB0
:109A4000F6F76AFE029012490298F6F711FF05D266
:109A50004FF084410298F6F761FC02904FF082418A
:109A60000298F6F793FC029085F8256041F25C209D
:109A70000099415141F25C2129440198486041F22A
:109A80005C21294402988860FEBD00000000F84176
:109A9000000070410246B2F8603018B2B0F5004FD5
:109AA00000DB00B28882704770B504460D46B4F8FA
:109AB0007810080AF6F730FE064609493046F6F7F0
:109AC000D7FE05D24FF087413046F6F727FC064611
:109AD0004FF08C413046F6F759FC0646AE6270BD39
:109AE0000000FE422DE9F04705460C467A35A8886D
:109AF000C0F3013000EB80004FEA40086FF0270010
:109B0000A4F840000021422001532879C0F303113A
:109B100044200153A888C0F3032146200153442068
:109B2000005B10FB08F001B244200153B4F944106B
:109B30004620005B10FB081001B2462001534FF491
:109B4000C87148200153287900F00F0000F1080780
:109B5000012000FA07F72878F6F7DEFDE062298891
:109B6000080AF6F7D9FD2063A878F6F7D5FD6063FB
:109B700069887A3D080AF6F7CFFDA063002623E046
:109B800004F12C0151F826001249F6F771FE0BD2B0
:109B900004F12C0151F826004FF08741F6F7BEFB87
:109BA00004F12C0141F826003846F6F7B5FD814650
:109BB00004F12C0151F826004946F6F7E7FB04F1C1
:109BC0002C0141F82600761C042ED9DB0249E16302
:109BD000BDE8F0870000FE4217B751B92DE9F04FFC
:109BE00087B004460D46B4F86410880AF6F794FD71
:109BF00082462B495046F6F73BFE05D24FF0854191
:109C00005046F6F78BFB82464FF08B415046F6F7F5
:109C1000BDFB8246B4F86410C1F30900F6F77CFD81
:109C2000064620493046F6F723FE05D24FF089411B
:109C30003046F6F773FB06464FF082413046F6F7A2
:109C4000A5FB0646B4F862000FFA80FB0022164B13
:109C500010464FF0804106F0EBFF07468846218C06
:109C600001F47040F6F766FD3A464346CDE900013F
:109C7000F6F7E3FC00220D4BCDE90201F6F7C4FB39
:109C8000CDE90401F6F7CDFD8146C5F804A0AE602C
:109C9000A5F80CB0C5F8109007B0BDE8F08F000033
:109CA0000000F8410080FF4300002C4000002040ED
:109CB0002DE9F04FADF6145D05460E46002415F86B
:109CC000400F00F00F00CDF8200C2878C0F30310EF
:109CD000CDF8240C2888C0F30320CDF8280C288860
:109CE0001E2101EB10396888403DCDF82C0C002076
:109CF00027E0840000F1220115F8111001F00F0196
:109D00000DF54B6242F8241000F1220115F81110F4
:109D1000C1F303120DF54B63611C43F8212000F1E0
:109D2000220135F81110C1F30322A11C43F82120B0
:109D300000F1220135F811100A0BE11C43F8212033
:109D4000401C0628D5DB00200FE00DF54B6151F8D3
:109D50002010072908DD0DF54B6151F8201010394E
:109D60000DF54B6242F82010401C1828EDDB002056
:109D700027E0840000F1280115F8111001F00F010F
:109D80000DF5436242F8241000F1280115F8111076
:109D9000C1F303120DF54363611C43F8212000F168
:109DA000280135F81110C1F30322A11C43F821202A
:109DB00000F1280135F811100A0BE11C43F82120AD
:109DC000401C0828D5DB00200FE00DF5436151F859
:109DD0002010072908DD0DF5436151F820101039D6
:109DE0000DF5436242F82010401C2028EDDB4FF0B7
:109DF000000899E0002792E0202000FB087404F19D
:109E0000400135F81110C1F30510F6F785FC08A9DB
:109E100041F8240051F824007449F6F729FD09D2CD
:109E200008A951F824004FF08541F6F777FA08A900
:109E300041F824000122DDF8201C02FA01F0F6F7B7
:109E40006BFC834608A850F824105846F6F76CFAC5
:109E500008A941F824000DF54B6151F82810DDF8F0
:109E6000282C9140DDF82C2C8B180DF5436151F80E
:109E70002710DDF8242C91405818F6F74DFC834646
:109E800008A850F824105846F6F7F6F908A941F842
:109E900024004846F6F75FFC02460B46CDE9000178
:109EA00000204FF0804106F0C3FECDE9040108A96F
:109EB00051F82400F6F7A2FCCDE90201DDE9042304
:109EC000F6F7BBFBCDE90601F6F7ABFC08A941F8B4
:109ED000240041F250223244516841F250229059FC
:109EE000F6F7CAF90690B169F6F71EFA4FF080410D
:109EF0000790F6F74BFA834608A850F82410584606
:109F0000F6F70FFA08A941F8240008A850F8241021
:109F10003748F6F73BFA08A941F824007F1C202FA8
:109F2000FFF66AAF08F10108B8F1180FFFF662AF4B
:109F3000DDF820A001270AE008A951F827005146C2
:109F4000F6F796FC02D208A850F827A07F1CB7F5B8
:109F5000407FF1DB4FF0000909E04FF080415046AF
:109F6000F6F7E2F9824609F1010000F0FF094FF02F
:109F70008E415046F6F772FCEFD34FF0000B2BE00A
:109F80004846F6F7E8FB07463A460B4600204FF0F6
:109F9000804106F04DFECDE9040108A951F82B00DF
:109FA000F6F72CFCCDE90201DDE90423F6F7D3FA3C
:109FB000CDE90601F6F735FC82464FF07C5150465C
:109FC000F6F75AF90746F6F7ECFB81B206F14A00BC
:109FD00020F81B100BF1010BBBF5407FD0DB86F89E
:109FE0004A960DF6145DBDE8F08F00000000F841C0
:109FF000BD3786352DE9F04782460D4600240027FF
:10A00000A046A14600BF0DE04FF6FF7041F2682167
:10A01000294421F8140041F27221294421F8140046
:10A02000601C84B2052CEFDB00241EE004F140002C
:10A030003AF8100038B941F26820284420F8174057
:10A04000781C87B20FE004F140001AF8100000F00D
:10A05000010040B141F27220284420F8184008F174
:10A0600001001FFA80F8601C84B2B4F5407F04DA66
:10A07000052F02DAB8F1050FD8DB042F02DD6FF0EF
:10A08000020964E0B8F1040F02DD6FF003095EE03D
:10A0900007EB0800042802DD6FF0040957E00024F4
:10A0A00019E0661C13E041F268222A4432F81610C7
:10A0B00041F268222A4432F81400FFF732FB81464D
:10A0C000B9F1000F02D04846BDE8F087761CBE42C9
:10A0D000E9DB601C84B2BC42E3DB002418E0661CB0
:10A0E00012E041F272222A4432F8161041F2722232
:10A0F0002A4432F81400FFF714FB8146B9F1000F2F
:10A1000001D04846E0E7761C4645EADB601C84B295
:10A110004445E4DB002418E0002612E041F27222FC
:10A120002A4432F8161041F268222A4432F8140008
:10A13000FFF7F7FA8146B9F1000F01D04846C3E7AF
:10A14000761C4645EADB601C84B2BC42E4DB484630
:10A15000BAE72DE9F043B8B00246002092F820306B
:10A1600003F00F0C92F82030C3F30317138CC3F3E2
:10A170000326538C1DB2B5F5004F00DB2DB2002332
:10A1800028E0980003F1120412F8144004F00F04C0
:10A190000DF1800848F8204003F1120412F8144031
:10A1A000C4F303180DF18009441C49F8248003F11D
:10A1B000120432F81440C4F30328841C49F82480A4
:10A1C00003F1120432F814404FEA1438C41C49F861
:10A1D00024805B1C062BD4DB00230DE020AC54F85C
:10A1E0002340072C07DD20AC54F82340103C0DF130
:10A1F000800848F823405B1C182BEFDB002324E089
:10A20000980003F1180412F8144004F00F044DF8FC
:10A21000204003F1180412F81440C4F30318441C3E
:10A220004DF8248003F1180432F81440C4F30328D5
:10A23000841C4DF8248003F1180432F814404FEACE
:10A240001438C41C4DF824805B1C082BD8DB002379
:10A2500009E05DF82340072C04DD5DF82340103C45
:10A260004DF823405B1C202BF3DB00234CE0002443
:10A2700047E04FF0200808FB034000F1400832F8A7
:10A2800018804FEA982901F24C6828F8109038F9A4
:10A290001080B8F11F0F0BDD01F24C6838F8108008
:10A2A000A8F140080FFA88F901F24C6828F81090DC
:10A2B00001F24C6838F810804FF0010909FA0CF9E6
:10A2C00008FB09F80FFA88F901F24C6828F8109099
:10A2D0000DF1800838F8238008FA06F808EB050924
:10A2E0003DF8248008FA07F8C14401F24C6838F8B8
:10A2F0001080C8440FFA88F901F24C6828F81090D1
:10A30000641C202CB5DB5B1C182BB0DB38B0BDE81F
:10A31000F0832DE9F04FADF6344D05460E4600248E
:10A32000B5F86800000BCDF82C0CDDF82C0C0728D4
:10A3300005DDDDF82C0C103840B2CDF82C0CDDF822
:10A340002C0C8DF8300CB5F86800C0F30328B8F178
:10A35000070F03DDA8F110004FFA80F88DF8328C5A
:10A3600095F86800C0F30317072F02DDA7F110006E
:10A3700047B28DF8317C95F8680000F00F09B9F10B
:10A38000070F03DDA9F110004FFA80F98DF8339C17
:10A39000B5F87000C0F3032A4FF0000B54E0002022
:10A3A00008904CE02021089801FB0B042046E3179D
:10A3B00004EBD3635B1121464FEAE47C04EB9C6C15
:10A3C0004FEAAC1CA3EB4C03224604EBD27C4FEAD1
:10A3D0006C0CA4EB4C0C4FF0020E0EFB03C3DBB273
:10A3E000CDF8283C0DF54361DDF8283CC856F6F75A
:10A3F00093F90AA941F824005046F6F7ACF9024651
:10A400000B46CDE9000100204FF0804106F010FC22
:10A41000CDE904010AA951F82400F6F7EFF9CDE9D6
:10A420000201DDE90423F6F708F9CDE90601F6F7A4
:10A43000F8F90AA941F824000898401C08900898E7
:10A440002028AFDB0BF1010BBBF1180FA7DB0A983B
:10A4500000F015FA09904FF0010B11E00AA951F82C
:10A460002B0000F00CFA08900999F6F701FA05D2D2
:10A470000AA951F82B0000F002FA09900BF1010B28
:10A48000BBF5407FEADB4FF0000A09E04FF0804166
:10A490000998F5F749FF09900AF1010000F0FF0A59
:10A4A0004FF085410998F6F7D9F9EFD34FF0000B3B
:10A4B0003FE05046F6F74FF902460B46CDE9000162
:10A4C00000204FF0804106F0B3FBCDE904010AA95A
:10A4D00051F82B00F6F792F9CDE90201DDE90423EA
:10A4E000F6F739F8CDE90601F6F79BF90990002156
:10A4F0000998F6F7B3F90DD24FF07C510998F5F7AA
:10A500000DFF0890F6F734F941B206F64D7000F8E9
:10A510000B100CE04FF07C510998F5F7ADFE089058
:10A52000F6F726F941B206F64D7000F80B100BF164
:10A53000010BBBF5407FBCDB41F24D2000F806A0CB
:10A540000DF6344DBDE8F08F2DE9F04FADF63C4DE2
:10A5500005460E460024B5F86C00000A40B2CDF85E
:10A56000300CDDF8300C7F2804DDDDF8300C40B213
:10A57000CDF8300CDDF8300C8DF8340C95F86C000B
:10A580004FFA80F8B8F17F0F01DD4FFA88F88DF8A7
:10A59000368CB5F86E00000A47B27F2F00DD7FB21F
:10A5A0008DF8357C95F86E004FFA80F9B9F17F0F80
:10A5B00001DD4FFA89F98DF8379C95F87000C0F3EA
:10A5C000031000F1080A95F8700000F00F00CDF8B4
:10A5D0002C0C4FF0000B87E0002008907EE020213B
:10A5E000089801FB0B042046E31704EBD3635B11CF
:10A5F00021464FEAE47C04EB9C6C4FEAAC1CA3EBD5
:10A600004C03224604EBD27C4FEA6C0CA4EB4C0CBE
:10A610004FF0020E0EFB03C3DBB2CDF8283C4031F5
:10A6200015F81110C1F34200F6F776F80AA941F8BF
:10A63000240051F824006C49F6F71AF909D20AA946
:10A6400051F824004FF08241F5F768FE0AA941F85D
:10A6500024000122DDF82C1C02FA01F0F6F75CF868
:10A6600007900AA850F824100798F5F75DFE0AA98C
:10A6700041F824000DF63442DDF8281C5056F6F758
:10A680004BF807900AA850F824100798F5F7F4FD46
:10A690000AA941F824005046F6F75DF802460B4639
:10A6A000CDE9000100204FF0804106F0C1FACDE96C
:10A6B00004010AA951F82400F6F7A0F8CDE9020137
:10A6C000DDE90423F5F7B9FFCDE90601F6F7A9F8AE
:10A6D0000AA941F824000898401C089008982028EE
:10A6E000FFF67DAF0BF1010BBBF1180FFFF674AF56
:10A6F0000A9800F0C4F809904FF0010B11E00AA984
:10A7000051F82B0000F0BBF808900999F6F7B0F863
:10A7100005D20AA951F82B0000F0B1F809900BF10D
:10A72000010BBBF5407FEADB4FF0000A09E04FF078
:10A7300080410998F5F7F8FD09900AF1010000F051
:10A74000FF0A4FF085410998F6F788F8EFD34FF0EC
:10A75000000B3FE05046F5F7FEFF02460B46CDE901
:10A76000000100204FF0804106F062FACDE90401BB
:10A770000AA951F82B00F6F741F8CDE90201DDE90D
:10A780000423F5F7E8FECDE90601F6F74AF809904B
:10A7900000210998F6F762F80DD24FF07C51099824
:10A7A000F5F7BCFD0890F5F7E3FF41B206F64C4023
:10A7B00000F80B100CE04FF07C510998F5F75CFDA8
:10A7C0000890F5F7D5FF41B206F64C4000F80B10A3
:10A7D0000BF1010BBBF5407FBCDB86F84CAF0DF6EF
:10A7E0003C4DBDE8F08F000000004040B0F87030F4
:10A7F000C3F3013281F8242070472DE9F047054664
:10A800000C46002614E0771C0FE055F8261055F88A
:10A810002700F6F723F807D255F8268055F82700C9
:10A8200045F8260045F827807F1CA742EDDB761C03
:10A83000601EB042E7DC204604EBD0714910A4EB67
:10A840004101A9B9264604EBD6725210521E55F8A2
:10A850002210274604EBD772521055F82200F5F764
:10A860000BFD81464FF08041F5F790FDBDE8F08784
:10A87000214604EBD170401055F82000F6E7014660
:10A8800021F00040704710B50446204606F0BBFF9B
:10A8900010BD00000FB4054B10B503A9044A02987F
:10A8A00000F08AF910BC5DF814FB00003DCB0008F5
:10A8B000C80100200FB4084B10B504A902AA0398E0
:10A8C00000F07AF9044602A9002000F00CFD2046B1
:10A8D00010BC5DF814FB0000E7B20008490050EA24
:10A8E000C12018BF04204A0D18BF40F0010040F2FB
:10A8F000FF72B2EB515F08BF40F00200012808BFB1
:10A900000520704702480068C0F30220704700002D
:10A910000CED00E010B5002804DB0A07130E054A11
:10A92000135406E00A07140E034A00F00F031B1F1E
:10A93000D45410BD00E400E018ED00E02DE9F04132
:10A940004F1E00EBC7010446D1E9000115461E4623
:10A9500037F006020DD02A463346F5F7FCFD7F1E80
:10A9600004EBC703D3E90023F5F74EFD37F00602E9
:10A97000F1D1022F25D0042F13D0062F18BFBDE828
:10A98000F0812A463346F5F7E6FDD4E90A23F5F7C8
:10A990003BFD2A463346F5F7DEFDD4E90823F5F7FB
:10A9A00033FD2A463346F5F7D6FDD4E90623F5F7FD
:10A9B0002BFD2A463346F5F7CEFDD4E90423F5F7FF
:10A9C00023FD2A463346F5F7C6FDD4E90223F5F701
:10A9D0001BFD2A463346F5F7BEFDD4E90023BDE84A
:10A9E000F041F5F711BD0000002213461046014961
:10A9F000F5F723BE0000F03FF5F706BD0022134631
:10AA000010461146F5F719BE40F2013200204FF012
:10AA1000E041F6F741B80000024A00201107F6F7BE
:10AA20003BB8000001FDFFFF02E008C8121F08C18B
:10AA3000002AFAD170477047002001E001C1121FBF
:10AA4000002AFBD1704700000149086070470000F0
:10AA5000CC0100202DE9FF5FDDE90220010DDDF8CA
:10AA600038B0024318D044F61050A1F2FF314143F0
:10AA70000D140F98012820D0A5EB0B00401C5FEAB5
:10AA8000000A4FF00004474EDFF81C91A0465046E4
:10AA900016D5CAF1000728E00F98012443A2012827
:10AAA00008D0002100980F9BC0E90021C0E90243B3
:10AAB000BDE8FF9F6FEA0B01F4E7CBF10000DEE792
:10AAC000074612E0F80707D022463346404649467B
:10AAD000F5F741FD80468946224633461046194621
:10AAE000F5F739FD04460E467F10002FEAD1DDE967
:10AAF0000201BAF1000F42464B4602DAF5F72BFD90
:10AB000001E0F5F79AFD04460E460022284BF5F7C2
:10AB1000F3FF03D84FF0FF30014607E00022254B3A
:10AB200020463146F5F770FCF5F7CDFF102409E01B
:10AB3000002C0ADB0A220023F5F742FB019B30328E
:10AB40001A55641E50EA0102F2D1641C019AC4F144
:10AB5000110314440F9A012A03D0012208430DD196
:10AB60000AE0084304D000204FF0110B0F9080E75B
:10AB7000A3EB0B056D1E0DE05B4504DD4FF00002FD
:10AB800005F1010504E003DA4FF00002A5F101052B
:10AB9000002AECD000980F99C0E90231C0E90045C5
:10ABA00086E70000000024400000F03F3000000075
:10ABB0000000F0430000E03F2DE9FF4F95B09B46B9
:10ABC0008946064600250FE2252877D1002427462E
:10ABD000F84A0121059400E0044316F8013F203BA8
:10ABE00001FA03F01042F7D130782A2811D06FF023
:10ABF0002F033078A0F13002092A16D8059A44F0C4
:10AC0000020402EB820203EB42021044761C059020
:10AC1000EFE759F8042B0592002A03DA504244F476
:10AC20000054059044F00204761C30782E2816D18A
:10AC300016F8010F44F004042A280DD06FF02F02FB
:10AC40003078A0F13003092B09D807EB870302EB1A
:10AC50004303C718761CF3E759F8047B761C307859
:10AC60006C280FD006DC4C2817D068280DD06A2835
:10AC700014D104E0742810D07A280FD10DE044F4E8
:10AC800000140AE044F4801401E044F440147278A3
:10AC9000824202D104F58014761C761C3078662836
:10ACA0000BD013DC582877D009DC002875D0452854
:10ACB000F6D04628F4D047281AD19DE118E0632841
:10ACC00035D0642879D0652812D195E1702873D0E9
:10ACD00008DC6728F1D069286FD06E280DD06F2866
:10ACE00006D1B5E073282CD0752875D0782874D09B
:10ACF0005A46179990476D1C75E1C4F3025002281B
:10AD000009D003280DD0D9F8001004280DD00D600B
:10AD100009F1040967E1D9F80010EA17C1E9005206
:10AD2000F6E7D9F800100D80F2E70D70F0E719F89A
:10AD3000041B8DF8001000208DF80100EA46012068
:10AD400003E059F804AB4FF0FF3061074FF000010A
:10AD500002D40DE008F101018846B9420FDA8045BE
:10AD6000F8DB1AF808100029F4D108E008F1010115
:10AD700088468142FADB1AF808100029F6D10598B6
:10AD80005B46A0EB080721463846179A00F094FA74
:10AD9000284400EB080507E04DE029E10DE01AF832
:10ADA000010B5A4617999047B8F10108F7D25B4654
:10ADB00021463846179A13E142E00A220092C4F372
:10ADC00002524FF0000A022A08D059F804CB032A95
:10ADD0004FEAEC710AD00DE029E02AE009F1070101
:10ADE00021F00702F2E802C1914609E00FFA8CFC5B
:10ADF0004FEAEC71042A03D14FFA8CFC4FEAEC7154
:10AE0000002907DA0A460021DCF1000C61EB02019F
:10AE10002D2202E0220504D52B228DF804200122E8
:10AE200003E0E20701D02022F7E7904659E00A212B
:10AE300002E010220DE010214FF0000A00910BE01B
:10AE400010224FF0000A44F004040827009203E0A7
:10AE500008224FF0000A0092C4F30252022A05D0E1
:10AE600059F804CB0021032A08D009E009F10701B1
:10AE700021F00702F2E802C1914605E01FFA8CFCBE
:10AE8000042A01D10CF0FF0C4FF00008220728D54E
:10AE9000702806D0009B83F0100353EA0A0305D004
:10AEA0000EE040228DF80420012208E05CEA010255
:10AEB00006D030228DF804208DF80500022290463D
:10AEC000009B83F0080353EA0A030AD15CEA0102FB
:10AED00001D1620705D530228DF804204FF001081A
:10AEE0007F1E582804D034A003900EA802900DE0D5
:10AEF00036A0F9E753466046009AF5F761F98446B3
:10AF00000398825C0298401E029002705CEA010085
:10AF1000F0D1029806A9081A00F1200A600702D5AC
:10AF200024F4803400E00127574502DDA7EB0A0036
:10AF300000E0002000EB0A01009005984144401A0F
:10AF40000590E00306D45B462146179A059800F069
:10AF5000B3F90544002706E001A85A46C05D1799D9
:10AF600090476D1C7F1C4745F6DBE0030CD55B4624
:10AF70002146179A059800F09FF9054404E0302017
:10AF80005A46179990476D1C0099481E0090002959
:10AF9000F5DC08E0029802995A460078491C0291B3
:10AFA000179990476D1CBAF10001AAF1010AF1DC72
:10AFB00065E100000928010030313233343536377D
:10AFC00038396162636465660000000030313233F5
:10AFD0003435363738394142434445460000000095
:10AFE00000F058F90544761C307800287FF4ECAD69
:10AFF00019B02846BDE8F08F620700D4062709F192
:10B00000070222F0070CFCE80223E14603F00048A7
:10B010005FEA080C02D00FF2702C0DE05FEA045CCE
:10B0200002D50FF2682C07E05FEAC47C02D00FF271
:10B03000602C01E0AFF2700C4FF0FF3823F00043BA
:10B04000CDF850C065280CD006DC452809D046282C
:10B050001DD047283DD13DE0662818D067287ED115
:10B0600038E00021112F01DB112000E0781CCDE930
:10B07000000106A90EA8FFF7EDFCDDE90F010E9A0D
:10B0800003910021009207F1010A04914DE04FF075
:10B0900000400097CDE9011006A90EA8FFF7DAFCE1
:10B0A000DDE90F0203920E9B11990022DDF80CA03E
:10B0B0000093049211B9791C00EB010AB7EB0A0066
:10B0C00004D4C0F1FF3007F1010A0490AAEB070095
:10B0D000019044E0012F00DA01270021112F01DD4A
:10B0E000112000E03846CDE9000106A90EA8FFF7BF
:10B0F000B1FCDDE90F010E9A039100210491009249
:10B10000BA4621070CD40399514500DA8A46BAF1B0
:10B11000010F05DD009AAAF10101515C302908D028
:10B12000B84202DA10F1040F06DA0121CDE901106C
:10B1300015E0AAF10101E9E7002805DC04990144C2
:10B140000491AAEB000102E0411C514500DD8A4652
:10B150000499401A401C01904FF0004002902007D3
:10B1600004D40198504501DBCDF8048000208DF80F
:10B170004F0002980DF14F07B0F1004F25D02B2062
:10B180000E9002984FF0020800280CDA404202901C
:10B190002D200E9007E00A210298F5F773FB30315D
:10B1A000029007F8011DB8F10001A8F10108F2DCD6
:10B1B00002980028EFD1791E0E980870307800F0C0
:10B1C000200040F0450007F8020D12A8C01B00F156
:10B1D00007081498007800B1012000EB0A010198DB
:10B1E00001EBE07105984144401A401E0590E003D0
:10B1F00006D45B462146179A059800F05DF8054491
:10B200001498007818B15A46179990476D1CE003BE
:10B2100024D55B462146179A059800F04DF8054461
:10B220001CE00498002807DBDDE90301884203DD08
:10B230000098405C179901E0179930205A469047D2
:10B24000049805F10105401C04900198401E0190EE
:10B2500004D12E205A46179990476D1CBAF100016F
:10B26000AAF1010ADDDC05E017F8010B5A4617992F
:10B2700090476D1CB8F10001A8F10108F4DC5B46B1
:10B280002146179A0598ABE62D0000002B00000020
:10B29000200000002DE9F041044600251E46174617
:10B2A000880404D405E039462020B0476D1C641E94
:10B2B000F9D52846BDE8F0812DE9F0410446002586
:10B2C0001E469046C80301D5302700E02027880499
:10B2D00004D505E041463846B0476D1C641EF9D5DB
:10B2E0002846BDE8F0810A68531C0B601070704757
:10B2F00070B504460D460020E070401EE06229460D
:10B30000204605F07BFC08B1042070BD04F22E201D
:10B3100005F01DF94AF65521884201D00320F4E7D3
:10B3200094F83000E92807D094F83000EB2817D1C2
:10B330003220005D902813D104F1660005F0FBF87F
:10B3400020F07F400749884201D10020DDE704F169
:10B35000820005F0F0F80449884201D10020D4E7CA
:10B360000220D2E74641540046415433024600E0F1
:10B37000521C107810B110788842F9D110787047BB
:10B3800030B502460B460020044601461CE01A4830
:10B3900000EB01100068A8B1174800EB011000682D
:10B3A0001568A8420FD1144800EB01104068956859
:10B3B000A84208D1104800EB011080685569A842E6
:10B3C00001D103E00124491C0229E0D300BF022976
:10B3D00006D10CB9022B01D1002030BD1220FCE7B0
:10B3E00033B9054800EB01108089B0F5807F01D1A9
:10B3F0001020F2E70020F0E7308C0020014600200A
:10B400000BE0074A02EB001212688A4204D10022C4
:10B41000034B03EB00131A60401C0228F1D3704762
:10B42000308C0020F0B503460D461E68D86A021D18
:10B43000280B7789B0FBF7F400BF02CA09B90020D6
:10B44000F0BD8C4200D202E0641A121DF5E700BF85
:10B4500010682044F4E70246891E5069801E884225
:10B4600001D8002070475389906A01FB0300F9E777
:10B470002DE9F04782468946DAF80040B9F1000F1D
:10B4800006D1E76817B16069B84215D8012713E003
:10B490004946504601F060FB0646022E02D20120CA
:10B4A000BDE8F087701C08B93046F9E76069B04222
:10B4B00001D93046F4E74F463D4600BF6D1C606938
:10B4C000A84204D80225BD4201D90020E8E7294658
:10B4D000504601F041FB064606B909E0012E01D0B5
:10B4E000701C08B93046DBE7BD42E7D10020D7E742
:10B4F00000BF4FF0FF322946204606F075F880461F
:10B50000B8F1000F08D1B9F1000F05D02A4649461D
:10B51000204606F069F88046B8F1000F0DD1E560CD
:10B52000D4E90410801E814202D82069401E2061A7
:10B53000207940F00100207107E0B8F1010F02D13D
:10B540004FF0FF3000E0012005462846A8E7000044
:10B550002DE9F05F82468846D8F800700AF124058C
:10B560000B222021284605F040FB0020814606469C
:10B570004FF0080B00BF3046761C3C5C202C00DCF2
:10B5800036E02F2C01D05C2C08D100E0761CB85D91
:10B590002F28FBD0B85D5C28F8D029E02E2C01D0F4
:10B5A000D9450CD3BBF10B0F01D02E2C02D00620B5
:10B5B000BDE8F09F4FF008094FF00B0BDBE7802C44
:10B5C00003DBA4F1800015490C5C214614A0FFF7B1
:10B5D000CDFE08B10620EBE7612C04DB7A2C02DCFF
:10B5E000A4F12000C4B2484609F101092C54C2E775
:10B5F00000BFB819C8F80000B9F1000F01D106204A
:10B60000D6E72878E52801D105202870202C01DC18
:10B61000042000E00020E8720020C9E79C540108E3
:10B62000222A2B2C3A3B3C3D3E3F5B5D7C7F000059
:10B6300010B50246531E1A46022B17D20C4B03EBD1
:10B6400002139989B1F5807F00D10021002901DD25
:10B650004B1E99B2064B03EB0213998121B90023CB
:10B66000034C04EB02142360002000E0022010BD14
:10B67000308C00202DE9F04104460E46D4F80080BD
:10B680000021204600F000F90546EDB9002700BF73
:10B690004046E16905F0B2FA054605B113E0206ABB
:10B6A0000078E52802D0206A007820B9781C074687
:10B6B000B04201D107E000270121204600F040F808
:10B6C0000546002DE4D000BF042D00D107252846F3
:10B6D000BDE8F0812DE9F0410446276800212046AD
:10B6E00000F0D2F8054615B12846BDE8F08100BF4C
:10B6F0003846E16905F082FA054605B11DE0206A89
:10B7000006780EB9042518E0206AC07A00F03F00E0
:10B71000A071206AC07A00F0080038B90B2204F149
:10B720002401206A05F042FA00B906E00021204613
:10B7300000F006F80546002DDAD000BF2846D4E711
:10B740002DE9F047044689462568606900F1200725
:10B75000E06910B1B7F5001F02D30420BDE8F087FF
:10B76000C7F30B00002868D1E069401CE061A069C4
:10B7700038B92889B0EB571F5FD80020E06104205A
:10B78000ECE76889401E00EA1730002855D12046B2
:10B79000A16901F0E1F90646012E01D80220DDE79A
:10B7A000701C08B90120D9E76869B0423FD8B9F1E7
:10B7B000000F03D10020E0610420CFE72046A169FB
:10B7C000FFF756FE06460EB90720C7E7012E01D146
:10B7D0000220C3E7701C08B90120BFE7284606F025
:10B7E00095F808B10120B9E74FF48052002105F126
:10B7F000300005F0FAF94FF0000831462846FFF70F
:10B800002AFEE8620CE00120E870284606F07EF887
:10B8100008B10120A2E708F10108E86A401CE862CB
:10B8200068894045EFD8E86AA0EB0800E862A661A5
:10B8300031462846FFF70FFEE0616761C7F30B0151
:10B8400005F1300008442062002087E770B5044607
:10B85000266801212046FFF70DFF054695B93046C1
:10B86000E16905F0CBF9054665B920220021206A7F
:10B8700005F0BBF90B2204F12401206A05F0A8F9B8
:10B880000120F070284670BD2DE9F04104460D46B8
:10B890002668B5F5001F02D205F01F0010B1022086
:10B8A000BDE8F0816561A7681FB93078032800DB27
:10B8B000776A47B93089B0EB551F01D80220EFE70E
:10B8C000706AE0611CE070894FEA003811E0394687
:10B8D000204601F041F90746781C08B90120DFE74E
:10B8E000022F02D37069B84201D80220D8E7A5EB35
:10B8F00008054545EBD239463046FFF7ACFDE0611F
:10B90000A761E06908B90220CAE7E06900EB1530D9
:10B91000E061C5F30B0106F130000844206200200D
:10B92000BEE7000070B5044600250848005D58B920
:10B9300001200649085501F10802105D0A1D52F860
:10B940002420116888470546284670BD508C002089
:10B950002DE9F04104460D4616460649085D091FCB
:10B9600051F8241032460B69294698470746384655
:10B97000BDE8F081588C00202DE9F04104460D46C9
:10B9800016461F460749085D091F51F824103B461B
:10B990003246D1F808C02946E04780464046BDE817
:10B9A000F0810000588C002070B50446044A105DF8
:10B9B000121F52F82420516888470546284670BD5A
:10B9C000588C00202DE9F04104460D4616461F46CE
:10B9D0000749085D091F51F824103B463246D1F84B
:10B9E0000CC02946E04780464046BDE8F081000093
:10B9F000588C0020002100E0491C022905D206488D
:10BA000000EB011000680028F6D1022901D00120C6
:10BA100070470020FCE70000308C002038B5054658
:10BA2000284600F071FD044664B96946284605F0D1
:10BA300096FF044634B92869FFF7FAFD04460CB9AD
:10BA400000202860204638BD2DE9FF4F95B01746ED
:10BA5000012014904002139015A801F0EFF8029015
:10BA60000298002803DA0B2019B0BDE8F08FFE49D8
:10BA7000029851F8200028B10021FB4A029852F8A0
:10BA8000200001700298C0B211900020109011980F
:10BA9000FFF748FF0190019800F0010008B1032072
:10BAA000E2E7019800F0040008B10A20DCE70DAAE3
:10BAB00003211198FFF74CFF50B90D9840B10D9834
:10BAC000B0F5004F04D80D98401E0D99084008B1FC
:10BAD00001200D904FF4805A0FB1574505D3B7F1AF
:10BAE000807F02D8781E384008B11320BCE7B7FB2E
:10BAF000FAF7189C2298B0FBFAF00E900E9800FB13
:10BB00000AF00F900F9808B90E20ADE700BF07AA02
:10BB100001211198FFF71CFF08B10120A4E7169836
:10BB200000F0080008B1002000E03F200A900799CB
:10BB30000A98814201D20E2096E707990A98081ABE
:10BB400007900798802801D20E208DE700BF00BF24
:10BB5000802F01D9132087E7169800F0020050B11A
:10BB6000169800F00700022803D0169800F0010094
:10BB700008B9032607E0169800F0010008B9132061
:10BB800072E7022600BF00BF00BF3D46032E2DD145
:10BB9000A5B907984FEA504900200390012503E01A
:10BBA0000398401C03906D00B049039831F81000D1
:10BBB00020B1039831F810004845F1D90798B0FB3F
:10BBC000F5F8082000EB88005044401EB0FBFAF066
:10BBD000059020200690002004904FF6F5708045D7
:10BBE00002D9A348804535D90E203DE7A5B907986D
:10BBF0004FEA103900200390012503E00398401C10
:10BC000003906D009B49039831F8100020B1039810
:10BC100031F810004845F1D90798B0FBF5F840F627
:10BC2000F570804503D9042000EB480906E00126A1
:10BC300008EB4800401C032101EB500909EB0A0006
:10BC4000401EB0FBFAF00590012006908003B0FB87
:10BC5000FAF0049006990A98084409900999059801
:10BC600001440498084408900D9908980844401E1F
:10BC7000491E20EA01010898A1EB0009032E06D114
:10BC800006984844069009984844099002E00598AF
:10BC900048440590089800EB05110A98081A07997E
:10BCA000884201D90E20DFE6DDE90601091A059870
:10BCB000091A0498081AB0FBF5F8032E0AD14FF6BA
:10BCC000F570804506D81FB96808070000D031E03C
:10BCD0000E20C9E6022E24D14FF6F570804514D906
:10BCE0002FB94020B0EB450F01D36F0022E016982A
:10BCF00000F0020008B103261CE027B968000746DF
:10BD0000802800D816E00E20AEE640F6F57080459B
:10BD100007D827B968000746802800D80AE00E2017
:10BD2000A2E6012E05D140F6F570804501D90E201E
:10BD30009AE600E029E700BF52460021204604F0C1
:10BD400054FF0B224CA1204604F042FF514604F15F
:10BD50000B0005F08CFD6573069881B204F10E00AE
:10BD600005F085FD01202074032E01D1002001E0A3
:10BD70004FF40070014604F1110005F078FD0798BA
:10BD8000B0F5803F06D2079881B204F1130005F0A8
:10BD90006EFD04E004F12000079905F05CFDF82039
:10BDA00060753F2104F1180005F061FDFF2104F1E9
:10BDB0001A0005F05CFD04F11C000A9905F04BFD2A
:10BDC000032E28D100F038FF0146009004F1430013
:10BDD00005F041FD04F12400059905F03CFD022128
:10BDE00004F12C0005F037FD012104F1300005F0CD
:10BDF0003EFD062104F1320005F039FD802084F873
:10BE00004000292084F8420013221EA104F14700BB
:10BE100004F0DEFE19E000F00FFF0146009004F18F
:10BE2000270005F018FD059881B204F1160005F011
:10BE30001EFD802084F82400292084F82600132287
:10BE400015A104F12B0004F0C3FE4AF6552104F5B8
:10BE5000FF7005F00CFD012321460A9A1198FFF7A7
:10BE6000B1FD18B30120FFE5C00100202A550108EB
:10BE7000F5FFFF0F1C550108EBFE904D53444F5347
:10BE8000352E30004E4F204E414D4520202020467B
:10BE900041543332202020004E4F204E414D45204A
:10BEA000202020464154202020202000032E33D182
:10BEB00001230A9A921D21461198FFF783FD5246ED
:10BEC0000021204604F091FE7D49204605F0C3FC88
:10BED0007C4904F5F27005F0BEFCA8F1010104F5FF
:10BEE000F47005F0B8FC022104F5F67005F0B3FC1F
:10BEF0004AF6552104F5FF7005F0B9FC01230A9AB2
:10BF0000D21D21461198FFF75DFD01230A9A521CAC
:10BF100021461198FFF756FD002120460F9A04F0A4
:10BF200064FE09980C900020039041E0032E0FD18D
:10BF30006FF00701204605F08EFC311F201D05F033
:10BF40008AFC6FF0704104F1080005F084FC09E000
:10BF5000012E01D15C4801E06FF007000146204648
:10BF600005F079FC05980B9000BF0E990B9888425C
:10BF700001D90E9800E00B9881464B4621460C9A59
:10BF80001198FFF71FFD08B101206DE55246002111
:10BF9000204604F02AFE0C9848440C900B98A0EB25
:10BFA00009000B900B980028DFD10398401C0390E8
:10BFB00003980028BAD0032E01D1284600E0049847
:10BFC0000B9000BF0E990B98884201D90E9800E0A3
:10BFD0000B9881464B4621460C9A1198FFF7F2FCCC
:10BFE00008B1012040E50C9848440C900B98A0EB58
:10BFF00009000B900B980028E4D100BF032E02D15A
:10C000000C2012900CE00798B0F5803F02D3062078
:10C01000129005E0022E01D1042000E001201290D0
:10C0200000BF169800F00800F0BB524600212046E1
:10C0300004F0DBFD4AF6552104F5FF7005F017FC0E
:10C0400004F5DF7B00208BF8000001208BF8010055
:10C050008BF8020000208BF8030012988BF8040084
:10C0600007990A98084443F6C161B0FBF1F9FE2034
:10C070008BF805003F2040EA99008BF806008BF80A
:10C0800007900BF108000A9905F0E5FB0BF10C0095
:10C09000079905F0E0FB0123002221461198FFF7E4
:10C0A00091FC08B10120DFE4FFE70022114611985E
:10C0B000FFF74EFC08B10120D6E40020D4E40000D4
:10C0C0005252614172724161F8FFFF00F7B582B0D0
:10C0D00016460398019001A800F0B0FD0546002D1A
:10C0E00002DA0B2005B0F0BD0F4850F8254024B10E
:10C0F0002046FFF783F900202070029810B100203D
:10C10000029908700849029841F82500029808B180
:10C11000012E01D00020E5E7002202A903A800F0CB
:10C120003BFB07463846DDE7C00100202DE9F74F0D
:10C130008EB0044616461CB9092011B0BDE8F08F38
:10C1400006F03F06324601A90FA800F025FB054680
:10C15000002D79D10198029002A80F9900F09CFC63
:10C1600005468DB99DF8370000F0800008B106251E
:10C170000AE026F0010008B1012000E0002001469D
:10C1800002A8FFF7FDF8054606F01C0000285CD069
:10C190006DB1042D08D1FFF72DFC18B102A8FFF7EF
:10C1A00055FB00E01220054646F008060AE09DF81F
:10C1B0000E0000F0110008B1072503E006F00400AE
:10C1C00000B10825002D51D106F0080000284DD0FF
:10C1D00000F032FD00900A9901F10E00009905F07F
:10C1E0003AFB0A9901F11600009905F034FB202072
:10C1F0000A99C8720A99019804F08AF981460022C6
:10C200000A99019805F015FB0A9901F11C0000211B
:10C2100005F021FB01200199C870B9F1000F25D06C
:10C220000198C06A00900022494602A805F078FAF9
:10C230000546DDB9DDE9001004F0E0FC0546A9F192
:10C2400001000199C86011E075E07DB99DF80E000C
:10C2500000F0100008B1042508E006F0020028B143
:10C260009DF80E0000F0010000B10725BDB906F0F1
:10C27000080008B146F040060198C06A60620A985A
:10C28000A06226F0010008B1012000E00020014674
:10C2900002A800F0F7FC2061206900B90225002DFA
:10C2A00057D10A99019804F033F9A0600A9901F175
:10C2B0001C0004F040F9E0600020E062019820607A
:10C2C0000198C088A0802675002060752062A0615A
:10C2D0004FF48052002104F1300004F086FC06F097
:10C2E000200040B3E06830B3E068A0610198408965
:10C2F0004FEA003AA768D4F80C800CE03946204693
:10C3000000F02AFC0746012F00D80225781C00B94E
:10C310000125A8EB0A080DB9D045EFD8E76155B95A
:10C32000C8F30B0038B139460198FFF794F85FEA7B
:10C33000000B01D102250CE00BEB18302062226AC1
:10C3400001994878012304F13001FFF715FB00B192
:10C3500001250DB1002020602846EEE62DE9FF4FB3
:10C3600085B0044615469A46DDF818B00020CAF894
:10C37000000003A9204605F0F2FA0490049810B9D1
:10C38000607D049018B1049809B0BDE8F08F207D5D
:10C3900000F0010008B90720F6E7A169E068401A3B
:10C3A00001900198854200D9019DA8E0208BC0F33F
:10C3B0000B00002874D103984089401EA16900EA4F
:10C3C0001139B9F1000F1FD1A06910B9A06802900E
:10C3D0000CE0E06A28B12046A169FFF723F802903B
:10C3E00004E02046E16900F0B7FB029002980228C1
:10C3F00002D202206075C7E70298401C10B90120E4
:10C400006075C1E70298E061E1690398FFF723F8DE
:10C41000064616B902206075B6E74E444FEA153855
:10C42000B8F1000F29D009EB080003994989884227
:10C4300003D903984089A0EB09080399487843463B
:10C4400032465946FFF798FA10B1012060759BE714
:10C45000207D00F0800068B1206A801B404509D231
:10C46000216A891B0BEB01304FF4805204F130013B
:10C4700004F0AEFB4FEA083737E0206AB04220D024
:10C48000207D00F0800080B1226A03994878012362
:10C4900004F13001FFF796FA18B10120607573E7D7
:10C4A00010E0207D00F07F0020750399487801237B
:10C4B000324604F13001FFF75FFA10B101206075D8
:10C4C00062E72662208BC0F30B00C0F58057AF42B5
:10C4D00000D92F46208BC0F30B0204F13000111855
:10C4E0003A46584604F074FB00BFBB44A069384488
:10C4F000A061DAF800003844CAF80000ED1B002DF6
:10C500007FF454AF00203FE7F8B504466946204663
:10C5100005F025FA0646002E44D1207D00F04000AB
:10C5200000283FD0207D00F0800070B1226A009981
:10C530004878012304F13001FFF744FA08B10120E3
:10C54000F8BD207D00F07F00207500F075FB0746E8
:10C55000616A009804F052FB06461EBBA56AE87AA1
:10C5600040F02000E8722946A268206805F061F9D1
:10C5700005F11C00E16805F06EF9394605F1160079
:10C5800005F069F9002105F1120005F070F90120AC
:10C590000099C870009805F071F90646207D00F0FA
:10C5A000BF0020753046CBE72DE9FF4F83B004462E
:10C5B00015469B46049800900020CBF8000001A986
:10C5C000204605F0CCF90290029810B9607D0290E7
:10C5D00018B1029807B0BDE8F08F207D00F002008E
:10C5E00008B90720F6E700BFA0692844A16988427E
:10C5F00002D2A069C0F1FF35C3E0208BC0F30B006D
:10C6000000287DD101984089401EA16900EA113AB5
:10C61000BAF1000F26D1A06938B9A76897B90021EF
:10C620002046FEF725FF07460CE0E06A28B12046C9
:10C63000A169FEF7F7FE074604E02046E169FEF730
:10C6400017FF074607B99FE0012F02D1022060754E
:10C65000C0E7781C10B901206075BBE7E761A068EE
:10C6600000B9A760207D00F0800078B1226A0199AE
:10C670004878012304F13001FFF7A4F910B101203B
:10C680006075A7E7207D00F07F002075E1690198C3
:10C69000FEF7E1FE064616B9022060759AE7564499
:10C6A0004FEA1539B9F1000F2BD00AEB09000199B7
:10C6B0004989884203D901984089A0EB0A09019968
:10C6C00048784B4632460099FFF77CF910B10120BB
:10C6D00060757FE7206A801B48450ED2206A801B68
:10C6E000009A02EB00314FF4805204F1300004F064
:10C6F0006FFA207D00F07F0020754FEA09382BE0AB
:10C7000013E0206AB0420FD0E168A06988420BD2E2
:10C71000019948780123324604F13001FFF72CF9E2
:10C7200010B10120607555E72662208BC0F30B0025
:10C73000C0F58058A84500D9A846218BC1F30B024B
:10C7400004F1300150184246009904F041FA207D6E
:10C7500040F08000207500BF009840440090A06920
:10C760004044A061E168A069884201D9A06900E065
:10C77000E068E060DBF800004044CBF80000A5EB87
:10C780000805002D7FF439AF00BF207D40F0400048
:10C79000207500201EE700002DE9F74F8AB0002128
:10C7A0000B9801600A9800F049FA08900898002850
:10C7B00003DA0B200DB0BDE8F08FB349089851F8AB
:10C7C00020400CB90C20F5E70B9804600C9800F0A1
:10C7D000FE000C90207878B16078FFF7E5F881468C
:10C7E00009F0010040B90C9820B109F0040008B12B
:10C7F0000A20DFE70020DDE7002020700898607045
:10C800006078FFF78FF8814609F0010008B1032036
:10C81000D0E70C9820B109F0040008B10A20C9E75C
:10C82000002739462046FEF763FD0546022D01D05C
:10C830002EDA2DE0002614E04FF4DF7000EB061135
:10C8400004F13000084409900998007920B1099852
:10C85000083003F070FE00E0002002A941F8260035
:10C86000761C042EE8D3002606B1761E00BF02A86F
:10C8700050F8267027B139462046FEF739FD00E012
:10C8800003200546022D03DB701C06460428EED368
:10C89000042D01D101208DE7022D01DB0D2089E758
:10C8A00004F13B0003F053FEB0F5805F01D00D2092
:10C8B00080E704F1460003F04AFE8046B8F1000F1D
:10C8C00004D104F1540003F036FE8046C4F8188009
:10C8D0004020005DA070A078012804D0A078022834
:10C8E00001D00D2066E7A07808FB00F83D20005D30
:10C8F0006081608918B16089411E084008B10D202F
:10C9000058E704F1410003F022FE2081207A00F074
:10C910007F0008B10D204DE704F1430003F017FE3E
:10C920008246BAF1000F04D104F1500003F003FE77
:10C93000824604F13E0003F00AFE0190019808B916
:10C940000D2037E701984044218900EBD110079072
:10C950000798824501D20D202CE70798AAEB00002A
:10C960006189B0FBF1FBBBF1000F01D10D2021E784
:10C9700003254FF6F570834500D8022540F6F57083
:10C98000834500D801250BF102006061E761019841
:10C990003844206207983844A062032D13D104F173
:10C9A0005A0003F0D4FD08B10D2003E7208908B137
:10C9B0000D20FFE604F15C0003F0BDFD60626069DC
:10C9C0008000069014E0208908B90D20F2E6206A64
:10C9D00040446062022D02D16069400007E0207D82
:10C9E00000F00100616901EB410100EB510006908C
:10C9F000A169069800F6FF70B1EB103F01D20D203F
:10CA0000D8E64FF0FF302061E06080202071032DD8
:10CA10002CD104F1600003F09AFD012826D1791C85
:10CA2000204604F0EBF808BB0020207104F22E2011
:10CA300003F08DFD4AF65521884217D104F13000EC
:10CA400003F079FD1149884210D104F5057003F017
:10CA500072FD0F49884209D104F5067003F06BFDA1
:10CA6000206104F5077003F066FDE0602570094859
:10CA70000088401C80B207490880E0802046FEF70D
:10CA8000BDFC002096E60000C0010020525261412A
:10CA900072724161C40100202DE9F341044626462B
:10CAA000D6F8008002E00198401C019001980078BF
:10CAB0002F28F8D0019800785C28F4D00020B060CE
:10CAC00001980078202808D280212F2001550021CC
:10CAD0002046FEF7D9FE05462CE000BF01A92046FE
:10CAE000FEF736FD054605B123E02046FEF7F2FDD0
:10CAF00005462F20075D3DB1042D04D100BF07F08E
:10CB0000040000B9052514E007F0040000B110E0AE
:10CB1000B07900F0100008B905250AE0A08AC0F33A
:10CB20000B0208F130001118404603F0F1FCB06030
:10CB3000D4E700BF2846BDE8FC81000013B50C46D1
:10CB40004FF0FF33012269460248F7F769F8009871
:10CB50001CBD0000DC4100202DE9F04781460C4659
:10CB6000D9F80050022C02D36869A04202D84FF0D5
:10CB700001085EE04FF0FF382878012804D0022831
:10CB80002CD0032851D13CE0264606EB5606286AF5
:10CB900000EB1631284604F031F800B148E0304689
:10CBA000761CC0F30B0105F13000475C286A00EBEE
:10CBB0001631284604F022F800B139E0C6F30B0123
:10CBC00005F13000405C47EA002704F0010008B19D
:10CBD000380901E0C7F30B00804629E0286A00EB22
:10CBE000D421284604F00AF800B121E040F6FF7194
:10CBF00001EA440205F13001501803F0A8FC804618
:10CC000016E0286A00EB9421284603F0F7FF00B1F4
:10CC10000EE040F6FF7101EA840205F13001501880
:10CC200003F089FC20F0704802E04FF0010800BFDB
:10CC300000BF4046BDE8F0870020704770B502464F
:10CC40004FF0FF301568DDB1116800E0491C0D7828
:10CC5000212D02D30D783A2DF8D10D783A2D0ED131
:10CC6000146814F8015BA5F130030A2B06D28C423C
:10CC700004D11BB918464D1C2946156070BD002013
:10CC800000BFFBE710B502460B46002116E02B481B
:10CC900000EB011000681468A0420ED1274800EB99
:10CCA000011040689468A04207D1244800EB0110AD
:10CCB00080685469A04200D102E0491C0229E6D3F1
:10CCC00000BF022922D1002100E0491C022905D21F
:10CCD0001A4800EB011000680028F6D1022901D1A2
:10CCE000002010BD154C04EB011410682060134C9B
:10CCF00004EB011490686060104C04EB011450695F
:10CD0000A06000200D4C04EB0114A08133B10B484E
:10CD100000EB0110808908B10020E2E713B14FF465
:10CD2000807004E0054800EB01108089401C034C32
:10CD300004EB0114A081481CD3E70000308C0020D4
:10CD400070B50446002609480588408845430021FF
:10CD5000084603F04BF903F0C7FB00BF02E00448AC
:10CD60000480761CAE42FAD370BD0000C05B002088
:10CD70008000006C10B5044658488471002C58D1CE
:10CD8000F020564908804FF4A070488008468088FB
:10CD900045F21051884210D14FF430504F4908816C
:10CDA0004FF4285048814FF42C5088814FF4F07094
:10CDB00008804FF4487048801AE04848808841F65F
:10CDC000631188420DD12C20444908812B204881D1
:10CDD0002A2088814FF4F07008804FF44870488012
:10CDE00006E02C203D4908812A2048812B2088819B
:10CDF0003A48808845F21031884205D0374880880B
:10CE000047F29671884206D14FF4A07033490880EA
:10CE10004FF4F07048803148808849F60601884216
:10CE200058D14FF4F0702D4908804FF44870488075
:10CE300050E04FF4A07029490880F020488008464F
:10CE4000808845F21051884210D14FF43050234968
:10CE500008814FF4285048814FF42C5088814FF4BA
:10CE6000487008804FF4F070488020E01B488088AC
:10CE700041F66311884205D01848808849F60601BA
:10CE800088420DD12C20154908812A2048812B2069
:10CE900088814FF4487008804FF4F070488006E0B5
:10CEA0002C200E4908812A2048812B2088810B489C
:10CEB000808845F21031884205D00848808847F2C2
:10CEC0009671884206D14FF4F070044908804FF4FF
:10CED000A0704880002002F06BFF10BDC05B0020F6
:10CEE00070B505460E4614463146284603F07EF8D6
:10CEF00003F0FAFA01490C8070BD00008000006C5C
:10CF000010B5CF2003F0E4FA002003F0D5FAC120D9
:10CF100003F0D2FA302003F0CFFAED2003F0D8FA74
:10CF2000642003F0C9FA032003F0C6FA122003F0CC
:10CF3000C3FA812003F0C0FAE82003F0C9FA852083
:10CF400003F0BAFA102003F0B7FA7A2003F0B4FA2B
:10CF5000CB2003F0BDFA392003F0AEFA2C2003F009
:10CF6000ABFA002003F0A8FA342003F0A5FA02205F
:10CF700003F0A2FAF72003F0ABFA202003F09CFAAA
:10CF8000EA2003F0A5FA002003F096FA002003F04F
:10CF900093FAC02003F09CFA1B2003F08DFAC12005
:10CFA00003F096FA012003F087FAC52003F090FA07
:10CFB000302003F081FA302003F07EFAC72003F01E
:10CFC00087FAB72003F078FA362003F081FA482078
:10CFD00003F072FA3A2003F07BFA552003F06CFA62
:10CFE000B12003F075FA002003F066FA1A2003F06E
:10CFF00063FAB62003F06CFA0A2003F05DFAA2206F
:10D0000003F05AFAF22003F063FA002003F054FA16
:10D01000262003F05DFA012003F04EFAE02003F031
:10D0200057FA0F2003F048FA2A2003F045FA282087
:10D0300003F042FA082003F03FFA0E2003F03CFA16
:10D04000082003F039FA542003F036FAA92003F03F
:10D0500033FA432003F030FA0A2003F02DFA0F20B0
:10D0600003F02AFA002003F027FA002003F024FA44
:10D07000002003F021FA002003F01EFAE12003F063
:10D0800027FA002003F018FA152003F015FA1720EC
:10D0900003F012FA072003F00FFA112003F00CFA44
:10D0A000062003F009FA2B2003F006FA562003F0BD
:10D0B00003FA3C2003F000FA052003F0FDF91020EC
:10D0C00003F0FAF90F2003F0F7F93F2003F0F4F929
:10D0D0003F2003F0F1F90F2003F0EEF92B2003F0CD
:10D0E000F7F9002003F0E8F9002003F0E5F901204A
:10D0F00003F0E2F93F2003F0DFF92A2003F0E8F91A
:10D10000002003F0D9F9002003F0D6F9002003F045
:10D11000D3F9EF2003F0D0F9112003F0D9F97820EA
:10D12000F4F750FB292003F0D3F910BD10B5FF2010
:10D1300003F0CEF9FF2003F0BFF9982003F0BCF90B
:10D14000062003F0B9F9BC2003F0C2F9012003F076
:10D15000B3F90F2003F0B0F9612003F0ADF9FF201F
:10D1600003F0AAF9012003F0A7F9012003F0A4F9C4
:10D170000B2003F0A1F9102003F09EF9372003F0F3
:10D180009BF9632003F098F9FF2003F095F9FF2045
:10D1900003F092F9012003F08FF9012003F08CF9DC
:10D1A000002003F089F9002003F086F9FF2003F046
:10D1B00083F9522003F080F9012003F07DF900206B
:10D1C00003F07AF9402003F077F9BD2003F080F9ED
:10D1D000012003F071F9232003F06EF9452003F0DC
:10D1E0006BF9672003F068F9012003F065F923204B
:10D1F00003F062F9452003F05FF9672003F05CF962
:10D20000BE2003F065F9002003F056F9012003F079
:10D2100053F9AB2003F050F9602003F04DF92220C0
:10D2200003F04AF9222003F047F9222003F044F9E1
:10D23000222003F041F9222003F03EF9C72003F039
:10D2400047F9362003F038F9ED2003F041F97F204B
:10D2500003F032F90F2003F02FF9C02003F038F962
:10D260000F2003F029F90B2003F026F90A2003F020
:10D2700023F9FC2003F02CF9082003F01DF9DF202E
:10D2800003F026F9002003F017F9002003F014F949
:10D29000002003F011F9002003F00EF9002003F044
:10D2A0000BF9202003F008F9F32003F011F97420A2
:10D2B00003F002F9B42003F00BF9002003F0FCF8AE
:10D2C000002003F0F9F8002003F0F6F8F72003F04F
:10D2D000FFF8822003F0F0F8B12003F0F9F8002005
:10D2E00003F0EAF8132003F0E7F8132003F0E4F862
:10D2F000F22003F0EDF8802003F0DEF8042003F0C4
:10D30000DBF8402003F0D8F8282003F0D5F8C1203E
:10D3100003F0DEF8172003F0CFF8882003F0CCF8F4
:10D32000882003F0C9F8202003F0C6F8E02003F0BD
:10D33000CFF8002003F0C0F80A2003F0BDF8122057
:10D3400003F0BAF8102003F0B7F80E2003F0B4F899
:10D35000202003F0B1F8CC2003F0AEF8072003F052
:10D36000ABF8062003F0A8F80B2003F0A5F80E2078
:10D3700003F0A2F80F2003F09FF80D2003F09CF8B3
:10D38000152003F099F8102003F096F8002003F020
:10D3900093F8E12003F09CF8002003F08DF80B20B7
:10D3A00003F08AF8132003F087F80D2003F084F8C7
:10D3B0000E2003F081F81B2003F07EF8712003F0AB
:10D3C0007BF8062003F078F8062003F075F80A20B1
:10D3D00003F072F80F2003F06FF80E2003F06CF8E2
:10D3E0000F2003F069F8152003F066F80C2003F015
:10D3F00063F8002003F060F82A2003F069F80020A9
:10D4000003F05AF8002003F057F8012003F054F815
:10D41000DF2003F051F82B2003F05AF8002003F02E
:10D420004BF8002003F048F8032003F045F81F20D4
:10D4300003F042F83A2003F04BF8552003F03CF893
:10D44000362003F045F8002003F036F8112003F0F1
:10D450003FF87820F4F7B6F9292003F039F81420C2
:10D46000F4F7B0F92C2003F033F810BD10B5ED201F
:10D4700003F02EF8012003F01FF8FE2003F01CF843
:10D48000EE2003F025F8DE2003F016F8212003F04B
:10D4900013F8F12003F01CF8012003F00DF8DF2051
:10D4A00003F016F8102003F007F8C42003F010F87A
:10D4B0008F2003F001F8C62003F00AF8002002F0E4
:10D4C000FBFFE22002F0F8FFE22002F0F5FFE2208D
:10D4D00002F0F2FFBF2002F0FBFFAA2002F0ECFFF7
:10D4E000B02002F0F5FF0D2002F0E6FF002002F070
:10D4F000E3FF0D2002F0E0FF002002F0DDFF11202D
:10D5000002F0DAFF002002F0D7FF192002F0D4FF6A
:10D51000002002F0D1FF212002F0CEFF002002F017
:10D52000CBFF2D2002F0C8FF002002F0C5FF3D20F8
:10D5300002F0C2FF002002F0BFFF5D2002F0BCFF3E
:10D54000002002F0B9FF5D2002F0B6FF002002F0DB
:10D55000B3FFB12002F0BCFF802002F0ADFF00203D
:10D5600002F0AAFF8B2002F0A7FF002002F0A4FF28
:10D57000962002F0A1FF002002F09EFFB22002F0F0
:10D58000A7FF002002F098FF002002F095FF022084
:10D5900002F092FF002002F08FFF032002F08CFFC8
:10D5A000002002F089FFB32002F092FF002002F079
:10D5B00083FF002002F080FF002002F07DFF0020AA
:10D5C00002F07AFF002002F077FF002002F074FFE3
:10D5D000002002F071FF002002F06EFF002002F038
:10D5E0006BFF002002F068FF002002F065FF0020C2
:10D5F00002F062FF002002F05FFF002002F05CFFFB
:10D60000002002F059FF002002F056FF002002F037
:10D6100053FF002002F050FF002002F04DFF0020D9
:10D6200002F04AFF002002F047FF002002F044FF12
:10D63000002002F041FF002002F03EFFB42002F083
:10D6400047FF8B2002F038FF002002F035FF9620C4
:10D6500002F032FF002002F02FFFA12002F02CFF89
:10D66000002002F029FFB52002F032FF022002F074
:10D6700023FF002002F020FF032002F01DFF002006
:10D6800002F01AFF042002F017FF002002F014FF3E
:10D69000B62002F01DFF002002F00EFF002002F075
:10D6A0000BFFB72002F014FF002002F005FF00205E
:10D6B00002F002FF3F2002F0FFFE002002F0FCFE1D
:10D6C0005E2002F0F9FE002002F0F6FE642002F077
:10D6D000F3FE002002F0F0FE8C2002F0EDFE0020B0
:10D6E00002F0EAFEAC2002F0E7FE002002F0E4FEC9
:10D6F000DC2002F0E1FE002002F0DEFE702002F0ED
:10D70000DBFE002002F0D8FE902002F0D5FE0020C3
:10D7100002F0D2FEEB2002F0CFFE002002F0CCFEA1
:10D72000DC2002F0C9FE002002F0C6FEB82002F0A4
:10D73000CFFE002002F0C0FE002002F0BDFE00205F
:10D7400002F0BAFE002002F0B7FE002002F0B4FEA4
:10D75000002002F0B1FE002002F0AEFE002002F038
:10D76000ABFEBA2002F0B4FE242002F0A5FE002099
:10D7700002F0A2FE002002F09FFE002002F09CFEBC
:10D78000C12002F0A5FE202002F096FE002002F04B
:10D7900093FE542002F090FE002002F08DFEFF2048
:10D7A00002F08AFE002002F087FEC22002F090FE06
:10D7B0000A2002F081FE002002F07EFE042002F02A
:10D7C0007BFE002002F078FEC32002F081FE3C20A8
:10D7D00002F072FE002002F06FFE3A2002F06CFEB2
:10D7E000002002F069FE392002F066FE002002F0FF
:10D7F00063FE372002F060FE002002F05DFE3C2058
:10D8000002F05AFE002002F057FE362002F054FECD
:10D81000002002F051FE322002F04EFE002002F005
:10D820004BFE2F2002F048FE002002F045FE2C2087
:10D8300002F042FE002002F03FFE292002F03CFEF2
:10D84000002002F039FE262002F036FE002002F011
:10D8500033FE242002F030FE002002F02DFE2420B2
:10D8600002F02AFE002002F027FE232002F024FE10
:10D87000002002F021FE3C2002F01EFE002002F0FB
:10D880001BFE362002F018FE002002F015FE3220AA
:10D8900002F012FE002002F00FFE2F2002F00CFE1C
:10D8A000002002F009FE2C2002F006FE002002F00B
:10D8B00003FE292002F000FE002002F0FDFD2620DC
:10D8C00002F0FAFD002002F0F7FD242002F0F4FD42
:10D8D000002002F0F1FD242002F0EEFD002002F015
:10D8E000EBFD232002F0E8FD002002F0E5FDC4205E
:10D8F00002F0EEFD622002F0DFFD002002F0DCFD10
:10D90000052002F0D9FD002002F0D6FD842002F0AF
:10D91000D3FD002002F0D0FDF02002F0CDFD00206C
:10D9200002F0CAFD182002F0C7FD002002F0C4FD7D
:10D93000A42002F0C1FD002002F0BEFD182002F07C
:10D94000BBFD002002F0B8FD502002F0B5FD002024
:10D9500002F0B2FD0C2002F0AFFD002002F0ACFDA1
:10D96000172002F0A9FD002002F0A6FD952002F08C
:10D97000A3FD002002F0A0FDF32002F09DFD002099
:10D9800002F09AFDE62002F097FD002002F094FDDF
:10D99000C52002F09DFD322002F08EFD002002F035
:10D9A0008BFD442002F088FD002002F085FD6520FB
:10D9B00002F082FD002002F07FFD762002F07CFD67
:10D9C000002002F079FD882002F076FD002002F0B0
:10D9D00073FDC62002F07CFD202002F06DFD0020CA
:10D9E00002F06AFD172002F067FD002002F064FDDE
:10D9F000012002F061FD002002F05EFDC72002F070
:10DA000067FD002002F058FD002002F055FD0020C7
:10DA100002F052FD002002F04FFDC82002F058FD38
:10DA2000002002F049FD002002F046FD002002F037
:10DA300043FD002002F040FDC92002F049FD002016
:10DA400002F03AFD002002F037FD002002F034FD24
:10DA5000002002F031FD002002F02EFD002002F037
:10DA60002BFD002002F028FD002002F025FD002003
:10DA700002F022FD002002F01FFD002002F01CFD3C
:10DA8000002002F019FD002002F016FD002002F037
:10DA900013FD002002F010FD002002F00DFDE0203B
:10DAA00002F016FD162002F007FD002002F004FD32
:10DAB0001C2002F001FD002002F0FEFC212002F0FB
:10DAC000FBFC002002F0F8FC362002F0F5FC002000
:10DAD00002F0F2FC462002F0EFFC002002F0ECFC29
:10DAE000522002F0E9FC002002F0E6FC642002F083
:10DAF000E3FC002002F0E0FC7A2002F0DDFC0020D4
:10DB000002F0DAFC8B2002F0D7FC002002F0D4FCFB
:10DB1000992002F0D1FC002002F0CEFCA82002F0F7
:10DB2000CBFC002002F0C8FCB92002F0C5FC0020AC
:10DB300002F0C2FCC42002F0BFFC002002F0BCFCDA
:10DB4000CA2002F0B9FC002002F0B6FCD22002F09C
:10DB5000B3FC002002F0B0FCD92002F0ADFC0020A4
:10DB600002F0AAFCE02002F0A7FC002002F0A4FCD6
:10DB7000F32002F0A1FC002002F09EFCE12002F064
:10DB8000A7FC162002F098FC002002F095FC1C2057
:10DB900002F092FC002002F08FFC222002F08CFCAC
:10DBA000002002F089FC362002F086FC002002F002
:10DBB00083FC452002F080FC002002F07DFC522016
:10DBC00002F07AFC002002F077FC642002F074FC82
:10DBD000002002F071FC7A2002F06EFC002002F0BE
:10DBE0006BFC8B2002F068FC002002F065FC9920A1
:10DBF00002F062FC002002F05FFCA82002F05CFC56
:10DC0000002002F059FCB92002F056FC002002F07E
:10DC100053FCC42002F050FC002002F04DFCCA204E
:10DC200002F04AFC002002F047FCD22002F044FC43
:10DC3000002002F041FCD82002F03EFC002002F05F
:10DC40003BFCE02002F038FC002002F035FCF32021
:10DC500002F032FC002002F02FFCE22002F038FC3F
:10DC6000052002F029FC002002F026FC0B2002F027
:10DC700023FC002002F020FC1B2002F01DFC0020F1
:10DC800002F01AFC342002F017FC002002F014FC11
:10DC9000442002F011FC002002F00EFC4F2002F0A4
:10DCA0000BFC002002F008FC612002F005FC0020C3
:10DCB00002F002FC792002F0FFFB002002F0FCFBE6
:10DCC000882002F0F9FB002002F0F6FB972002F01A
:10DCD000F3FB002002F0F0FBA62002F0EDFB002099
:10DCE00002F0EAFBB72002F0E7FB002002F0E4FBC1
:10DCF000C22002F0E1FB002002F0DEFBC72002F0B0
:10DD0000DBFB002002F0D8FBD12002F0D5FB002085
:10DD100002F0D2FBD62002F0CFFB002002F0CCFBB9
:10DD2000DD2002F0C9FB002002F0C6FBF32002F068
:10DD3000C3FB002002F0C0FBE32002F0C9FB05207A
:10DD400002F0BAFB002002F0B7FB0A2002F0B4FB9D
:10DD5000002002F0B1FB1C2002F0AEFB002002F01C
:10DD6000ABFB332002F0A8FB002002F0A5FB44200F
:10DD700002F0A2FB002002F09FFB502002F09CFB6F
:10DD8000002002F099FB622002F096FB002002F0D6
:10DD900093FB782002F090FB002002F08DFB88209E
:10DDA00002F08AFB002002F087FB972002F084FB40
:10DDB000002002F081FBA62002F07EFB002002F092
:10DDC0007BFBB72002F078FB002002F075FBC2203D
:10DDD00002F072FB002002F06FFBC72002F06CFB28
:10DDE000002002F069FBD12002F066FB002002F067
:10DDF00063FBD52002F060FB002002F05DFBDD201C
:10DE000002F05AFB002002F057FBF32002F054FB13
:10DE1000002002F051FBE42002F05AFB012002F046
:10DE20004BFB002002F048FB012002F045FB0020E4
:10DE300002F042FB022002F03FFB002002F03CFB1C
:10DE40002A2002F039FB002002F036FB3C2002F0D1
:10DE500033FB002002F030FB4B2002F02DFB0020B2
:10DE600002F02AFB5D2002F027FB002002F024FBD9
:10DE7000742002F021FB002002F01EFB842002F03F
:10DE80001BFB002002F018FB932002F015FB002082
:10DE900002F012FBA22002F00FFB002002F00CFBAC
:10DEA000B32002F009FB002002F006FBBE2002F0C6
:10DEB00003FB002002F000FBC42002F0FDFA00206A
:10DEC00002F0FAFACD2002F0F7FA002002F0F4FA9C
:10DED000D32002F0F1FA002002F0EEFADD2002F089
:10DEE000EBFA002002F0E8FAF32002F0E5FA002055
:10DEF00002F0E2FAE52002F0EBFA002002F0DCFA90
:10DF0000002002F0D9FA002002F0D6FA002002F038
:10DF1000D3FA022002F0D0FA002002F0CDFA292034
:10DF200002F0CAFA002002F0C7FA3C2002F0C4FA5C
:10DF3000002002F0C1FA4B2002F0BEFA002002F0ED
:10DF4000BBFA5D2002F0B8FA002002F0B5FA7420A6
:10DF500002F0B2FA002002F0AFFA842002F0ACFA2C
:10DF6000002002F0A9FA932002F0A6FA002002F0A5
:10DF7000A3FAA22002F0A0FA002002F09DFAB3203A
:10DF800002F09AFA002002F097FABE2002F094FA0A
:10DF9000002002F091FAC42002F08EFA002002F074
:10DFA0008BFACD2002F088FA002002F085FAD32007
:10DFB00002F082FA002002F07FFADC2002F07CFA04
:10DFC000002002F079FAF32002F076FA002002F045
:10DFD00073FAE62002F07CFA112002F06DFA0020BC
:10DFE00002F06AFA342002F067FA002002F064FAC4
:10DFF000562002F061FA002002F05EFA762002F06C
:10E000005BFA002002F058FA772002F055FA00205F
:10E0100002F052FA662002F04FFA002002F04CFAA9
:10E02000882002F049FA002002F046FA992002F016
:10E0300043FA002002F040FABB2002F03DFA002033
:10E0400002F03AFA992002F037FA002002F034FA8E
:10E05000662002F031FA002002F02EFA552002F07C
:10E060002BFA002002F028FA552002F025FA0020B1
:10E0700002F022FA452002F01FFA002002F01CFAFA
:10E08000432002F019FA002002F016FA442002F0B0
:10E0900013FA002002F010FAE72002F019FA3220F9
:10E0A00002F00AFA002002F007FA552002F004FA02
:10E0B000002002F001FA762002F0FEF9002002F0C2
:10E0C000FBF9662002F0F8F9002002F0F5F967206C
:10E0D00002F0F2F9002002F0EFF9672002F0ECF90B
:10E0E000002002F0E9F9872002F0E6F9002002F0B2
:10E0F000E3F9992002F0E0F9002002F0DDF9BB20FD
:10E1000002F0DAF9002002F0D7F9992002F0D4F9F0
:10E11000002002F0D1F9772002F0CEF9002002F0C1
:10E12000CBF9442002F0C8F9002002F0C5F95620CE
:10E1300002F0C2F9002002F0BFF9232002F0BCF97E
:10E14000002002F0B9F9332002F0B6F9002002F005
:10E15000B3F9452002F0B0F9002002F0ADF9E82053
:10E1600002F0B6F9002002F0A7F9002002F0A4F9AD
:10E17000992002F0A1F9002002F09EF9872002F018
:10E180009BF9002002F098F9882002F095F9002010
:10E1900002F092F9772002F08FF9002002F08CF95A
:10E1A000662002F089F9002002F086F9882002F04A
:10E1B00083F9002002F080F9AA2002F07DF9002006
:10E1C00002F07AF9BB2002F077F9002002F074F92E
:10E1D000992002F071F9002002F06EF9662002F039
:10E1E0006BF9002002F068F9552002F065F9002073
:10E1F00002F062F9552002F05FF9002002F05CF9AC
:10E20000442002F059F9002002F056F9442002F0AF
:10E2100053F9002002F050F9552002F04DF900208A
:10E2200002F04AF9E92002F053F9AA2002F044F979
:10E23000002002F041F9002002F03EF9002002F037
:10E240003BF9002002F044F9AA2002F035F9CF2072
:10E2500002F03EF9002002F02FF9002002F02CF924
:10E26000002002F029F9002002F026F9002002F037
:10E2700023F9002002F020F9002002F01DF900200F
:10E2800002F01AF9002002F017F9002002F014F948
:10E29000002002F011F9002002F00EF9002002F037
:10E2A0000BF9002002F008F9002002F005F9002027
:10E2B00002F002F9002002F0FFF8F02002F008F965
:10E2C000002002F0F9F8502002F0F6F8002002F0E9
:10E2D000F3F8002002F0F0F8002002F0EDF8F3204F
:10E2E00002F0F6F8002002F0E7F8F92002F0F0F86A
:10E2F000062002F0E1F8102002F0DEF8292002F0FA
:10E30000DBF8002002F0D8F83A2002F0E1F85520BE
:10E3100002F0D2F8112002F0DBF86420F3F752FA91
:10E32000292002F0D5F8352002F0D2F8002002F0C2
:10E33000C3F8512002F0CCF8FF2002F0BDF85320C2
:10E3400002F0C6F82C2002F0B7F8552002F0C0F811
:10E35000822002F0B1F82C2002F0BAF810BD10B5FE
:10E3600055214FF4704002F0C9F8AA214FF2010084
:10E3700002F0C4F852214FF2020002F0BFF8082167
:10E380004FF2030002F0BAF801214FF2040002F04C
:10E39000B5F834214FF4364002F0B0F834214BF296
:10E3A000016002F0ABF834214BF2026002F0A6F8F3
:10E3B0000D214FF4304002F0A1F80D214BF2010085
:10E3C00002F09CF80D214BF2020002F097F8242194
:10E3D0004FF4374002F092F824214BF2017002F022
:10E3E0008DF824214BF2027002F088F80D214FF4D1
:10E3F000314002F083F80D214BF2011002F07EF85B
:10E400000D214BF2021002F079F824214FF438402C
:10E4100002F074F824214BF6010002F06FF8242179
:10E420004BF6020002F06AF800214FF4324002F08D
:10E4300065F824214FF4394002F060F824214BF6AE
:10E44000011002F05BF824214BF6021002F056F89E
:10E4500005214FF4334002F051F805214BF2013011
:10E4600002F04CF805214BF2023002F047F834215B
:10E470004FF43A4002F042F834214BF6012002F00A
:10E480003DF834214BF6022002F038F80B214FF40E
:10E49000354002F033F80B214BF2015002F02EF818
:10E4A0000B214BF2025002F029F800214FF43C40BE
:10E4B00002F024F8A3214BF6014002F01FF80021DE
:10E4C0004BF6024002F01AF800214FF43D4002F0F2
:10E4D00015F8A3214BF6015002F010F800214BF67D
:10E4E000025002F00BF800214FF43E4002F006F813
:10E4F00037214BF6016002F001F800214FF4514042
:10E5000001F0FCFF37214DF2011001F0F7FF00216F
:10E510004DF2021001F0F2FF53214DF2031001F011
:10E52000EDFF00214DF2041001F0E8FF79214DF2DA
:10E53000051001F0E3FF00214DF2061001F0DEFFAF
:10E5400097214DF2071001F0D9FF00214DF208107C
:10E5500001F0D4FFB1214DF2091001F0CFFF0021ED
:10E560004DF20A1001F0CAFFD5214DF20B1001F057
:10E57000C5FF00214DF20C1001F0C0FFF4214DF257
:10E580000D1001F0BBFF01214DF20E1001F0B6FF9E
:10E5900023214DF20F1001F0B1FF01214DF21010B7
:10E5A00001F0ACFF49214DF2111001F0A7FF01214C
:10E5B0004DF2121001F0A2FF87214DF2131001F06D
:10E5C0009DFF01214DF2141001F098FFB6214DF28C
:10E5D000151001F093FF02214DF2161001F08EFF8D
:10E5E00000214DF2171001F089FF02214DF21810A1
:10E5F00001F084FF3B214DF2191001F07FFF022151
:10E600004DF21A1001F07AFF3D214DF21B1001F07E
:10E6100075FF02214DF21C1001F070FF75214DF2C3
:10E620001D1001F06BFF02214DF21E1001F066FF7C
:10E63000B1214DF21F1001F061FF02214DF22010B7
:10E6400001F05CFFD5214DF2211001F057FF0321AD
:10E650004DF2221001F052FF09214DF2231001F07A
:10E660004DFF03214DF2241001F048FF28214DF207
:10E67000251001F043FF03214DF2261001F03EFF6B
:10E6800052214DF2271001F039FF03214DF22810DD
:10E6900001F034FF6B214DF2291001F02FFF03210F
:10E6A0004DF22A1001F02AFF8D214DF22B1001F0BE
:10E6B00025FF03214DF22C1001F020FFA2214DF285
:10E6C0002D1001F01BFF03214DF22E1001F016FF5B
:10E6D000BB214DF22F1001F011FF03214DF230103C
:10E6E00001F00CFFC1214DF2311001F007FF0321B1
:10E6F0004DF2321001F002FFC1214DF2331001F052
:10E70000FDFE00214FF4524001F0F8FE37214DF29A
:10E71000012001F0F3FE00214DF2022001F0EEFE97
:10E7200053214DF2032001F0E9FE00214DF20420B7
:10E7300001F0E4FE79214DF2052001F0DFFE002119
:10E740004DF2062001F0DAFE97214DF2072001F08C
:10E75000D5FE00214DF2082001F0D0FEB1214DF28E
:10E76000092001F0CBFE00214DF20A2001F0C6FE87
:10E77000D5214DF20B2001F0C1FE00214DF20C20FD
:10E7800001F0BCFEF4214DF20D2001F0B7FE012195
:10E790004DF20E2001F0B2FE23214DF20F2001F0C8
:10E7A000ADFE01214DF2102001F0A8FE49214DF2ED
:10E7B000112001F0A3FE01214DF2122001F09EFE76
:10E7C00087214DF2132001F099FE01214DF2142012
:10E7D00001F094FEB6214DF2152001F08FFE0221CA
:10E7E0004DF2162001F08AFE00214DF2172001F0B3
:10E7F00085FE02214DF2182001F080FE3B214DF2F2
:10E80000192001F07BFE02214DF21A2001F076FE64
:10E810003D214DF21B2001F071FE02214DF21C2022
:10E8200001F06CFE75214DF21D2001F067FE022102
:10E830004DF21E2001F062FEB1214DF21F2001F0C9
:10E840005DFE02214DF2202001F058FED5214DF24F
:10E85000212001F053FE03214DF2222001F04EFE53
:10E8600009214DF2232001F049FE03214DF224201D
:10E8700001F044FE28214DF2252001F03FFE032146
:10E880004DF2262001F03AFE52214DF2272001F0F0
:10E8900035FE03214DF2282001F030FE6B214DF2B0
:10E8A000292001F02BFE03214DF22A2001F026FE43
:10E8B0008D214DF22B2001F021FE03214DF22C2061
:10E8C00001F01CFEA2214DF22D2001F017FE0321C4
:10E8D0004DF22E2001F012FEBB214DF22F2001F04F
:10E8E0000DFE03214DF2302001F008FEC1214DF252
:10E8F000312001F003FE03214DF2322001F0FEFD34
:10E90000C1214DF2332001F0F9FD00214FF45340B5
:10E9100001F0F4FD37214DF2013001F0EFFD00214F
:10E920004DF2023001F0EAFD53214DF2033001F0C7
:10E93000E5FD00214DF2043001F0E0FD79214DF2BA
:10E94000053001F0DBFD00214DF2063001F0D6FD6F
:10E9500097214DF2073001F0D1FD00214DF2083032
:10E9600001F0CCFDB1214DF2093001F0C7FD0021CD
:10E970004DF20A3001F0C2FDD5214DF20B3001F00D
:10E98000BDFD00214DF20C3001F0B8FDF4214DF237
:10E990000D3001F0B3FD01214DF20E3001F0AEFD5E
:10E9A00023214DF20F3001F0A9FD01214DF210306D
:10E9B00001F0A4FD49214DF2113001F09FFD01212C
:10E9C0004DF2123001F09AFD87214DF2133001F023
:10E9D00095FD01214DF2143001F090FDB6214DF26C
:10E9E000153001F08BFD02214DF2163001F086FD4D
:10E9F00000214DF2173001F081FD02214DF2183057
:10EA000001F07CFD3B214DF2193001F077FD022130
:10EA10004DF21A3001F072FD3D214DF21B3001F034
:10EA20006DFD02214DF21C3001F068FD75214DF2A3
:10EA30001D3001F063FD02214DF21E3001F05EFD3C
:10EA4000B1214DF21F3001F059FD02214DF220306D
:10EA500001F054FDD5214DF2213001F04FFD03218D
:10EA60004DF2223001F04AFD09214DF2233001F030
:10EA700045FD03214DF2243001F040FD28214DF2E7
:10EA8000253001F03BFD03214DF2263001F036FD2B
:10EA900052214DF2273001F031FD03214DF2283093
:10EAA00001F02CFD6B214DF2293001F027FD0321EF
:10EAB0004DF22A3001F022FD8D214DF22B3001F074
:10EAC0001DFD03214DF22C3001F018FDA2214DF265
:10EAD0002D3001F013FD03214DF22E3001F00EFD1B
:10EAE000BB214DF22F3001F009FD03214DF23030F2
:10EAF00001F004FDC1214DF2313001F0FFFC032192
:10EB00004DF2323001F0FAFCC1214DF2333001F008
:10EB1000F5FC00214FF4544001F0F0FC37214DF298
:10EB2000014001F0EBFC00214DF2024001F0E6FC57
:10EB300053214DF2034001F0E1FC00214DF204406D
:10EB400001F0DCFC79214DF2054001F0D7FC0021F9
:10EB50004DF2064001F0D2FC97214DF2074001F042
:10EB6000CDFC00214DF2084001F0C8FCB1214DF26E
:10EB7000094001F0C3FC00214DF20A4001F0BEFC47
:10EB8000D5214DF20B4001F0B9FC00214DF20C40B3
:10EB900001F0B4FCF4214DF20D4001F0AFFC012175
:10EBA0004DF20E4001F0AAFC23214DF20F4001F07E
:10EBB000A5FC01214DF2104001F0A0FC49214DF2CD
:10EBC000114001F09BFC01214DF2124001F096FC36
:10EBD00087214DF2134001F091FC01214DF21440C8
:10EBE00001F08CFCB6214DF2154001F087FC0221AA
:10EBF0004DF2164001F082FC00214DF2174001F069
:10EC00007DFC02214DF2184001F078FC3B214DF2D1
:10EC1000194001F073FC02214DF21A4001F06EFC24
:10EC20003D214DF21B4001F069FC02214DF21C40D8
:10EC300001F064FC75214DF21D4001F05FFC0221E2
:10EC40004DF21E4001F05AFCB1214DF21F4001F07F
:10EC500055FC02214DF2204001F050FCD5214DF22F
:10EC6000214001F04BFC03214DF2224001F046FC13
:10EC700009214DF2234001F041FC03214DF22440D3
:10EC800001F03CFC28214DF2254001F037FC032126
:10EC90004DF2264001F032FC52214DF2274001F0A6
:10ECA0002DFC03214DF2284001F028FC6B214DF290
:10ECB000294001F023FC03214DF22A4001F01EFC03
:10ECC0008D214DF22B4001F019FC03214DF22C4017
:10ECD00001F014FCA2214DF22D4001F00FFC0321A4
:10ECE0004DF22E4001F00AFCBB214DF22F4001F005
:10ECF00005FC03214DF2304001F000FCC1214DF232
:10ED0000314001F0FBFB03214DF2324001F0F6FBF4
:10ED1000C1214DF2334001F0F1FB00214FF4554089
:10ED200001F0ECFB37214DF2015001F0E7FB00212F
:10ED30004DF2025001F0E2FB53214DF2035001F07D
:10ED4000DDFB00214DF2045001F0D8FB79214DF29A
:10ED5000055001F0D3FB00214DF2065001F0CEFB2F
:10ED600097214DF2075001F0C9FB00214DF20850E8
:10ED700001F0C4FBB1214DF2095001F0BFFB0021AD
:10ED80004DF20A5001F0BAFBD5214DF20B5001F0C3
:10ED9000B5FB00214DF20C5001F0B0FBF4214DF217
:10EDA0000D5001F0ABFB01214DF20E5001F0A6FB1E
:10EDB00023214DF20F5001F0A1FB01214DF2105023
:10EDC00001F09CFB49214DF2115001F097FB01210C
:10EDD0004DF2125001F092FB87214DF2135001F0D9
:10EDE0008DFB01214DF2145001F088FBB6214DF24C
:10EDF000155001F083FB02214DF2165001F07EFB0D
:10EE000000214DF2175001F079FB02214DF218500C
:10EE100001F074FB3B214DF2195001F06FFB022110
:10EE20004DF21A5001F06AFB3D214DF21B5001F0EA
:10EE300065FB02214DF21C5001F060FB75214DF283
:10EE40001D5001F05BFB02214DF21E5001F056FBFC
:10EE5000B1214DF21F5001F051FB02214DF2205023
:10EE600001F04CFBD5214DF2215001F047FB03216D
:10EE70004DF2225001F042FB09214DF2235001F0E6
:10EE80003DFB03214DF2245001F038FB28214DF2C7
:10EE9000255001F033FB03214DF2265001F02EFBEB
:10EEA00052214DF2275001F029FB03214DF2285049
:10EEB00001F024FB6B214DF2295001F01FFB0321CF
:10EEC0004DF22A5001F01AFB8D214DF22B5001F02A
:10EED00015FB03214DF22C5001F010FBA2214DF245
:10EEE0002D5001F00BFB03214DF22E5001F006FBDB
:10EEF000BB214DF22F5001F001FB03214DF23050A8
:10EF000001F0FCFAC1214DF2315001F0F7FA032172
:10EF10004DF2325001F0F2FAC1214DF2335001F0BE
:10EF2000EDFA00214FF4564001F0E8FA37214DF296
:10EF3000016001F0E3FA00214DF2026001F0DEFA17
:10EF400053214DF2036001F0D9FA00214DF2046023
:10EF500001F0D4FA79214DF2056001F0CFFA0021D9
:10EF60004DF2066001F0CAFA97214DF2076001F0F8
:10EF7000C5FA00214DF2086001F0C0FAB1214DF24E
:10EF8000096001F0BBFA00214DF20A6001F0B6FA07
:10EF9000D5214DF20B6001F0B1FA00214DF20C6069
:10EFA00001F0ACFAF4214DF20D6001F0A7FA012155
:10EFB0004DF20E6001F0A2FA23214DF20F6001F034
:10EFC0009DFA01214DF2106001F098FA49214DF2AD
:10EFD000116001F093FA01214DF2126001F08EFAF6
:10EFE00087214DF2136001F089FA01214DF214607E
:10EFF00001F084FAB6214DF2156001F07FFA02218A
:10F000004DF2166001F07AFA00214DF2176001F01E
:10F0100075FA02214DF2186001F070FA3B214DF2B1
:10F02000196001F06BFA02214DF21A6001F066FAE4
:10F030003D214DF21B6001F061FA02214DF21C608E
:10F0400001F05CFA75214DF21D6001F057FA0221C2
:10F050004DF21E6001F052FAB1214DF21F6001F035
:10F060004DFA02214DF2206001F048FAD5214DF20F
:10F07000216001F043FA03214DF2226001F03EFAD3
:10F0800009214DF2236001F039FA03214DF2246089
:10F0900001F034FA28214DF2256001F02FFA032106
:10F0A0004DF2266001F02AFA52214DF2276001F05C
:10F0B00025FA03214DF2286001F020FA6B214DF270
:10F0C000296001F01BFA03214DF22A6001F016FAC3
:10F0D0008D214DF22B6001F011FA03214DF22C60CD
:10F0E00001F00CFAA2214DF22D6001F007FA032184
:10F0F0004DF22E6001F002FABB214DF22F6001F0BB
:10F10000FDF903214DF2306001F0F8F9C1214DF213
:10F11000316001F0F3F903214DF2326001F0EEF9B4
:10F12000C1214DF2336001F0E9F955214FF47040EF
:10F1300001F0E4F9AA214FF2010001F0DFF95221B8
:10F140004FF2020001F0DAF908214FF2030001F05A
:10F15000D5F900214FF2040001F0D0F900214FF45D
:10F16000304001F0CBF905214BF2010001F0C6F966
:10F1700002214BF2020001F0C1F905214BF203001C
:10F1800001F0BCF902214BF2040001F0B7F90821AB
:10F190004FF4364001F0B2F950214FF4354001F000
:10F1A000ADF905214FF4364001F0A8F900214FF4E4
:10F1B000374001F0A3F900214BF2017001F09EF9F4
:10F1C00001214FF4384001F099F905214BF6010077
:10F1D00001F094F905214BF6020001F08FF90521A9
:10F1E0004BF6030001F08AF902214FF43C4001F094
:10F1F00085F900214BF6014001F080F900214BF622
:10F20000024001F07BF903214FF44C4001F076F904
:10F2100000214CF6014001F071F900214CF602404A
:10F2200001F06CF901214FF43D4001F067F98421B0
:10F230004BF6015001F062F907214BF6025001F044
:10F240005DF931214BF6035001F058F900214BF6DE
:10F25000045001F053F901214FF43A4001F04EF906
:10F26000AA214FF47F4001F049F955214FF6017072
:10F2700001F044F925214FF6027001F03FF9012118
:10F280004FF6037001F03AF940214FF4585001F065
:10F2900035F900214FF4545001F030F905214FF4B5
:10F2A000685001F02BF94FF4885001F011F97820E3
:10F2B000F2F788FA4FF4245001F00AF90A20F2F725
:10F2C00081FA4FF4305001F003F910BD10B5E2207F
:10F2D00001F0FEF81D2001F0EFF8022001F0ECF83B
:10F2E000042001F0E9F8E02001F0F2F8012001F03B
:10F2F000E3F80A20F2F766FAE02001F0E9F80320CB
:10F3000001F0DAF80C20F2F75DFA012001F0E0F8E4
:10F310000A20F2F757FAE62001F0DAF82F2001F080
:10F32000CBF8FF2001F0C8F8FF2001F0C5F8B020AD
:10F3300001F0CEF8202001F0BFF8002001F0BCF869
:10F34000032001F0B9F840F21F3001F0B5F80120B8
:10F3500001F0B2F840F2DF1001F0AEF8002001F049
:10F36000ABF8B42001F0B4F8042001F0A5F840F2A5
:10F370001F4001F0A1F8002001F09EF82E2001F0BE
:10F380009BF8002001F098F8002001F095F800208B
:10F3900001F092F8002001F08FF8B62001F098F803
:10F3A000022001F089F84FF4037001F085F8002085
:10F3B00001F082F8172001F07FF8152001F07CF8A9
:10F3C000002001F079F8002001F076F8F02001F03B
:10F3D0007FF8032001F070F8292001F079F8D0209F
:10F3E00001F076F8002001F067F8BE2001F070F817
:10F3F000052001F061F8FE2001F05EF8012001F027
:10F400005BF8002001F058F8002001F055F80020CA
:10F4100001F052F8B82001F05BF8032001F04CF83D
:10F42000012001F049F8BA2001F052F8012001F062
:10F4300043F810BD10B5112001F04AF87820F2F71A
:10F44000C1F9362001F044F8002001F035F83A20E7
:10F4500001F03EF8052001F02FF8B22001F038F855
:10F460000C2001F029F80C2001F026F8002001F012
:10F4700023F8332001F020F8332001F01DF8B720E5
:10F4800001F026F8352001F017F8BB2001F020F834
:10F49000322001F011F8C02001F01AF80C2001F020
:10F4A0000BF8C22001F014F8012001F005F8C32088
:10F4B00001F00EF8102000F0FFFFC42001F008F862
:10F4C000202000F0F9FFC62001F002F80F2000F024
:10F4D000F3FFD02000F0FCFFA42000F0EDFFA120FE
:10F4E00000F0EAFFE02000F0F3FFD02000F0E4FF9E
:10F4F000002000F0E1FF022000F0DEFF072000F016
:10F50000DBFF0A2000F0D8FF282000F0D5FF3220D2
:10F5100000F0D2FF442000F0CFFF422000F0CCFFEB
:10F52000062000F0C9FF0E2000F0C6FF122000F0F8
:10F53000C3FF142000F0C0FF172000F0BDFFE12042
:10F5400000F0C6FFD02000F0B7FF002000F0B4FFAD
:10F55000022000F0B1FF072000F0AEFF0A2000F00B
:10F56000ABFF282000F0A8FF312000F0A5FF5420B9
:10F5700000F0A2FF472000F09FFF0E2000F09CFF4C
:10F580001C2000F099FF172000F096FF1B2000F0D0
:10F5900093FF1E2000F090FF2A2000F099FF00202A
:10F5A00000F08AFF002000F087FF002000F084FFB9
:10F5B000EF2000F081FF2B2000F08AFF002000F0F8
:10F5C0007BFF002000F078FF012000F075FF3F2056
:10F5D00000F072FF292000F07BFF10BD10B5112054
:10F5E00000F076FF7820F2F7EDF8362000F070FF9B
:10F5F000482000F061FF3A2000F06AFF552000F03B
:10F600005BFFF02000F064FFC32000F055FFF02006
:10F6100000F05EFF962000F04FFFB42000F058FF8E
:10F62000012000F049FFB62000F052FF0A2000F050
:10F6300043FFA22000F040FFB72000F049FFC620A2
:10F6400000F03AFFB92000F043FF022000F034FF41
:10F65000E02000F031FFC02000F03AFF802000F0F1
:10F660002BFF162000F028FFC12000F031FF1920E9
:10F6700000F022FFC22000F02BFFA72000F01CFFAB
:10F68000C52000F025FF162000F016FFE82000F04E
:10F690001FFF402000F010FF8A2000F00DFF002027
:10F6A00000F00AFF002000F007FF292000F004FF0F
:10F6B000192000F001FFA52000F0FEFE332000F02D
:10F6C000FBFEE02000F004FFF02000F0F5FE072034
:10F6D00000F0F2FE0D2000F0EFFE042000F0ECFE42
:10F6E000052000F0E9FE142000F0E6FE362000F0D0
:10F6F000E3FE542000F0E0FE4C2000F0DDFE382058
:10F7000000F0DAFE132000F0D7FE142000F0D4FE43
:10F710002E2000F0D1FE342000F0CEFEE12000F0DB
:10F72000D7FEF02000F0C8FE102000F0C5FE142027
:10F7300000F0C2FE0E2000F0BFFE0C2000F0BCFE68
:10F74000082000F0B9FE352000F0B6FE442000F09D
:10F75000B3FE4C2000F0B0FE262000F0ADFE1020DD
:10F7600000F0AAFE122000F0A7FE2C2000F0A4FE5C
:10F77000322000F0A1FEF02000F0AAFE3C2000F0B4
:10F780009BFEF02000F0A4FE692000F095FE78209A
:10F79000F2F718F8212000F09BFE292000F098FED7
:10F7A00010BD000000B595B000BF00BF0020019063
:10F7B000FC48006840F04000FA49086008460068CC
:10F7C00000F04000019000BF00BF00BF00BF00BFBD
:10F7D000002001900846006840F0080008600846D4
:10F7E000006800F00800019000BF00BF00BF00BF2C
:10F7F00000BF002001900846006840F00800086043
:10F800000846006800F00800019000BF00BF00BF7C
:10F8100000BF00BF002001900846006840F02000B3
:10F8200008600846006800F02000019000BF00BF9B
:10F8300000BF00BF00BF002001900846006840F0F4
:10F84000020008600846006800F00200019000BF56
:10F8500000BF00BF00BF00BF002001900846006845
:10F8600040F0020008600846006800F002000190C5
:10F8700000BF00BF00BF881410900220119001202B
:10F880001290022013900C20149010A9C648F2F791
:10F8900047F82020109010A9C448F2F741F8102032
:10F8A000109010A9C148F2F73BF84FF48050109027
:10F8B00010A9BF48F2F734F84FF40040109001202F
:10F8C000119010A9BB48F2F72BF80120109011906D
:10F8D00010A9B848F2F724F800BF01221146B54834
:10F8E000F2F720F900BF4FF02040B3490860B34859
:10F8F0004860062088600021AF48C1601021416146
:10F9000000218161C16141624FF480518162002117
:10F91000C1624FF4804101630021416381630F2084
:10F92000099000200A903C200B9000200F900920A5
:10F93000029000200390092004900020089002AA61
:10F9400009A99D48F4F7A3F83220F1F73BFFD32033
:10F9500000F0BEFD00F0D4F99949888000F0D0F99C
:10F960009749888000F0CCF99549888008468088BE
:10F970004FF6FF7101EA00209149888000F0C0F93C
:10F980008F49898808438E4988800846808849F2D3
:10F99000413188427ED0042000F09AFD00F0B0F999
:10F9A0008749888000F0ACF98549888000F0A8F983
:10F9B00083498880084680884FF6FF7101EA00205D
:10F9C0007F49888000F09CF97D49898808437C49FB
:10F9D00088800846808848F25251884203D147F215
:10F9E0008970774988807648808847F28971884293
:10F9F000D0D0D42000F06CFD00F082F970498880EE
:10FA000000F07EF96E49888000F07AF96C498880B0
:10FA1000084680884FF6FF7101EA00206849888017
:10FA200000F06EF966498988084365498880084670
:10FA3000808845F210318842ACD0D32000F048FDD8
:10FA400000F05EF95E49888000F05AF95C498880D0
:10FA500000F056F95A498880084680884FF6FF71B1
:10FA600001EA00205649888000F04AF95449898803
:10FA70000843534988800846808847F29671884237
:10FA800088D055214FF4704000F038FDAA214FF284
:10FA9000010000E07CE000F031FD52214FF2020055
:10FAA00000F02CFD08214FF2030000F027FD01219A
:10FAB0004FF2040000F022FD4FF4454000F008FD35
:10FAC00000F01EF93E498880084680884FF6FF7195
:10FAD00001EA00203A4988804CF2015000F0F8FC1D
:10FAE00000F00EF936498988084335498880052099
:10FAF000F1F768FE3248808845F21051884247D0BD
:10FB0000D32000F0E5FC00F0FBF82D49888000F0E0
:10FB1000F7F82B49888000F0F3F8294988800846D7
:10FB200080884FF6FF7101EA00202549888000F0A7
:10FB3000E7F8234989880843214988800846808856
:10FB400049F60601884223D0A12000F0C1FC00F054
:10FB5000D7F81B49888000F0D3F8194988800846F7
:10FB600080884FF6FF7101EA00201549888000F077
:10FB7000C7F8134989880843114988800846808856
:10FB800045F26171884203D141F663100C498880C7
:10FB90000B48808847F28971884213D1FFF74AFCED
:10FBA00048E000003038024000180240000C0240DB
:10FBB0000014024000040240705B0020040100A019
:10FBC000C05B00204848808849F24131884202D118
:10FBD000FDF796F92EE04448808845F210318842BE
:10FBE00002D1FDF743FC25E03F48808847F296713B
:10FBF000884202D1FFF7F2FC1CE03B48808845F2C6
:10FC00001051884202D1FEF7AAFB13E036488088E3
:10FC100049F60601884202D1FDF788FA0AE0324827
:10FC2000808841F66311884204D1FFF74FFB6420BE
:10FC300000F018FC2C48808847F2897188420AD16C
:10FC400003200290049029490B6B8A68486802A936
:10FC5000F1F73AFB38E02448808849F606018842EB
:10FC60000BD02148808849F24131884205D01E4896
:10FC7000808845F2105188420AD1022002900490F7
:10FC80001A490B6B8A68486802A9F1F71DFB1BE053
:10FC90001548808845F2103188420BD01248808880
:10FCA00047F29671884205D00F48808841F663116B
:10FCB000884209D10120029004900C490B6B8A689C
:10FCC000486802A9F1F700FB0120FDF753F800BFD7
:10FCD0000122D1030648F1F725FF00BF4FF6FF7060
:10FCE000FDF72EF815B000BDC05B0020705B002052
:10FCF0000004024000BF0100A0F10100FBD17047E9
:10FD000008B50220FFF7F6FF024800880090BDF812
:10FD1000000008BD8000006C2DE9F04105460E464C
:10FD200000240027A04621480088A84203DD1F4880
:10FD30004088B04202DC0020BDE8F0813146284610
:10FD400000F054F91948808845F21051884204D1D6
:10FD50004FF4385000F0BCFB02E02E2000F0B8FB5E
:10FD6000FFF7CEFF04461148808841F663118842B0
:10FD700001D12046E0E7FFF7C3FF04460B48808827
:10FD800047F29671884201D12046D5E7FFF7B8FFC8
:10FD90008046E7B24FF6FF7000EA0727E012C00284
:10FDA000B91240EA411040EAE820C5E7C05B0020F4
:10FDB000F0B50546002400278B488079012805D13D
:10FDC0008948808841F66311884208D18648807945
:10FDD000F0B98548808841F66311884218D1082D12
:10FDE00015D2DFE805F00406080A0C0E10120625ED
:10FDF0000DE007250BE0042509E0052507E00125B6
:10FE000005E0002503E0032501E0022500BF00BF57
:10FE1000082D1CD2DFE805F00406090C0F12151896
:10FE200000BF14E044F0800411E044F040040EE010
:10FE300044F0C0040BE044F0200408E044F0600407
:10FE400005E044F0A00402E044F0E00400BF00BF7D
:10FE500036276548808845F21051884200D13F021C
:10FE60006148808849F2413188420BD05E488088E1
:10FE700047F28971884205D05B48808847F29671C5
:10FE8000884201D144F008042146384600F036FB90
:10FE90005548808841F6631188421DD004F0200047
:10FEA00068B15148008850494988884214DA4E4860
:10FEB000068840884C490880084646800CE04A483D
:10FEC000008849494988884206DD474806884088B5
:10FED00045490880084646804348808845F21051CD
:10FEE000884252D14049488900F0F2FA002000F0DF
:10FEF000E3FA3D494989491C88B200F0E9FA00203B
:10FF000000F0DAFA38494989891C88B200F0E0FA31
:10FF100035490988491EC1F30F2000F0CDFA324956
:10FF20004989C91C88B200F0D3FA2F490978491EC3
:10FF3000C8B200F0C1FA2C49888900F0C9FA002043
:10FF400000F0BAFA28498989491C88B200F0C0FA41
:10FF5000002000F0B1FA24498989891C88B200F098
:10FF6000B7FA21494988491EC1F30F2000F0A4FACD
:10FF70001D498989C91C88B200F0AAFA1A498978F2
:10FF8000491EC8B200F098FA2DE01749488900F0E0
:10FF90009FFA002000F090FA002000F08DFA12493C
:10FFA0000988491EC1F30F2000F086FA0E4909782E
:10FFB000491EC8B200F080FA0B49888900F088FA1F
:10FFC000002000F079FA002000F076FA064949880E
:10FFD000491EC1F30F2000F06FFA03498978491ECA
:10FFE000C8B200F069FAF0BDC05B002010B502464F
:10FFF0000C464548808841F66311884247D1424803
:020000040801F1
:100000008079A8B940480088401E801A82B23E49D3
:10001000488900F05DFA002000F04EFA002000F060
:100020004BFA101200F048FAD0B200F045FA16E090
:100030003549488900F04CFA101200F03DFAD0B270
:1000400000F03AFA30490988491EC1F30F2000F048
:1000500033FA2D490978491EC8B200F02DFA2A4911
:10006000888900F035FA201200F026FAE0B200F09C
:1000700023FA25494988491EC1F30F2000F01CFAD4
:1000800021498978491EC8B200F016FA3AE01E48A4
:10009000808845F21051884220D11B49488900F0E0
:1000A00017FA101200F008FA17494989491C88B25A
:1000B00000F00EFAD0B200F0FFF91349888900F081
:1000C00007FA201200F0F8F90F498989491C88B213
:1000D00000F0FEF9E0B200F0EFF913E00A494889B8
:1000E00000F0F6F9101200F0E7F9D0B200F0E4F9F0
:1000F0000549888900F0ECF9201200F0DDF9E0B242
:1001000000F0DAF910BD0000C05B00202DE9F041DD
:1001100004460D461E46A018401E87B2A819401E70
:100120001FFA80F85448808841F66311884231D123
:100130005148807901282DD04F480088801A001B33
:1001400084B2A819401E86B24B49488900F0C0F914
:10015000201200F0B1F9E0B200F0AEF9A118491E8A
:10016000C1F30F2000F0A8F9A118491EC8B200F091
:10017000A3F94149888900F0ABF9281200F09CF9F5
:10018000E8B200F099F9301200F096F9F0B200F000
:1001900093F96EE03848808845F21051884246D184
:1001A0003549488900F094F9201200F085F9324968
:1001B0004989491C88B200F08BF9E0B200F07CF963
:1001C0002D494989891C88B200F082F9381200F063
:1001D00073F929494989C91C88B200F079F9F8B244
:1001E00000F06AF92449888900F072F9281200F0B9
:1001F00063F921498989491C88B200F069F9E8B29C
:1002000000F05AF91C498989891C88B200F060F90C
:100210004FEA282000F050F917498989C91C88B293
:1002200000F056F908F0FF0000F046F921E012490D
:10023000488900F04DF9201200F03EF9E0B200F0DC
:100240003BF9381200F038F9F8B200F035F90A49F4
:10025000888900F03DF9281200F02EF9E8B200F08C
:100260002BF94FEA282000F027F908F0FF0000F0F2
:1002700023F9BDE8F0810000C05B00202DE9FC4FB0
:1002800080460E4615461C46B3460020019000905D
:100290002046E31704EB5373DB1021464FEAE47C5E
:1002A00004EB5C7C4FEAEC0CA4EBCC0CBCF1000F33
:1002B00002D04FF0010C01E04FF0000C63442246E5
:1002C00004EBD27C4FEA6C0C03FB0CF3DBB2019322
:1002D000A5F12000C5B20C2C06D0102C0BD0182C88
:1002E0000ED0202C18D112E005EB45002D4901EB72
:1002F0008000009012E02C4800EB051000900DE00B
:1003000005EBC500294901EB8000009006E0284874
:1003100000EB8510009001E0BDE8FC8F00BF0027D6
:100320003AE0009810F807904FF0000A2EE009F02C
:10033000800028B1314640460C9AFCF7D1FD07E019
:100340000B9828B91B48314602684046FCF7C8FDA7
:100350004FEA49604FEA1069701C86B2164840881F
:10036000B04200DCD8E7A6EB0B00A0420AD15E4603
:1003700008F101001FFA80F80F480088404500DCB2
:10038000CAE706E00AF1010000F0FF0ABAF1080F1F
:10039000CDDB00BF781CC7B201988742C1DB00BF2C
:1003A000BAE700001B1A01088F1E01087F2401080C
:1003B000DB3101089C010020C05B00202DE9FC4FCF
:1003C00004460D4690469946DDE90C7A0B9E04F0F2
:1003D000FF0B08EB04001FFA80F809EB05001FFA79
:1003E00080F917E0444502DB5C46A81985B24D450B
:1003F00000DB15E00020CDE9000A3A7833462946B3
:100400002046FFF73BFF304606EBD07104EB61015D
:100410008CB27F1C38787E2802DC38782028E1DA1C
:1004200000BFBDE8FC8F2DE9FC4106460F4614468F
:100430001D46DDF820800FE00120CDE9000822787C
:100440002B4639463046FFF719FF284605EBD07199
:1004500006EB61018EB2641C20780028ECD1BDE867
:10046000FC8100002DE9F0470446BE2000F030F882
:10047000052000F021F82046F0F76DF907464FF00F
:1004800066320C4BF0F767F80546F0F79EF91FFA55
:1004900080F9484600F010F8012000F00DF8FF2028
:1004A00000F00AF8002000F007F8002000F004F83F
:1004B000BDE8F0876666044001B5BDF80000009015
:1004C000BDF800000149088008BD00008000006CF4
:1004D00001B5BDF800000090BDF80000014908809A
:1004E00008BD00007E00006C0248008902490880B7
:1004F00070470000C05B00207E00006C034A108043
:100500004FF0D842A2F88010704700007E00006CC7
:1005100070B505460C4604F11A0000F018F80646BE
:100520002878032805D104F1140000F010F846EAF9
:100530000046304670BD0146C8788A7842EA0020FD
:100540004A7842EA00200A7842EA002070470146D1
:1005500048780A7842EA00207047000000B587B06A
:1005600000BF00BF002001901048006840F020004C
:100570000E4908600846006800F02000019000BFA6
:1005800000BF00BF022002900120039004900220CF
:10059000059002A90648F1F7C3F900BF0122022124
:1005A0000348F1F7BFFA00BF07B000BD3038024082
:1005B00000000240ADF5045DF1F724FEF6F758FCAB
:1005C000F4F7F2FFF4F76CFFF4F7B0FFF5F712F968
:1005D000F5F7D2F8F8F76CFFF5F7F0F8F5F7AEF8A5
:1005E000F4F796FFF4F702FDFFF7DCF8FFF7B6FF2C
:1005F0004FF47840C849086004213320F4F77CFDAB
:100600003320F4F704FCC54908603320F4F75CFD9F
:100610003220F1F7D7F8C2493320F4F74BFBC14938
:100620000860C149BE48F4F751FBBE49086000208C
:10063000BE49088024E0BE493320F4F786FBBA495E
:10064000BB48F4F7F7FBBB49086008460068F0F7C1
:10065000D5F807460022B84BEFF777FF0546F0F7CD
:10066000E0F88146B5484B460090B548AE4902686F
:10067000AF48F3F73DFFAD480088401CAB49088008
:10068000AA4800880328D6DB4FF6FF70FCF758FB1A
:100690004FF47840ABA120221346CDE9002102900F
:1006A000F02228210A20FFF789FEEF2340F23F12B3
:1006B00000210846FFF72AFDA4A0FAF7EBF8012273
:1006C000A8A1A948FBF702FD04461CB9A7A0FAF7A8
:1006D000E1F82AE02146A8A0FAF7DCF80025AAA054
:1006E000FAF7D8F84FF4805009AB2A460121009060
:1006F0009CA0FBF7A9F9044694B9A7A0FAF7CAF899
:10070000012298A19848FBF7E1FC04461CB9A5A07A
:10071000FAF7C0F808E0214697A0FAF7BBF803E023
:100720002146A3A0FAF7B6F800BF2022A44942F25E
:10073000E0006844EFF775FD2022A14920310DF556
:100740000350EFF76EFD0A2242F2E001694441F2E4
:1007500090006844FBF7EAFC0446002C24D199A0E1
:10076000FAF798F80DF50350EFF77FFD054641F2D3
:100770008C036B442A460DF50351181DFBF714FF3B
:1007800004463CB90DF58050D0F88C1096A0FAF7CD
:1007900081F803E02146A0A0FAF77CF841F290002E
:1007A0006844FBF73BF903E02146A0A0FAF772F892
:1007B000012242F2E001694441F290006844FBF7F3
:1007C000B5FC0446002C2CD1A2A0FAF763F86421F2
:1007D00041F224006844EFF73DFD41F288036B4489
:1007E0006322A3F1640101F16C00FBF7B7FD04463D
:1007F0006CB90DF58050D0F88810A0A0FAF74AF82F
:1008000041F224016944A7A0FAF744F803E0214625
:10081000A9A0FAF73FF841F290006844FBF7FEF810
:1008200003E02146A8A0FAF735F874E0B148007853
:10083000B0B1B148007898B9B048007880B90120CB
:10084000AD4908700020AB490870ADA0FAF722F856
:10085000F6F79EF90020A8490870B4A0FAF71AF834
:10086000A548007800284DD1A4480078002849D137
:10087000B8493320F4F769FA2A4908600846006845
:1008800000283ADB08460068012802D1B2A0FAF736
:1008900001F82549AF48F4F749FBB94908602249F6
:1008A000AC48F4F7C7FA2349086008460068EFF738
:1008B000A5FF05460022204BEFF747FE0746EFF75E
:1008C000B0FFB04908601D480090084603681C4806
:1008D000154902689F48F3F70BFE134B0122174995
:1008E000A948F3F7A7FC104B01221449A6480A3087
:1008F000F3F7A0FCF0F75AFA04E00A480168A3A055
:10090000F9F7C8FF00BF0221A748F1F701F900BFBE
:100910000A20F0F757FF89E7980100200400002023
:10092000901400201C000020080200200A00002073
:10093000942100200C00002000002040983400206A
:100940001800002053544D33320000004D6F756E77
:1009500074696E67207468652046415446532E2E94
:100960002E0A0000303A0000D06B00204D6F756EEB
:10097000745F4F4B0A0000004D6F756E745F4572D7
:10098000726F723A25640A004D4B46532D696E67AB
:100990002E2E2E0A000000004D4B46535F4F4B0A8F
:1009A000000000004D4F554E545F4F4B0A000000B1
:1009B0004D4B46535F4552524F523A25640A000050
:1009C0009C19010846696C65206F70656E65642F1F
:1009D00063726561746564207375636365737366C0
:1009E000756C6C792E0A000044617461207772691D
:1009F0007474656E207375636365737366756C6C70
:100A0000792E204279746573207772697474656EEB
:100A10003A2025750A0000005772697465206572D6
:100A2000726F723A2025640A000000004661696C0A
:100A3000656420746F206F70656E2F6372656174DA
:100A4000652066696C652E204572726F723A2025AA
:100A5000640A000046696C65206F70656E656420ED
:100A6000666F722072656164696E67207375636377
:100A700065737366756C6C792E0A0000446174614D
:100A80002072656164207375636365737366756C4A
:100A90006C792E20427974657320726561643A2006
:100AA00025750A0046696C6520636F6E74656E7407
:100AB0003A2025730A000000526561642065727255
:100AC0006F723A2025640A004661696C656420747F
:100AD0006F206F70656E2066696C6520666F72208E
:100AE00072656164696E672E204572726F723A207A
:100AF00025640A0000000020010000207C00002086
:100B00004361707475726520747269676765726598
:100B1000642C2073746F7070696E672064697370E1
:100B20006C61792E2E2E0D0A000000004361707456
:100B300075726520636F6D706C6574652C207265CD
:100B400073756D696E6720646973706C61792E0DC1
:100B50000A000000101B00204765744672616D6535
:100B6000446174612073756270616765203120286B
:100B70004368657373204D6F6465290D0A0000009A
:100B800010000020140000207014002047657446F7
:100B900072616D6544617461206661696C65643A77
:100BA0002025640D0A00000000000240F0B5034655
:100BB0001D460C46002000BF15F8017B14F801CB40
:100BC000A7EB0C00561E320001D00028F4D0F0BD77
:100BD00030B503460C463AB100BF14F8015B03F888
:100BE000015B551E2A00F8D130BD10B5034600BF89
:100BF00003F8011B541E2200FAD110BD70B5044643
:100C00000D460026E06AA84210D0204600F07EFE85
:100C100006465EB9607801232A4604F13001FAF7EE
:100C2000ABFE10B14FF0FF350126E562304670BDD6
:100C30002DE9F04D16460F4694B01C4621F00041B8
:100C400023F00042002814BF4FF0010C4FF0000CBD
:100C50000CEB470CFE4B0CEB03054FEA630C6545B0
:100C60002BD3350018BF012505EB44051D44F94B76
:100C70009D4222D3F84B52EA060C02D09F4205D186
:100C800048B914B000201946BDE8F08D002808BF0F
:100C90004FF0000C01D04FF0010C0CEB470313F5A3
:100CA000001F0AD8002E14BF4FF0010C4FF0000CAB
:100CB0000CEB440313F5001F07D914B0324623464A
:100CC0003946BDE8F04DF9F797BEDFF890834FF055
:100CD000000A002FB8BF424523DAE14B9A42A8BF71
:100CE0004FF0020A1DDADC4B93421ADCDD4B03EBBA
:100CF0002253142B08DDC3F1340C26FA0CF303FA4B
:100D00000CFCB4450DD108E05EB9C3F1140C22FA15
:100D10000CF303FA0CFC944503D103F00103C3F177
:100D2000020A51EA00031BD1002C19DA002F18BF68
:100D3000BAF1020F02D0BAF1010F07D00220F9F781
:100D400083FE14B0BDE8F04DF9F74EBE0220F9F76E
:100D50007BFEF9F749FE14B081F00041BDE8F08D4B
:100D6000330070D1424525D107F1804212F580123F
:100D700001BF00280020B84914B008BFBDE8F08DBD
:100D8000B548884207DC002CA1BF1846214614B0A4
:100D9000BDE8F08D07E0002CBFBF184684F000418D
:100DA00014B0BDE8F08DB0497944D1E9000114B028
:100DB000BDE8F08DDFF8A0C262452AD1002C24DA0C
:100DC00039B1414517D1002804BF002002461CD18B
:100DD00006E040B10220F9F737FEF9F715FE0A46A2
:100DE000394600F0D7BA9D4A394614B0002062F364
:100DF0001E01BDE8F08D08DA14B03B46BDE8F04DA9
:100E0000024600206146EFF718BC14B03946BDE831
:100E1000F08D414517DAB4F1804F0CD0A4F10053A6
:100E2000B3F1FF530FD13B1E0DDB14B01946BDE8E3
:100E3000F04D00F0C2BC3B4614B00246BDE8F04D98
:100E40001946EFF788BB050027F000433AD1E1B11E
:100E5000414537D1002F06DD002CA1BF00204146BF
:100E600014B0BDE8F08D002F01DD002C1FDB002F3A
:100E700016DA002C14DBBAF1010F4FF0000014BF9A
:100E800076497A4914B0BDE8F08DBAF1020F18BF67
:100E9000002F0CD0BAF1010F09D1002F07DA0BE0B7
:100EA000002FB8BF002C0DDABAF1010F04D00020DA
:100EB00014B00146BDE8F08D14B000204FF00041A1
:100EC000BDE8F08D4FF0010808EBE77CCDF814C0C9
:100ED0005CEA0A0C0DD0DFF898C162457EDDDFF8D0
:100EE00094C1654B624512DD8B420ADB002C18DB96
:100EF00023E00120F9F7A8FD14B0BDE8F04DF9F7A3
:100F00007DBD554A8A4202DC002C0ADC15E099427C
:100F100002DA002C11DA04E04F4B994219DD002C63
:100F20000BDD0220F9F790FDF9F76EFD4B4A14B086
:100F300061F31E021146BDE8F08D0220F9F784FD31
:100F4000F9F76AFD444A14B061F31E021146BDE888
:100F5000F08D00223946EFF7F8FA07460D466FF09C
:100F60000102EFF799FD4FF05532444BEFF7F0FADD
:100F70003A462B46EFF7EFFA0022414BEFF7E8FA3B
:100F800080468B463A462B4610461946EFF7E3FA61
:100F900042465B46EFF7DFFA88460E904FF0C042BC
:100FA000384B38462946EFF7D6FA83460091364A41
:100FB000344B41460E98EFF7CEFA80460191334A02
:100FC000334B38462946EFF7C6FA4246019BEFF706
:100FD000BCFA0D4602460B460C9000E011E0584664
:100FE0000099EFF711FA002788465A463846009BC9
:100FF000EFF7ABFA2B460C9AEFF7AAFA024600F08D
:1010000079B90020B1F5801F07DA35222846194644
:10101000EFF742FD05466FF0340000EB2150A0F2DF
:10102000FF300190C1F3130040F07F6141F0405167
:10103000029118498842D8BF4FF0000B35DD1649A0
:101040008142C8BF4FF0010B2FDC4FF0000B25E0B1
:10105000FFFF1F00FFFF0F000000F03F0000F07FC8
:101060000000404301FCFFFF144800000000F0FFB7
:101070000000E0410000F043FFFFEF3F5555D53F32
:101080000000E03F4715F73FFE822B6544DF5DF827
:101090000BAE543E8E9803007AB60B000198401CAC
:1010A00001900298A0F580100290FF4802997844C0
:1010B00000EBCB000991D0E9002328460B93129254
:1010C000EFF743FA00910A9028460B9B129A099970
:1010D000EFF79AF902460B460020F449EFF7ADFA14
:1010E000CDE90C010B46024600990A98EFF733FA56
:1010F0000690EF48884600277844029900681090CF
:101100004FF0005040EA610000EB8B4000F50021F9
:1011100002910B9B129A1098EFF717FA2A46099B37
:10112000EFF716FA3A464346EFF715FA0891129090
:1011300038464146029B109AEFF70DFA009B0A9A37
:10114000EFF706FA089B129AEFF7FFF9DDE90C2397
:10115000EFF701FA0B91069A129043461046194692
:10116000EFF7F9F905460246D2480B460A910621E7
:101170007844F9F7E3FB0A9B2A460891029010464F
:101180001946EFF7E8F9089B029AEFF7E4F90546EC
:101190000991434638461946069AEFF735F90B9BF5
:1011A000129AEFF7D8F92A46099BEFF72DF9CDE906
:1011B00008013A46434610461946EFF7CCF90A9122
:1011C0000022BD4B0090EFF71FF9DDE90823EFF790
:1011D0001BF90D463A46B84B3846EFF7B6F90A9B6D
:1011E000009AEFF7B2F9DDE90823EFF7B1F9CDE99D
:1011F00008013A462B4610464146EFF7ACF90091FC
:101200000A90DDE908014346069AEFF7A4F9069033
:1012100088462B463A460B991298EFF79CF94346BD
:10122000069AEFF7F1F880460B4602460D910099B9
:101230000A98EFF7E9F800200F460546009B0A9A46
:10124000EFF783F942460D9BEFF782F988460E903F
:101250004FF06042994B28463946EFF77CF90291EE
:101260000090974A954B41460E98EFF774F98046E7
:101270000391944A944B28463946EFF76CF942465D
:10128000039BEFF7C1F8914A7A4402EBCB03D3E911
:101290000023EFF7B9F8054607910198EFF74AFAEE
:1012A0000C9003912A46079B02990098EFF7ACF83F
:1012B000874A7A4402EBCB03D3E900239346019398
:1012C000EFF7A2F8039B0C9AEFF79EF800278846E9
:1012D0003846039B0C9AEFF738F95A46019BEFF713
:1012E00034F9029B009AEFF730F92A46079BEFF793
:1012F0002FF902460020069005986C4DAAF10103D3
:10130000184301D1734D069000200B4604903046DF
:101310002146EFF720F982468B4623463046194690
:10132000049AEFF712F93A464346EFF714F952469A
:101330005B46EFF769F806468A463A464346214639
:101340000498EFF708F904460F4632465346EFF784
:101350005BF8614A8B46914221DBABEB020353EA17
:10136000000210D122463B46EFF7EFF8804603918A
:101370005A4A5B4B30465146EFF746F84246039BCC
:10138000EFF7BAFB27D20220F9F75EFBF9F73CFB37
:101390000A46294614B062F31E01BDE8F08D514B98
:1013A0002BF000429A4216D34F4A0BEB020353EA4A
:1013B000000208D122463B46EFF7C7F832465346B3
:1013C000EFF79AFB07D80220F9F73EFBF9F724FB69
:1013D0000A462946DEE72BF000404449444A01EB27
:1013E00020514FF00008824223DA481C4FF480114C
:1013F00021FA00F058443F4AC0F30A517A443E4B68
:10140000A1F2FF31CB4020EA0303C0F3130040F404
:10141000801CC1F1140012682CFA00F8BBF1000F17
:10142000B8BFC8F1000820463946EFF78EF80446E9
:101430000F4622463B4630465146EEF7E5FF4FF059
:10144000000B5A462D4B58460391EFF784F8009154
:101450000A902B4A2B4B58460399EFF77CF80491DE
:10146000029022463B4658460399EFF76EF8324603
:101470005346EFF76DF8244A244BEFF76CF8049BC2
:10148000029AEEF7C1FF07468A46009B0A9AEEF7DA
:10149000BBFF04460E46009B0A9AEFF756F83A4601
:1014A0005346EFF755F833E0864400000000F03F64
:1014B000C4440000F44300000000084009C7EE3FA8
:1014C000FD033ADCF5015B14E02F3EBECC42000088
:1014D000924200000000F0BF00009040FE822B65A9
:1014E0004715973C00CC904000346F3F01FCFFFF54
:1014F0000000E03FC0410000FFFF0F00432EE63F29
:10150000396CA80C615C20BEEF39FAFE422EE63F32
:101510000746224633460F9110461946EFF71BF84F
:10152000834602462E488A460B4605217844F9F741
:1015300005FA5A465346EFF70EF822463346EFF7C0
:1015400007F882468B463A46204631460F9BEFF716
:1015500002F83A460F9BEEF757FF0F460A9000221B
:101560004FF0804350465946EEF7EFFF039100904D
:1015700052465B4620463146EEF7EDFF039B009A4C
:10158000EFF75BF83B460A9AEEF7DFFF2246334659
:10159000EEF7DBFF0022134BEEF7DAFF0E460446B0
:1015A00001EB08510815002810DC42462046314660
:1015B000EFF772FAF9F792F9042808BFF9F72CFA55
:1015C000424620463146EFF767FA044606980B4636
:1015D00014B022462946BDE8F04DEEF7BCBF00002E
:1015E000684000000000F03F2DE9F04704460D463A
:1015F00016464FF00209022D74D36069A84271D9D2
:101600002078012804D0022849D003280DD15EE0BB
:101610002F4607EB5707206A00EB17312046FFF7EC
:10162000EDFA8146B9F1000F00D075E038467F1C15
:10163000C0F30B0104F1300001EB000805F00100DC
:1016400028B1F1B298F8000061F31F1000E03046B5
:1016500088F800000120E070206A00EB1731204676
:10166000FFF7CCFA8146B9F1000F00D054E0C7F380
:101670000B0104F1300001EB000805F0010010B18E
:10168000C6F3071006E098F8000000F0F000C6F37B
:101690000321084388F800000120E0703CE0206A44
:1016A00000EBD5212046FFF7A9FA8146B9F1000FDA
:1016B00000D031E0B1B240F6FF7202EA450304F116
:1016C0003002981800F0D3F80120E07024E0206A7E
:1016D00000EB95212046FFF791FA8146B9F1000F02
:1016E00001D019E019E040F6FF7101EA850204F12A
:1016F00030015018FEF71FFF66F31B00064640F648
:10170000FF7101EA850204F130015018314600F002
:10171000A2F80120E07000BF00BF4846BDE8F08796
:101720002DE9F04781460E4617464FF00008D9F8DC
:101730000040022E02D36069B04202D80220BDE808
:10174000F08767B100BF4FF0FF3239462046FFF700
:101750004BFF8046B8F1000F01D04046EFE700BFD5
:1017600031464846FBF7F8F9054605B922E0012D58
:1017700001D10220E3E7681C08B90120DFE700225D
:1017800031462046FFF730FF8046B8F1000F01D008
:101790004046D4E7D4E90410801E814206D2206975
:1017A000401C2061207940F0010020712E466069C4
:1017B000B042D5D800BF0020C1E72DE9F041064670
:1017C0000F46EFF7C3F904000D4618BF0120284368
:1017D00020F00040C0F17F6000F1E040C00F0ED06B
:1017E000301C18BF0120384320F00040C0F17F605A
:1017F00000F1E040C00F04BF0120F9F725F92046B1
:101800002946BDE8F08170B50546EFF7B9F8044602
:1018100020F00040C0F1FF40C00F08D025F000408C
:10182000C0F1FF40C00F04BF0120F9F70DF92046B9
:1018300070BD70B506460C461546A9B204F11A00F3
:1018400000F015F83078032804D1290C04F11400B5
:1018500000F00DF870BD00F8011B090A00F8011B2B
:10186000090A00F8011B090A00F8011B704700F87B
:10187000011B091200F8011B7047000070B50446F7
:10188000204600F043F80546002D38D12078032883
:101890002ED1207901282BD10203002104F1300040
:1018A000FFF7A3F94AF6552104F22E20FFF7DFFFD8
:1018B000144904F13000FFF7CEFF134904F5057019
:1018C000FFF7C9FF04F506702169FFF7C4FF04F5AF
:1018D0000770E168FFF7BFFFE069401CE0626078D5
:1018E000012304F13001E26AFAF76CF8002020715C
:1018F000607800221146FAF72BF800B1012528463E
:1019000070BD000052526141727241612DE9F04197
:1019100004460027E078F8B1E56A607801232A469A
:1019200004F13001FAF74EF808B1012714E0002065
:10193000E070206A281AA16988420DD2A67809E0D1
:10194000A0690544607801232A4604F13001FAF7C2
:1019500039F8761E022EF3D23846BDE8F08170B514
:1019600004460D4609268CB1206878B120680078BD
:1019700060B1A0882168C988884207D12168487869
:10198000FAF712F800F0010000B900260EB920683D
:1019900000E000202860304670BD0000746573745C
:1019A0002E747874000000000000000000000000A9
:1019B00000000000000000000000000048656C6CA2
:1019C0006F2C2046415446532100000000000000C7
:1019D0000000000000000000000000000000000007
:1019E0008002021F00000053544D20202020205070
:1019F000726F647563742020202020202020203006
:101A00002E30310000000000000000010203040637
:101A100007080900000000010203040000000000A4
:101A200000000000000000000000003F4000000037
:101A300000000000003000400030004000000009BD
:101A4000000BC03D000BC03D00090018C024407FC2
:101A5000E0224031800000180024C01B000D8032BD
:101A600040018003801C4027401C8007400040103C
:101A70000060000000000000000000000000000006
:101A8000001F80204040200000402020401F800098
:101A9000000000090006001F800600090000000485
:101AA0000004003F800400040000000010006000FB
:101AB0000000000000000004000400040004000412
:101AC00000000000000040000000000000000000D6
:101AD0002001C006003800400000001F8020402088
:101AE0004020401F800000000010403FC000400028
:101AF00000000018C021402240244018400000107F
:101B0000802040244024401B80000002000D001172
:101B1000003FC0014000003C80244024402440237A
:101B20008000001F802440244034400380000030A7
:101B300000200027C03800200000001B8024402423
:101B40004024401B8000001C0022C0224022401F75
:101B500080000000000000084000000000000000BD
:101B60000000000460000000000000000004000A03
:101B70000011002080404009000900090009000907
:101B800000000000004040208011000A00040018FE
:101B900000200023402400180000001F8020402760
:101BA0004029401F400000004007C039000F0001DD
:101BB000C0004020403FC0244024401B8000001F44
:101BC000802040204020403080000020403FC02046
:101BD0004020401F80000020403FC024402E403065
:101BE000C0000020403FC024402E00300000000F05
:101BF000001080204022403380020020403FC0047B
:101C00000004003FC02040204020403FC020402032
:101C10004000000060202020203FC0200020002045
:101C2000403FC024400B0030C0204020403FC02037
:101C3000400040004000C03FC03C0003C03C003FAB
:101C4000C0000020403FC00C4023003FC020001FC8
:101C5000802040204020401F80000020403FC024C2
:101C6000402400180000001F802140214020E01F78
:101C7000A0000020403FC02440260019C0004018AA
:101C8000C024402440224031800000300020403FEA
:101C9000C020403000000020003F80004000403F56
:101CA00080200020003E0001C007003800200038DE
:101CB0000007C03C0007C038000000204039C006C3
:101CC0000039C0204000002000384007C0384020C4
:101CD000000000304021C02640384020C0000000F5
:101CE0000000007FE0402040200000000070000C59
:101CF000000380004000000000402040207FE00002
:101D00000000000000200040002000000000000053
:101D10001000100010001000100010000000004023
:101D200000000000000000000002800540054003A4
:101D3000C0004020003FC004400440038000000079
:101D400000038004400440064000000000038004BB
:101D50004024403FC0004000000380054005400390
:101D6000400000000004401FC02440244020000028
:101D70000002E0055005500650042020403FC004FA
:101D800040040003C000400000044027C0004000A1
:101D900000000000100010041027E00000000020E8
:101DA000403FC00140070004C00440204020403FA5
:101DB000C000400040000007C0040007C00400034A
:101DC000C00000044007C00440040003C0004000FD
:101DD0000003800440044003800000041007F00466
:101DE00050044003800000000003800440045007BA
:101DF000F00010044007C00240040004000000008E
:101E00000006400540054004C00000000004001F1B
:101E100080044000400000040007800040044007A8
:101E2000C000400400070004C00180060004000652
:101E30000001C0070001C006000000044006C00108
:101E40000006C0044000000410071004E0018006F2
:101E50000004000000044005C006400440000000EB
:101E600000000004007BE0402000000000000000B3
:101E700000FFF000000000000040207BE0040000B4
:101E800000000040008000400020002000400000D2
:101E90000000000000000000000000000000000042
:101EA00000000000001FCC000C000000000000003B
:101EB00000080030006000080030006000000002F0
:101EC0002003FC1E20022003FC1E20022000000034
:101ED000000E1811043FFF10840C78000000000F62
:101EE0000010840F3800C0077818840078000000C4
:101EF000780F8410C411240E9800E40084000808B0
:101F000000680070000000000000000000000000F9
:101F1000000000000007E018182004400200000044
:101F20000040022004181807E00000000000000232
:101F300040024001800FF00180024002400000009A
:101F400080008000800FF80080008000800000008A
:101F500001000D000E000000000000000000000065
:101F600000008000800080008000800080008000F1
:101F700000000C000C000000000000000000000049
:101F80000000060018006001800600180020000014
:101F90000007F0080810041004080807F00000000B
:101FA00000080408041FFC000400040000000000F6
:101FB000000E0C10141024104411840E0C000000AC
:101FC000000C1810041104110412880C7000000099
:101FD0000000E00320042408241FFC00240000006B
:101FE000001F981084110411041088107000000064
:101FF0000007F00888110411041888007000000020
:10200000001C00100010FC13001C00100000000059
:10201000000E3811441084108411440E3800000062
:10202000000700088C10441044088807F0000000E6
:102030000000000000030C030C0000000000000082
:102040000000000001010600000000000000000088
:102050000000800140022004100808100400000263
:102060002002200220022002200220022000000084
:102070000010040808041002200140008000000045
:10208000000E001200100C106C10800F00000003F6
:10209000E00C1813E4142417C4082807D00000002B
:1020A00004003C03C41C40074000E4001C00041072
:1020B000041FFC1104110411040E880070000003B9
:1020C000E00C1810041004100410081C100000107C
:1020D000041FFC100410041004080807F00000108E
:1020E000041FFC1104110417C41004081800001088
:1020F000041FFC1104110017C010000800000003A9
:10210000E00C181004100410441C7800400000106B
:10211000041FFC10840080008010841FFC10040049
:1021200000100410041FFC10041004000000000044
:10213000030001100110011FFE100010000000102C
:10214000041FFC110403801464181C100400001008
:10215000041FFC1004000400040004000C00001024
:10216000041FFC1F0000FC1F001FFC1004000010D7
:10217000041FFC0C04030000E010181FFC100007F3
:10218000F00808100410041004080807F0000010FC
:10219000041FFC10841080108010800F00000007C6
:1021A000F0081810241024101C080A07F200001070
:1021B000041FFC1104110011C011300E0C000400AA
:1021C000000E1C11041084108410441C38000018E8
:1021D00000100010041FFC10041000180000001074
:1021E000001FF810040004000410041FF810001071
:1021F000001E0011E0001C007013801C0010001F66
:10220000C0103C00E01F0000E0103C1FC0000010A8
:1022100004180C163401C001C01634180C10041038
:10222000001C00130400FC13041C00100000000834
:1022300004101C1064108413041C04101800000007
:1022400000000000007FFE4002400240020000004B
:102250000030000C0003800060001C000300000040
:10226000004002400240027FFE000000000000002B
:10227000000000200040004000400020000000005E
:102280000100010001000100010001000100010046
:10229000004000400020000000000000000000009E
:1022A000000098012401440144014400FC00041092
:1022B000001FFC0088010401040088007000000079
:1022C000000070008801040104010400880000007F
:1022D00000007000880104010411081FFC000400C4
:1022E0000000F8014401440144014400C80000001A
:1022F00000010401040FFC11041104110018000076
:102300000000D601290129012901C9010600001098
:10231000041FFC008401000100010400FC00040013
:10232000000104190419FC0004000400000000006E
:1023300000000300010101190119FE000000001056
:10234000041FFC0024004001B4010C010400000043
:1023500000100410041FFC00040004000000000131
:102360000401FC0104010001FC0104010000FC0166
:102370000401FC008401000100010400FC000400D1
:102380000000F8010401040104010400F800000148
:102390000101FF00850104010400880070000000B5
:1023A000000070008801040104010501FF00010123
:1023B00004010401FC00840104010001800000000C
:1023C0000000CC0124012401240124019800000014
:1023D000000100010007F8010401040000000001F1
:1023E0000001F8000400040004010801FC000401DD
:1023F0000001800170000C001001600180010001EB
:10240000F0010C003001C00030010C01F0010000AF
:10241000000104018C00740170018C0104000001B2
:102420000101810171000E001801600180010000AE
:10243000000184010C013401440184010C000000FE
:102440000000000000000001003EFC4002400200CD
:1024500000000000000000FFFF000000000000007E
:1024600000400240023EFC010000000000000000AD
:10247000006000800080004000400020002000003C
:10248000000000000000000000000000000000004C
:10249000000000000000000000000000000000003C
:1024A000000000000000000000000000000000002C
:1024B00000000F80380FFE380F8038000000000049
:1024C000000000000000000000000000000100000B
:1024D0000600000C00003800003100000600000C6F
:1024E0000000380000300000000000000000006123
:1024F000800067F807F980006180006180006180DA
:102500000061800067F807F980006180000000002A
:10251000000000000001C0E003E0F00630080418ED
:10252000081FFFFE040E080787F00381E00000008B
:1025300000000001F000060C00040408060C700105
:10254000F9C0000E00003BE000EC18070808040C7E
:10255000180003E00000000001E00007F003F81895
:10256000041C0804170807E1D003C0E00023B000F2
:102570003C080020080000100000000000000100DE
:10258000003100003200001C0000000000000000CC
:10259000000000000000000000000000000000003B
:1025A0000000000000000000000000000000007FAC
:1025B0000001FFC00780F00C00181000042000028A
:1025C0000000000000002000021000040C001807AA
:1025D00080F001FFC0007F0000000000000000004C
:1025E0000000000000000000000000420000660043
:1025F000006600003C0000180003FFC00018000047
:102600003C00006600006600004200000000000878
:102610000000080000080000080000080001FFC0DA
:102620000008000008000008000008000008000082
:10263000000000000100003100003200001C00001A
:10264000000000000000000000000000000000008A
:102650000000000000000008000008000008000062
:10266000080000080000080000080000080000083A
:10267000000008000000000000000000000000381A
:1026800000003800003800000000000000000000DA
:10269000000000000000000000000000000000003A
:1026A0000600001C000070000180000E00003800D1
:1026B00000C0000700001C00003000000000000007
:1026C0000000007F8001FFE0038070060018040016
:1026D0000804000806001803807001FFE0007F80F6
:1026E00000000000000000000001000801000801D7
:1026F000000803FFF807FFF80000080000080000CA
:102700000800000000000000000001C03802C058AE
:10271000040098040118040218040418061C180385
:10272000F81801E0F800000000000000000001C0FF
:10273000E003C0F0040008040808040808061808AC
:1027400003F41801E7F00001E000000000000000C1
:102750000000000300000D00001100006100008176
:102760000803010807FFF80FFFF80001080001083F
:102770000000000000000000E007FCD0060808068A
:102780001008061008061008061838060FF006078D
:10279000C0000000000000000000003F8001FFE0DA
:1027A00003843002081804100804100804100807F5
:1027B0001810030FF00007C0000000000000000028
:1027C0000003C0000700000600000600F80607F836
:1027D00006180006E00007000006000000000000E8
:1027E000000001E1E003F7F00634100418080418B3
:1027F00008040C08040C0806161803F3F001C1E0E5
:1028000000000000000000F80003FC30030638045C
:1028100002080402080402080404100308F001FF7F
:10282000C0007F0000000000000000000000000069
:1028300000000000000000703800703800703800A0
:102840000000000000000000000000000000000088
:102850000000000000000000000000301A00301CE2
:102860000000000000000000000000000000000068
:1028700000000000000008000014000022000041D9
:1028800000008080010040020020040010080008C1
:1028900000000000000000210000210000210000D5
:1028A0002100002100002100002100002100002162
:1028B00000002100000000000000000000080008E7
:1028C0000400100200200100400080800041000050
:1028D000220000140000080000000000000003C0F7
:1028E0000004C000040000080038080F3808083849
:1028F0000810000C300007E00003C00000000000DA
:102900000000003F8000FFE0038070020F1006709F
:102910008804C088048308047F8802C090030120D3
:1029200000FE400000080000180001F8003E080109
:10293000C20007020007E20000FE00001FC80001FD
:10294000F800003800000804000807FFF807FFF847
:1029500004080804080804080804080806180803FE
:10296000F41801E7F00001E0000000000000003F63
:102970008001FFE0038070020018040008040008D2
:102980000400080400100600200780C000000004B6
:10299000000807FFF807FFF8040008040008040017
:1029A0000804001802001003807001FFE0007F801F
:1029B00000000004000807FFF807FFF804080804F7
:1029C0000808040808040808043E08040008060073
:1029D0001801006000000004000807FFF807FFF876
:1029E000040808040800040800040800043E000667
:1029F0000000060000018000000000000000003F11
:102A00008001FFE00380700600180400080402083B
:102A10000402080203F00783F00002000002000431
:102A2000000807FFF807FFF804080800080000087E
:102A30000000080000080004080807FFF807FFF876
:102A4000040008000000000000040008040008045E
:102A5000000807FFF807FFF8040008040008040056
:102A60000800000000000000000000000600000751
:102A700000000104000104000104000307FFFE0739
:102A8000FFFC04000004000004000004000807FF2D
:102A9000F807FFF8040C08001800003E0004C78087
:102AA0000503C80600F804003804001800000804F4
:102AB000000807FFF807FFF80400080000080000FE
:102AC000080000080000080000080000180000606E
:102AD00000000004000807FFF807800807FC00005A
:102AE0007FC00003F80007C000780007800807FFD8
:102AF000F807FFF804000804000807FFF8070008BB
:102B000003C00000E000003800001E0000070000C5
:102B100001C00400F007FFF8040000000000007F7F
:102B20008001FFE00380700600180400080400081C
:102B300006001803003001FFE0007F800000000461
:102B4000000807FFF807FFF8040408040400040461
:102B500000040400040400060C0003F80001F00067
:102B6000000000000000007F8001FFE0038070068D
:102B700000880400880400C806003C03003E01FFF2
:102B8000E6007F8400000004000807FFF807FFF854
:102B9000040808040800040C00040F00040BC0061D
:102BA00010F003F03801E00800000800000001E028
:102BB000F803F030063010041808041808040C0854
:102BC000040C080206180207F00781E0000000016B
:102BD000800006000004000004000004000807FF55
:102BE000F807FFF8040008040000040000060000D5
:102BF00001800004000007FFE007FFF00400180058
:102C00000008000008000008000008000008040098
:102C10001007FFE004000004000006000007E000C9
:102C200007FE00041FE00001F80000380001E00486
:102C30003E0007C00006000004000004000007E09A
:102C40000007FFC0041FF80007C007F80007FF8057
:102C5000043FF80007C004F800070000040000006B
:102C6000000004000806001807C07805F1C8003EFF
:102C700000001F800463E80780F8060018040008BD
:102C800000000004000006000007800007E00804C0
:102C90007C08001FF80007F800180804E008070087
:102CA00000060000040000000000010008060038D3
:102CB0000400F80403E8040F08047C0805F0080782
:102CC000C0080700180400600000000000000000B9
:102CD000000000000000000000003FFFFE20000296
:102CE000200002200002200002200002000000005C
:102CF000000000000008000007000000C0000038CD
:102D0000000006000001C000003000000E000001BD
:102D1000000000000000000000200002200002204F
:102D200000022000022000023FFFFE000000000021
:102D30000000000000000000000000000000000093
:102D400008000010000030000020000030000010DB
:102D5000000008000000000000000000000100006A
:102D6000010000010000010000010000010000015D
:102D7000000001000001000001000001000001004E
:102D800000000000000000002000002000001000F3
:102D90000010000000000000000000000000000023
:102DA0000000000000000000F00019F8001B1800EF
:102DB0002208002608002408002410003FF8001F05
:102DC000F800000800001800000004000007FFF8E9
:102DD0000FFFF0001818001008002008002008005D
:102DE0003018001FF0000FC00000000000000007B6
:102DF000C0001FF000183000200800200800200844
:102E0000003C08001C1000006000000000000000F2
:102E100000000007C0001FF0003818002008002044
:102E20000800200804101007FFF80FFFF000001042
:102E30000000000000000000000007C0001FF000BC
:102E40001230002218002208002208003208001E5A
:102E500010000E20000000000000002000002008EC
:102E600000200801FFF803FFF806200804200804EA
:102E70002008072000030000000000000000000000
:102E80000E000E6E001FF30031B10020B10020B122
:102E9000003191001F13002E1E00200E0030000094
:102EA000000004000807FFF80FFFF80010080020DA
:102EB00000002000002008003FF8001FF800000874
:102EC00000000000000000000000200800200800B2
:102ED0002008063FF8063FF8000008000008000040
:102EE00008000000000000000000000000000003D7
:102EF000000003002001002001002003063FFE0621
:102F00003FFC000000000000000000000000040082
:102F10000807FFF80FFFF8000188000300002FC02A
:102F20000038F800203800200800000800000000E9
:102F3000000000000004000804000804000807FF67
:102F4000F80FFFF80000080000080000080000006B
:102F5000000000002008003FF8003FF800100800C3
:102F60002000003FF8003FF8001008002000003F5C
:102F7000F8003FF8000008000000002008003FF8BB
:102F8000003FF8001008001000002000002008009A
:102F90003FF8001FF80000080000000000000007D4
:102FA000C0000FF000183000300800200800200892
:102FB000003008001830000FF00007C000000000CB
:102FC0000000002001003FFF003FFF001011002023
:102FD00009002008002008003038001FF0000FC052
:102FE0000000000000000007C0001FF000381800BB
:102FF0002008002008002009001011001FFF003FDA
:10300000FF00000100000000200800200800200848
:10301000003FF8003FF800080800100800200800F2
:103020002000003000003000000000000000000020
:1030300000000C78001E1800330800230800210847
:103040000021880021980030F00038600000000066
:10305000000000200000200000200000FFF003FF1F
:10306000F8002008002008002008000030000000C0
:10307000000000000000002000003FF0007FF8008A
:103080000018000008000008002010003FF8007F32
:10309000F0000010000000000000002000003000E0
:1030A000003C00003F800023F0000078000070002A
:1030B0002380003C00003000002000002000003C85
:1030C00000003FE00023F80000E0002700003E0081
:1030D000003FE00021F80001E0003E000020000079
:1030E0000000002008002008003838003E68002753
:1030F000800003C8002CF800383800201800200891
:10310000000000000000002000003003003C01002F
:103110003F830023EC000070002380003C0000206F
:10312000000020000000000000000000000038083F
:103130000020380020F80023E8002F88003E080017
:103140003808002018000070000000000000000097
:103150000000000000000000000000080000140053
:103160001FF7FC30000620000200000000000000F5
:10317000000000000000000000000000000000004F
:1031800000FFFFFF00000000000000000000000042
:103190000000000000000000002000023000061FB8
:1031A000F7FC001400000800000000000000000010
:1031B0000000000000000000000018000060000097
:1031C0004000004000002000001000000800000443
:1031D00000000400000C00001000000000000000CF
:1031E00000000000000000000000000000000000DF
:1031F00000000000000000000000000000000000CF
:1032000000000000000000000000000000000000BE
:1032100000000000000000000000000000000000AE
:10322000000000000000000000000000000000009E
:1032300000000007F000C007FFE1E007F001E00038
:103240000000C000000000000000000000000000BE
:10325000000000000000000000000000000000006E
:103260000000000020000001C00000078000001FD7
:103270000000001E0000001C20000001C00000072C
:103280008000001F0000001E0000001C0000000065
:10329000000000000000000000000000000000002E
:1032A000180C0000180C0000180FE0001FFC0003B1
:1032B000F80C0000180C0000180C0000180C00009E
:1032C000180C0000180FE0001FFC0003F80C0000B1
:1032D000180C0000180C00000000000000000000A6
:1032E00000000000000780007807C000FC064001D5
:1032F0000E002003070020020380200FFFFFFC02C6
:1033000001C0200200E0600130704001F03F800009
:10331000F01F00000000000000000000FE0000019F
:10332000FF00000301800002008060030181C001F2
:10333000FF070000FE18000000E0000003BF0000CF
:103340000CFFC00071806001C1002003018060009B
:1033500000FFC000003F000000000000001F000050
:10336000007FC000FCC0C001FF80600303E02002BA
:1033700002782002061E2003FC074001F0038000B3
:103380000103C000011C600001E0200001002000DA
:10339000010040000001800000000000000000006B
:1033A0002000001C6000001C4000001F8000000F77
:1033B000000000000000000000000000000000000D
:1033C00000000000000000000000000000000000FD
:1033D00000000000000000000000000000000000ED
:1033E00000000000000000000000000000000000DD
:1033F000000000000000000007F800003FFF000090
:103400007807C001C000E003000030040000080895
:103410000000041000000200000000000000001086
:10342000000002080000040400000803000030014E
:10343000C000E0007807C0003FFF000007F8000070
:10344000000000000000000000000000000000007C
:10345000000000000000000000000000000000006C
:10346000000000000C1800000E3800000E380000AC
:10347000063000000360000061438000FFFF800011
:103480006143000003600000063000000E380000B9
:103490000E3800000C1800000000000000000000C2
:1034A000000000000080000000800000008000009C
:1034B0000080000000800000008000007FFF00000E
:1034C00000800000008000000080000000800000FC
:1034D00000800000008000000000000000000000EC
:1034E000000001000000E3000000E2000000FC001A
:1034F0000000780000000000000000000000000054
:1035000000000000000000000000000000000000BB
:1035100000000000000000000000000000000000AB
:10352000008000000080000000800000008000009B
:10353000008000000080000000800000008000008B
:10354000008000000080000000800000008000007B
:10355000008000000080000000000000000000006B
:10356000000000000000C0000001E0000001E000D9
:103570000000C0000000000000000000000000008B
:10358000000000000000000000000000000000003B
:10359000000000000000000000000000000000002B
:1035A00000000C00000038000000E0000003800074
:1035B000000E00000038000000E000000380000062
:1035C0000E00000038000000E00000038000000E44
:1035D00000000018000000000000000000000000D3
:1035E000000000000FF800007FFF0000F0078001DE
:1035F0008000C003000060020000200200002002E2
:1036000000002003000060018000C000E003800093
:103610007FFF00000FF80000000000000000000025
:10362000000000000000000080002000800020005A
:103630008000200080006001FFFFE003FFFFE0004A
:1036400000006000000020000000200000002000BA
:10365000000000000000000000000000000000006A
:10366000000000007800E0009801600100026002A4
:103670000004600200086002001060020020600286
:10368000004060030080600183006001FE00E000F4
:103690007C07800000000000000000000000000027
:1036A00000000000F0078001F007C00100004002A8
:1036B000000020020100200201002002010020037E
:1036C0000380200186804001FCC0C000787F80001C
:1036D000001E0000000000000000000000000000CC
:1036E00000080000003800000048000001880000C9
:1036F000060800000C0810003008100040081001F7
:10370000FFFFF003FFFFF003FFFFF00000081000D1
:103710000008100000081000000000000000000079
:1037200000000000000780001F864003E100200326
:1037300002002003040020030400200304002003EF
:1037400004002003060040030301C00301FF8003BF
:10375000007E0000000000000000000000000000EB
:103760000000000007FC00003FFF000070C3800065
:103770008180C001010060030200200202002002DB
:10378000020020020200200203004001C180C000AC
:10379000C0FF8000007E000000000000000000006C
:1037A00000000000F0000003C000000380000003E0
:1037B000000000030007E003003FE00301C0000336
:1037C00006000003180000036000000380000003EF
:1037D00000000000000000000000000000000000E9
:1037E000001F0000783F8000FC60C0018EC04003D5
:1037F00007802002030020020180200201802002B5
:1038000001C0200301E040018670C000FC3F800041
:10381000781F000000000000000000000000000011
:103820003F000000FF81C001C0C1C0010060200254
:103830000020200200202002002020020020600240
:103840000040C00100C18000C18F00007FFE000069
:103850001FF0000000000000000000000000000059
:103860000000000000000000000000000000000058
:10387000000000000300C0000781E0000781E000B5
:103880000300C00000000000000000000000000075
:103890000000000000000000000000000000000028
:1038A0000000000000000000000000000000000018
:1038B000000000000600660006007800000000001E
:1038C00000000000000000000000000000000000F8
:1038D00000000000000000000000000000000000E8
:1038E000000000000080000001C000000360000034
:1038F000063000000C180000180C00003006000014
:1039000060030000C00180010000400200002004AC
:103910000000100000000000000000000000000097
:103920000410000004100000041000000410000047
:103930000410000004100000041000000410000037
:103940000410000004100000041000000410000027
:10395000041000000410000000000000000000003F
:1039600000000004000010020000200100004000E0
:10397000C00180006003000030060000180C000049
:103980000C180000063000000360000001C00000B9
:1039900000800000000000000000000000000000A7
:1039A0000000000078000001F8000002380000026A
:1039B000000000040000C0040079E0040081E0047D
:1039C0000100C00403000002020000030600000121
:1039D000FC000000F80000000000000000000000F3
:1039E0000FF800003FFE000070078000C000C0011B
:1039F00001F8400307FC20021E04200230082002C8
:103A0000203020023FFC20013F044001800CC00018
:103A1000E03180001FC20000000000000000200014
:103A2000000060000003E000003E200003E02000F2
:103A30003E200003E020000380200007FC2000005F
:103A40003FE0000003FE2000003FE0000001E00036
:103A50000000200000002000000000000000000224
:103A60000000200200002003FFFFE003FFFFE00250
:103A700001002002010020020100200201002002BA
:103A8000010020030300200186806001FCC0C0000B
:103A9000F87F8000001F0000000000000000000010
:103AA00007F800003FFF000070078000C000C00161
:103AB000000040030000200200002002000020025D
:103AC0000000200200002001000040018000C0032F
:103AD000C00180003006000000000000000000026D
:103AE0000000200200002003FFFFE003FFFFE002D0
:103AF000000020020000200200002002000020033D
:103B000000006001000040018000C000F00780005C
:103B10007FFE00000FF8000000000000000000021F
:103B20000000200200002003FFFFE003FFFFE0028F
:103B300001002002010020020100200201002002F9
:103B400001002002038020020FE020030000600338
:103B5000C000E00060030000000000000000000260
:103B60000000200200002003FFFFE003FFFFE0024F
:103B700001002002010020020100000201000002F9
:103B80000100000201000002038000030FE00003B7
:103B900000000003C0000000600000000000000002
:103BA00007F800003FFE000070078001C001C0015F
:103BB000000040030000200200002002000020025C
:103BC000000020010020200100204003C03F8000B1
:103BD000303F800000200000002000020000200292
:103BE00000002003FFFFE003FFFFE002008020024F
:103BF00000802000008000000080000000800002A3
:103C00000080200200802003FFFFE003FFFFE002AE
:103C10000000200200002000000000000000000062
:103C2000000000000000000200002002000020024E
:103C30000000200200002003FFFFE003FFFFE0027E
:103C400000002002000020020000200200002000EE
:103C50000000000000000000000000000000000064
:103C600000000E0000000F0000000F000000010225
:103C70000000010200000102000003020000060330
:103C8000FFFFFC03FFFFF80200000002000000023B
:103C90000000000200000000000000000000000220
:103CA0000000200200002003FFFFE003FFFFE0020E
:103CB00000C0200201002000078000000FE000008B
:103CC00030F80002603E2003800F20030003E00272
:103CD0000000E002000020000000200000000002C0
:103CE0000000200200002003FFFFE003FFFFE002CE
:103CF0000000200200002000000020000000200042
:103D000000002000000020000000200000006000F3
:103D10000000E0000003000000000002000020029C
:103D200000002003FFFFE003E0002003FF0020006D
:103D30001FF0000001FF8000000FE000001E0000E7
:103D400003E000003E002003E0002003FFFFE0034B
:103D5000FFFFE0020000200200002002000020021D
:103D600000002003FFFFE00380002003F00020009C
:103D7000FC0000001F00000007C0000001F0000070
:103D8000007C0002001F80020007E003FFFFE0024A
:103D90000000000200000000000000000000000021
:103DA0000FF800003FFE0000F00780018000C00116
:103DB000000040020000200200002002000020025B
:103DC00000002001000040018000C000F0038000DE
:103DD0003FFE00000FF8000000000000000000029D
:103DE0000000200200002003FFFFE003FFFFE002CD
:103DF000008020020080200200800002008000027B
:103E000000800002008000030180000183000000A8
:103E1000FE0000007C000000000000000000000028
:103E20000FF800007FFF0000F00380018001C00157
:103E300000064002000420020004200200062002C6
:103E40000003E0010000F80180005C00E0038C004A
:103E50003FFF0C000FFC18000000000000000002F3
:103E60000000200200002003FFFFE003FFFFE0024C
:103E700001002002010020020180000201E0000296
:103E800001FC0003033F80018607E001FC00E00025
:103E9000F8002000000020000000000000000000EA
:103EA0000000000078060000FE01E0018600C0036B
:103EB0000300400203002002018020020180200252
:103EC00001C0200200C0200100E060018070C0033A
:103ED000E03F8000001F0000000000000000000024
:103EE00060000003800000030000000200000002E8
:103EF0000000200200002003FFFFE003FFFFE002BC
:103F00000000200200002002000000020000000368
:103F100080000000E000000000000002000000023D
:103F200000000003FFFF0003FFFFC002000040028B
:103F300000006000000020000000200000002000C1
:103F4000000020020000400200008003FFFF00028A
:103F5000000000020000000000000000000000025D
:103F60000000000200000003C0000003FC0000028B
:103F70003FC0000003F80000007F80000007E00061
:103F8000000780000078000203C000023C0000032C
:103F9000C000000200000002000000020000000358
:103FA000C0000003FF8000023FFE0002007FE0002F
:103FB000000F000200F00003EF000003FF8000028A
:103FC0000FFE0000003FE000001F000207E00003BA
:103FD000F8000003000000020000000000000002E2
:103FE00000002002000020038000E003F003200214
:103FF000FC0C20021F30000007C0000007F0000288
:10400000187C0002601F20038003E0020000E00231
:10401000000020000000200000000000000000025E
:104020000000000300000003C0000003F8000002CD
:104030003E0020020FC0200001FFE000007FE000F2
:10404000038020021C002002700000038000000298
:10405000000000020000000000000000000000005E
:10406000000020006000E0038003E003000FA002D6
:10407000003E200200F8200203E020020F80200210
:104080003E00200278002003E00060038000E00290
:10409000000300000000000000000000000000001D
:1040A0000000000000000000000000000000000010
:1040B0000000001FFFFFFC100000041000000410AF
:1040C00000000410000004100000041000000410A0
:1040D00000000400000000000000000000000000DC
:1040E000000000000000000700000003C000000006
:1040F000780000001E00000003C0000000F0000077
:10410000001E0000000780000000F00000003C00DE
:104110000000060000000000000000000000000099
:104120000000001000000410000004100000041043
:104130000000041000000410000004100000041F20
:10414000FFFFFC0000000000000000000000000075
:10415000000000000000000000000000000000005F
:104160000000000000000000000000020000000449
:1041700000000008000000180000001000000018F7
:104180000000001800000004000000020000000011
:10419000000000000000000000000000000001001E
:1041A000000001000000010000000100000001000B
:1041B00000000100000001000000010000000100FB
:1041C00000000100000001000000010000000100EB
:1041D00000000100000001000000010000000000DC
:1041E000000000000000001000000010000000109F
:1041F000000000180000000800000004000000009B
:1042000000000000000000000000000000000000AE
:10421000000000000000000000000000000000009E
:1042200000038000018FC000038C6000061820008E
:10423000041020000410200004202000042040006E
:104240000620400003FFC00001FFE0000000200046
:10425000000020000000C00000000000000000027C
:104260000000000200000003FFFFE007FFFFC000A6
:104270000180C00002006000020020000400200055
:104280000400200004002000060040000300C000DD
:1042900001FF800000FE00000000000000000000A0
:1042A00000000000007E000001FF80000381C000CC
:1042B000020040000600200004002000040020004E
:1042C000040020000600200003C0400001C0800060
:1042D00000030000000000000000000000000000DB
:1042E00000000000007E000001FF80000380C0008D
:1042F00006006000040020000400200004002002EA
:104300000400400202008003FFFFE007FFFFC0003F
:10431000000040000000400000000000000000001D
:1043200000000000007E000001FF80000311C000BB
:10433000021040000410600004102000041020004F
:1043400004102000061020000310400001F0C000FF
:1043500000710000000000000000000000000000EC
:104360000000000004000000040020000400200001
:10437000040020007FFFE001FFFFE00104002003B4
:1043800004002002040020020400200204000002B5
:1043900000000001C0000001C0000000000000009B
:1043A0000000000000001C0000E33E0003FFC2000C
:1043B000020CC3000404C1000404C1000404C100D1
:1043C0000404C100060CC10003F8C30005F062003C
:1043D00006007E0006003C00000000000000000215
:1043E0000000200200002003FFFFE007FFFFE000C5
:1043F0000100200002002000060000000400000070
:1044000004000000040020000600200003FFE0007C
:1044100001FFE0000000200000002000000000007C
:104420000000000000000000040020000400200044
:10443000040020000400200387FFE0038FFFE00357
:10444000800020000000200000002000000020006C
:10445000000000000000000000000000000000005C
:10446000000000000000000000000600000007003F
:104470000000010000000100040001000400010030
:10448000040003000400060387FFFC038FFFF8030A
:10449000800000000000000000000000000000029A
:1044A0000000200200002003FFFFE007FFFFE00004
:1044B00000082000001020000030000000FC000078
:1044C000058E00000707A0000601E0000400E000E0
:1044D0000400200000002000000000000000000098
:1044E0000000000000000002000020020000200286
:1044F0000000200200002003FFFFE007FFFFE000B4
:10450000000020000000200000002000000020002B
:10451000000000000000000000000000000000009B
:104520000400200007FFE0000FFFE0000200200071
:10453000040000000400200007FFE00003FFE0008B
:1045400002002000040000000400200007FFE0003B
:1045500003FFE00000002000000000000000000059
:10456000040020000400200007FFE0000FFFE0002F
:1045700001002000020020000200000004000000F2
:1045800004000000040020000600200003FFE000FB
:1045900001FFE000000020000000200000000000FB
:1045A00000000000007E000000FF80000381C000CA
:1045B000020040000600200004002000040020004B
:1045C0000400200006002000020040000381C0001B
:1045D00001FF8000007E00000000000000000000DD
:1045E000040001000400010007FFFF000FFFFF00AF
:1045F0000100C1000200410004002000040020006E
:104600000400200004002000060040000301C00058
:1046100001FF8000007E000000000000000000009C
:1046200000000000007E000001FF80000380C00049
:1046300002006000040020000400200004002000AC
:1046400004002000020041000300C10003FFFF003E
:1046500007FFFF0000000100000001000000000053
:1046600004002000040020000400200004002000BA
:104670000FFFE0000FFFE00000C02000010020005D
:1046800002002000060020000400000004000000DA
:104690000700000003000000000000000000000010
:1046A000000000000003E00001C0E00003E0400063
:1046B00006302000043020000418200004182000D8
:1046C00004182000040C2000020C60000307C00046
:1046D00007838000000000000000000000000000D0
:1046E00000000000040000000400000004000000BE
:1046F0000C0000001FFF8000FFFFC00004006000EE
:1047000004002000040020000400200004004000F9
:104710000001800000000000000000000000000018
:10472000040000000400000007FF80000FFFC0002D
:1047300000006000000020000000200000002000B9
:1047400000002000040040000400800007FFE0009B
:104750000FFFC0000000400000004000000000000B
:1047600004000000040000000780000007F00000C3
:1047700004FE0000041FC0000003E00000038000EE
:10478000001C00000460000007800000060000001C
:104790000400000000000000000000000400000011
:1047A0000600000007C0000007FC0000043F800076
:1047B0000003E000040F800006F0000007F0000096
:1047C00007FF8000040FE00000038000043C0000AD
:1047D00007C0000006000000040000000000000008
:1047E0000000200004002000040060000700E0003A
:1047F0000783200007E6000004F80000003C0000EA
:10480000045E20000587A0000601E00004006000AF
:104810000400200000002000000000000000000054
:1048200004000000040003000700030007E001008B
:1048300004F80100041F02000007FC000000E00073
:10484000000700000438000007C000000600000058
:104850000400000004000000000000000000000050
:1048600000000000078060000600E0000403E00094
:104870000407A000040E2000043C20000470200067
:1048800005E0200007802000070060000400E00031
:104890000003800000000000000000000000000095
:1048A0000000000000000000000000000000000008
:1048B00000000000000000000080000000800000F8
:1048C00001400007FE3FF80800000410000002103D
:1048D00000000200000000000000000000000000D6
:1048E00000000000000000000000000000000000C8
:1048F0000000000000000000000000FFFFFFFF00BC
:1049000000000000000000000000000000000000A7
:104910000000000000000000000000000000000097
:104920000000001000000210000002080000040750
:10493000FE3FF80001400000008000000080000001
:104940000000000000000000000000000000000067
:10495000000000000000000000000000000000183F
:104960000000003000000040000000400000004057
:1049700000000020000000300000000800000004DB
:104980000000000200000002000000020000000C15
:1049900000000018000000000000000000000000FF
:1049A00000000000000000000000000000001010E7
:1049B00010101010100000181800000012362448C3
:1049C000000000000000000000000000000024249F
:1049D00024FE484848FE484848000000001038546B
:1049E000545030181414545438101000000044A4CB
:1049F000A8A8A8541A2A2A2A440000000000304817
:104A00004848506EA4948889760000000C0C000081
:104A10000000000000000000000000000204080880
:104A20001010101010100808040200004020101090
:104A300008080808080810102040000000000010B6
:104A400010D63838D610100000000000000000100A
:104A5000101010FE101010100000000000000000E8
:104A600000000000000000606020C00000000000A6
:104A70000000007F000000000000000000000000B7
:104A80000000000000000060600000000001020261
:104A900004040808101020204040000000001824E2
:104AA000424242424242422418000000000010707C
:104AB00010101010101010107C00000000003C427C
:104AC00042420404081020427E00000000003C42E4
:104AD0004204180402024244380000000000040CA2
:104AE00014242444447E04041E00000000007E4080
:104AF00040405864020242443800000000001C2478
:104B000040405864424242241800000000007E44A5
:104B100044080810101010101000000000003C4263
:104B200042422418244242423C0000000000182463
:104B3000424242261A02022438000000000000000F
:104B40000018180000000018180000000000000005
:104B500000001000000000001010200000000204FF
:104B6000081020402010080402000000000000008F
:104B700000FE000000FE00000000000000004020D9
:104B800010080402040810204000000000003C420D
:104B900042620204080800181800000000003844AF
:104BA0005AAAAAAAAAB44244380000000000101071
:104BB000182828243C444242E70000000000F84442
:104BC0004444784442424244F800000000003E421F
:104BD0004280808080804244380000000000F84419
:104BE0004242424242424244F80000000000FC427D
:104BF0004848784848404242FC0000000000FC421F
:104C00004848784848404040E000000000003C44EC
:104C1000448080808E844444380000000000E742D5
:104C20004242427E42424242E700000000007C10C5
:104C300010101010101010107C00000000003E0832
:104C400008080808080808080888F0000000EE4472
:104C50004850705048484444EE0000000000E040D6
:104C60004040404040404042FE0000000000EE6CEA
:104C70006C6C6C5454545454D60000000000C7624D
:104C80006252524A4A4A4646E20000000000384456
:104C90008282828282828244380000000000FC42CC
:104CA0004242427C40404040E00000000000384466
:104CB0008282828282B2CA4C380600000000FC4226
:104CC00042427C4848444442E300000000003E4227
:104CD00042402018040242427C0000000000FE9284
:104CE0001010101010101010380000000000E742E3
:104CF00042424242424242423C0000000000E7423F
:104D00004244242428281810100000000000D692E5
:104D1000929292AAAA6C4444440000000000E74228
:104D20002424181818242442E70000000000EE4450
:104D300044282810101010103800000000007E8455
:104D40000408081020204242FC0000001E10101031
:104D50001010101010101010101E00000040402005
:104D60002010101008080404040202007808080843
:104D70000808080808080808087800001C22000035
:104D80000000000000000000000000000000000023
:104D900000000000000000000000FF00606020C074
:104DA0000000000000000000000000000000000003
:104DB00000003C421E2242423F0000000000C04072
:104DC0004040586442424264580000000000000025
:104DD00000001C22404040221C000000000006028F
:104DE00002021E22424242261B0000000000000078
:104DF00000003C427E4040423C00000000000F1199
:104E000010107E10101010107C0000000000000038
:104E100000003E444438403C42423C000000C04058
:104E200040405C6242424242E700000000003030F5
:104E300000007010101010107C00000000000C0C1E
:104E400000001C0404040404044478000000C04072
:104E500040404E4850684844EE000000000070108A
:104E600010101010101010107C0000000000000046
:104E70000000FE4949494949ED00000000000000DA
:104E80000000DC6242424242E700000000000000F5
:104E900000003C42424242423C0000000000000050
:104EA0000000D864424242447840E0000000000024
:104EB00000001E22424242221E02070000000000A3
:104EC0000000EE3220202020F8000000000000004A
:104ED00000003E42403C02427C0000000000000016
:104EE00010107C10101010100C00000000000000CA
:104EF0000000C642424242463B0000000000000063
:104F00000000E742242428101000000000000000E8
:104F10000000D79292AAAA444400000000000000BA
:104F200000006E241818182476000000000000000D
:104F30000000E742242428181010E00000000000C0
:104F400000007E44081010227E00000003040404C8
:104F500004040804040404040403000808080808FE
:104F60000808080808080808080808006010101059
:104F70001010081010101010106000304C4300008A
:104F800000000000000000000000000FE03FF87F7C
:104F9000FC7FFCFC7EFC7EFC7EFC7EFC7EFC7EFCC2
:104FA0007EFC7EFC7EFC7EFC7EFC7EFC7EFC7EFC31
:104FB0007EFC7EFC7EFC7E7FFC7FFC3FF80FE003E6
:104FC000C007C01FC07FC0FFC0FFC0FFC01FC00F11
:104FD000C00FC00FC00FC00FC00FC00FC00FC00F59
:104FE000C00FC00FC00FC00FC00FC00FC00FC00F49
:104FF000C00FC00FC03FF07FF87FF8F8FCF8FCF856
:10500000FCF8FCF8FC01FC01F803F803F807F007D2
:10501000F00FE00FC01FC01F803F803F007F007F68
:10502000F8FFF8FFF8FFF81FE07FF87FFCFFFCFEB9
:105030007EFE7EFE7EFE7E007E00FE07FC07F00701
:10504000FC07FE00FE007EFE7EFE7EFE7EFE7EFEF5
:105050007EFE7EFFFC7FFC3FF80FE00FF00FF01F9D
:10506000F01FF01FF03FF03BF03BF07BF073F0736C
:10507000F0F3F0F3F0E3F0E3F0FFFCFFFCFFFCFFE4
:10508000FCFFFCFFFC03F003F003F003F003F0FF70
:10509000FEFFFEFFFEFFFEFC00FC00FC00FCF0FF3C
:1050A000FCFFFCFFFEFC7EFC7E007E007E007EFCA2
:1050B0007EFC7EFC7EFC7EFC7EFC7E7FFC7FFC3FDB
:1050C000F80FE00FE03FF87FFC7FFCFC7EFC7EFCED
:1050D0007EFC00FC00FDF0FFFCFFFCFFFEFC7EFC04
:1050E0007EFC7EFC7EFC7EFC7EFC7EFC7EFC7E7F6D
:1050F000FC7FFC3FF80FE0FFF8FFF8FFF8FFF80136
:10510000F801F801F801F001F003F003F003F003F7
:10511000F003E007E007E007E007E007C00FC00F7B
:10512000C00FC00FC00F801F801F800FE03FF87FAF
:10513000FC7FFCFC7EFC7EFC7EFC7EFC7EFC7E7F9D
:10514000FC3FF07FFC7FFEFC7EFC7EFC7EFC7EFC58
:105150007EFC7EFC7EFC7E7FFE7FFC3FF80FE00F36
:10516000E03FF87FFC7FFCFC7EFC7EFC7EFC7EFC4E
:105170007EFC7EFC7EFC7EFC7EFFFE7FFE7FFE1FB3
:105180007E007E007EFC7EFC7EFC7E7FFC7FFC3F02
:10519000F80FE00000000000000000000000000028
:1051A00000000000000000000000000000000000FF
:1051B0000000000000000000000000000007C00721
:1051C000C007C007C007C0000000000000000000CA
:1051D000000000000000000000000000000000FFD0
:1051E00080FF80FF80FF80000000000000000000C2
:1051F00000000000000000000000000000000000AF
:10520000000000000000000000000000000000009E
:10521000000000000000000000000000000000008E
:10522000000000000000000000000000000000700E
:1052300000D800D800D800D80071F007FC0FFE1F7E
:10524000FE1F9F1F9F1F9F1F9F1F801F801F801F6C
:10525000801F9F1F9F1F9F1F9F1F9F0FFE0FFE07F7
:10526000FC03F0000F400F400F4010401038103882
:105270001038103810301030103010281028102836
:1052800010281020102010201018101811181118B4
:10529000111011101110110811081108110011003E
:1052A0001100110011003100310051007200720034
:1052B0009200B200B200D200F200F20012013201FC
:1052C00052015201720192019201B201D201F30125
:1052D000F301130233025302530273029302B30227
:1052E000D302D302F30213033303330353037303D1
:1052F0009403B403D403D403F40314043404540413
:10530000740474049404B404D404F404140534053B
:105310003405540554057405740573057305730548
:10532000720572057205710591059105900590054C
:105330008F058F058F058E05AE05AE05AD05AD0554
:10534000AD05AC05AC05AB05CB05CB05CA05CA055B
:10535000CA05C905C905C805E805E805E705E70563
:10536000E605E605E605E505E5050406040604068A
:105370000306030602060206010621062106200690
:10538000200620062006200E200E400E4016401655
:10539000401E401E40264026402E602E603660365D
:1053A000603E603E603E60466046604E804E805685
:1053B0008056805E805E80668066806EA06EA0767D
:1053C000A076A07EA07EA086A086A08EC08EC0966D
:1053D000C096C09EC09EC0A6C0AEC0AEE0B6E0B64D
:1053E000E0BEE0BEE0C6E0C6E0CEE0CEE0D600D74C
:1053F00000DFE0DEC0DEA0DE80DE80DE60E640E6CC
:1054000020E600E6E0E5C0E5A0E580E560E540E5F2
:1054100020E500E5E0E4C0E4A0E480E460E440ECE2
:1054200020EC00ECE0EBC0EBA0EB80EB60EB40EBA2
:1054300020EB00EBE0EAC0EAA0EA80EA60EA40EA9A
:1054400020F200F2E0F1C0F1A0F180F160F140F152
:1054500000F1E0F0C0F0A0F080F060F040F020F04B
:105460000000FFFF9F9B96918C86817C77726D6711
:10547000625D58534E48433E39342F29241F1A1574
:10548000100A050000050A10151A1F252A2F3439A5
:105490003F44494E54595E63686E737743554541A6
:1054A0004141414345454549494941414592924F12
:1054B0004F4F5555594F554F9C4F9E9F41494F5502
:1054C000A5A5A6A7A8A9AAABACADAEAFB0B1B2B323
:1054D000B4414141B8B9BABBBCBDBEBFC0C1C2C373
:1054E000C4C54141C8C9CACBCCCDCECFD1D1454529
:1054F0004549494949D9DADBDCDD49DF4FE14F4F06
:105500004F4FE6E8E85555555959EEEFF0F1F2F3F3
:10551000F4F5F6F7F8F9FAFBFCFDFEFF01000400D4
:105520001000400000010002000001000200040021
:105530000800100020000000000000000000F03F04
:10554000000000000000F83F000000000000000024
:105550000000004003B8E23F00000000000000002F
:1055600006D0CF43EBFD4C3E033333333333E33FBD
:10557000FFAB6FDBB66DDB3F4D268F515555D53FE9
:1055800001411DA96074D13F65DBC9934A86CD3FB7
:10559000EF4E454A287ECA3F3E5555555555C53FA5
:1055A00093BDBE166CC166BF2CDE25AF6A56113F97
:1055B000F16BD2C541BDBBBED0A4BE726937663E99
:1055C0000000000000000000E85501080000002075
:1055D000D0010000EE0B0008C8560108D0010020E1
:1055E000909A000038AA0008011805103333733F61
:1055F0001315731B085D041A6D041A99041AD50457
:1056000013E1721B082508131201320216408304AD
:105610002A57260201020301071E040309041A0384
:1056200013ED6A1B08D9041AF9041AFF0413056B59
:105630001B0831041AE90C45DF1901083210194F13
:10564000215324F413617D1408E37C1B08E70881CF
:105650001ABF101AD104C11A41201A31041A510478
:105660001A2104140902202008010104C03209048F
:10567000180A020806500507058102B82C07050123
:10568000070914202240292019070B1C0907201B99
:105690000A0645213A40AC12021A80021B0820017A
:1056A000322203120812622609121B2122F8A3FFDC
:1056B000FF295413F193140861941B083F041A89BD
:0856C000041A090401100000A6
:040000050800018965
:00000001FF
